
                  X               _temp_2     

                0.                 0.         
                7.8026E-06         1.11943E-06
               11.7039E-06         2.28436E-06
               15.6052E-06         3.59355E-06
               23.4078E-06         6.03407E-06
               27.3091E-06         7.03467E-06
               31.2104E-06         7.91544E-06
               35.1117E-06         8.74567E-06
               42.9143E-06        10.5187E-06 
               46.8156E-06        11.5244E-06 
               50.7169E-06        12.5976E-06 
               58.5195E-06        14.7982E-06 
               62.4208E-06        15.8615E-06 
               66.3221E-06        16.884E-06  
               70.2234E-06        17.8776E-06 
               78.026E-06         19.8663E-06 
               81.9274E-06        20.9019E-06 
               85.8287E-06        21.9752E-06 
               93.6313E-06        24.202E-06  
               97.5326E-06        25.3233E-06 
              101.434E-06         26.4316E-06 
              105.335E-06         27.5184E-06 
              113.138E-06         29.6285E-06 
              117.039E-06         30.6595E-06 
              120.94E-06          31.6817E-06 
              128.743E-06         33.7054E-06 
              132.644E-06         34.7068E-06 
              136.546E-06         35.6992E-06 
              140.447E-06         36.6839E-06 
              148.249E-06         38.6303E-06 
              152.151E-06         39.5942E-06 
              156.052E-06         40.5499E-06 
              163.855E-06         42.4248E-06 
              167.756E-06         43.3305E-06 
              171.657E-06         44.2093E-06 
              175.559E-06         45.0571E-06 
              183.361E-06         46.6666E-06 
              187.262E-06         47.4359E-06 
              191.164E-06         48.1926E-06 
              195.065E-06         48.943E-06  
              202.868E-06         50.4498E-06 
              206.769E-06         51.2113E-06 
              210.67E-06          51.9802E-06 
              218.473E-06         53.5267E-06 
              222.374E-06         54.2989E-06 
              226.275E-06         55.0653E-06 
              230.177E-06         55.8258E-06 
              237.979E-06         57.3177E-06 
              241.881E-06         58.0496E-06 
              245.782E-06         58.7721E-06 
              253.584E-06         60.199E-06  
              257.486E-06         60.9036E-06 
              261.387E-06         61.6059E-06 
              265.288E-06         62.305E-06  
              273.091E-06         63.697E-06  
              276.992E-06         64.3868E-06 
              280.894E-06         65.0731E-06 
              288.696E-06         66.4252E-06 
              292.598E-06         67.0898E-06 
              296.499E-06         67.7441E-06 
              300.4E-06           68.3907E-06 
              308.203E-06         69.6528E-06 
              312.104E-06         70.2695E-06 
              316.005E-06         70.8756E-06 
              323.808E-06         72.0636E-06 
              327.709E-06         72.6423E-06 
              331.611E-06         73.2142E-06 
              335.512E-06         73.7777E-06 
              343.315E-06         74.8863E-06 
              347.216E-06         75.4286E-06 
              351.117E-06         75.965E-06  
              355.019E-06         76.4921E-06 
              362.821E-06         77.5147E-06 
              366.722E-06         78.0047E-06 
              370.624E-06         78.4802E-06 
              378.426E-06         79.3736E-06 
              382.328E-06         79.7903E-06 
              386.229E-06         80.1848E-06 
              390.13E-06          80.5603E-06 
              397.933E-06         81.2483E-06 
              401.834E-06         81.5639E-06 
              405.736E-06         81.861E-06  
              413.538E-06         82.4084E-06 
              417.439E-06         82.656E-06  
              421.341E-06         82.8889E-06 
              425.242E-06         83.1047E-06 
              433.045E-06         83.4861E-06 
              436.946E-06         83.6484E-06 
              440.847E-06         83.7939E-06 
              448.65E-06          84.0271E-06 
              452.551E-06         84.1164E-06 
              456.453E-06         84.1865E-06 
              460.354E-06         84.2416E-06 
              468.157E-06         84.3026E-06 
              472.058E-06         84.3123E-06 
              475.959E-06         84.3091E-06 
              483.762E-06         84.2781E-06 
              487.663E-06         84.2502E-06 
              491.564E-06         84.2198E-06 
              495.466E-06         84.1868E-06 
              503.268E-06         84.1262E-06 
              507.17E-06          84.0983E-06 
              511.071E-06         84.0759E-06 
              518.874E-06         84.0393E-06 
              522.775E-06         84.0238E-06 
              526.676E-06         84.0052E-06 
              530.577E-06         83.9845E-06 
              538.38E-06          83.9177E-06 
              542.281E-06         83.8677E-06 
              546.183E-06         83.8024E-06 
              550.084E-06         83.7241E-06 
              557.887E-06         83.5173E-06 
              561.788E-06         83.3908E-06 
              565.689E-06         83.2489E-06 
              573.492E-06         82.9291E-06 
              577.393E-06         82.749E-06  
              581.295E-06         82.5585E-06 
              585.196E-06         82.355E-06  
              592.998E-06         81.9087E-06 
              596.9E-06           81.661E-06  
              600.801E-06         81.3976E-06 
              608.604E-06         80.8113E-06 
              612.505E-06         80.4876E-06 
              616.406E-06         80.1414E-06 
              620.308E-06         79.7759E-06 
              628.11E-06          78.981E-06  
              632.012E-06         78.5544E-06 
              635.913E-06         78.1084E-06 
              643.716E-06         77.1678E-06 
              647.617E-06         76.6705E-06 
              651.518E-06         76.1584E-06 
              655.419E-06         75.6296E-06 
              663.222E-06         74.5272E-06 
              667.123E-06         73.9516E-06 
              671.025E-06         73.3629E-06 
              678.827E-06         72.1435E-06 
              682.729E-06         71.5157E-06 
              686.63E-06          70.8757E-06 
              690.531E-06         70.2274E-06 
              698.334E-06         68.9034E-06 
              702.235E-06         68.2302E-06 
              706.136E-06         67.5492E-06 
              710.038E-06         66.8634E-06 
              717.84E-06          65.471E-06  
              721.742E-06         64.7659E-06 
              725.643E-06         64.0544E-06 
              733.446E-06         62.6184E-06 
              737.347E-06         61.8923E-06 
              741.248E-06         61.1638E-06 
              745.15E-06          60.4319E-06 
              752.952E-06         58.9623E-06 
              756.854E-06         58.2241E-06 
              760.755E-06         57.4859E-06 
              768.557E-06         56.0043E-06 
              772.459E-06         55.2614E-06 
              776.36E-06          54.5155E-06 
              780.261E-06         53.7684E-06 
              788.064E-06         52.2633E-06 
              791.965E-06         51.5053E-06 
              795.867E-06         50.7423E-06 
              803.669E-06         49.2043E-06 
              807.57E-06          48.4259E-06 
              811.472E-06         47.6421E-06 
              815.373E-06         46.851E-06  
              823.176E-06         45.2457E-06 
              827.077E-06         44.4282E-06 
              830.978E-06         43.6008E-06 
              838.781E-06         41.9095E-06 
              842.682E-06         41.0445E-06 
              846.584E-06         40.1651E-06 
              850.485E-06         39.2725E-06 
              858.288E-06         37.4444E-06 
              862.189E-06         36.5099E-06 
              866.09E-06          35.5617E-06 
              873.893E-06         33.6299E-06 
              877.794E-06         32.6455E-06 
              881.695E-06         31.6505E-06 
              885.597E-06         30.6445E-06 
              893.399E-06         28.6034E-06 
              897.301E-06         27.5678E-06 
              901.202E-06         26.5239E-06 
              905.103E-06         25.4713E-06 
              912.906E-06         23.3442E-06 
              916.807E-06         22.2709E-06 
              920.709E-06         21.1933E-06 
              928.511E-06         19.0282E-06 
              932.412E-06         17.9435E-06 
              936.314E-06         16.8585E-06 
              940.215E-06         15.775E-06  
              948.018E-06         13.6142E-06 
              951.919E-06         12.5384E-06 
              955.82E-06          11.466E-06  
              963.623E-06          9.33307E-06
              967.524E-06          8.27216E-06
              971.426E-06          7.21528E-06
              975.327E-06          6.16222E-06
              983.13E-06           4.06801E-06
              987.031E-06          3.02703E-06
              990.932E-06          1.99056E-06
              998.735E-06        -67.888E-09  
                1.00264E-03     -887.344E-09  
                1.00654E-03       -1.25171E-06
                1.01044E-03       -1.20851E-06
                1.01824E-03     -656.762E-09  
                1.02214E-03     -452.54E-09   
                1.02604E-03     -390.078E-09  
                1.03385E-03     -589.033E-09  
                1.03775E-03     -722.459E-09  
                1.04165E-03     -799.687E-09  
                1.04555E-03     -795.902E-09  
                1.05335E-03     -599.021E-09  
                1.05725E-03     -474.492E-09  
                1.06116E-03     -375.615E-09  
                1.06506E-03     -315.819E-09  
                1.07286E-03     -279.084E-09  
                1.07676E-03     -260.003E-09  
                1.08066E-03     -213.515E-09  
                1.08846E-03      -14.132E-09  
                1.09237E-03      124.332E-09  
                1.09627E-03      268.941E-09  
                1.10017E-03      405.105E-09  
                1.10797E-03      619.515E-09  
                1.11187E-03      695.856E-09  
                1.11577E-03      756.534E-09  
                1.12358E-03      847.585E-09  
                1.12748E-03      881.893E-09  
                1.13138E-03      908.513E-09  
                1.13528E-03      926.617E-09  
                1.14308E-03      937.813E-09  
                1.14698E-03      933.453E-09  
                1.15089E-03      924.319E-09  
                1.15869E-03      889.877E-09  
                1.16259E-03      858.888E-09  
                1.16649E-03      812.68E-09   
                1.17039E-03      746.768E-09  
                1.17819E-03      547.45E-09   
                1.1821E-03       417.072E-09  
                1.186E-03        273.04E-09   
                1.1938E-03       -25.4314E-09 
                1.1977E-03      -164.849E-09  
                1.2016E-03      -290.143E-09  
                1.2055E-03      -398.432E-09  
                1.21331E-03     -563.584E-09  
                1.21721E-03     -624.292E-09  
                1.22111E-03     -674.316E-09  
                1.22501E-03     -716.609E-09  
                1.23281E-03     -786.854E-09  
                1.23671E-03     -817.169E-09  
                1.24062E-03     -844.44E-09   
                1.24842E-03     -886.197E-09  
                1.25232E-03     -897.827E-09  
                1.25622E-03     -901.191E-09  
                1.26012E-03     -894.936E-09  
                1.26793E-03     -850.493E-09  
                1.27183E-03     -812.258E-09  
                1.27573E-03     -764.304E-09  
                1.28353E-03     -644.669E-09  
                1.28743E-03     -576.135E-09  
                1.29133E-03     -503.827E-09  
                1.29523E-03     -429.045E-09  
                1.30304E-03     -276.094E-09  
                1.30694E-03     -199.427E-09  
                1.31084E-03     -123.37E-09   
                1.31864E-03       25.4702E-09 
                1.32254E-03       97.8869E-09 
                1.32644E-03      169.002E-09  
                1.33035E-03      239.051E-09  
                1.33815E-03      377.386E-09  
                1.34205E-03      446.315E-09  
                1.34595E-03      515.197E-09  
                1.35375E-03      651.029E-09  
                1.35766E-03      715.999E-09  
                1.36156E-03      777.029E-09  
                1.36546E-03      832.315E-09  
                1.37326E-03      918.37E-09   
                1.37716E-03      946.022E-09  
                1.38106E-03      962.013E-09  
                1.38887E-03      957.876E-09  
                1.39277E-03      938.459E-09  
                1.39667E-03      908.634E-09  
                1.40057E-03      869.576E-09  
                1.40837E-03      768.621E-09  
                1.41227E-03      708.826E-09  
                1.41617E-03      643.822E-09  
                1.42008E-03      574.009E-09  
                1.42788E-03      420.39E-09   
                1.43178E-03      336.455E-09  
                1.43568E-03      247.655E-09  
                1.44348E-03       55.8078E-09 
                1.44739E-03      -46.5601E-09 
                1.45129E-03     -152.385E-09  
                1.45519E-03     -260.76E-09   
                1.46299E-03     -480.613E-09  
                1.46689E-03     -589.445E-09  
                1.47079E-03     -695.568E-09  
                1.4786E-03      -893.002E-09  
                1.4825E-03      -980.651E-09  
                1.4864E-03        -1.05829E-06
                1.4903E-03        -1.12388E-06
                1.4981E-03        -1.211E-06  
                1.502E-03         -1.22914E-06
                1.50591E-03       -1.22872E-06
                1.51371E-03       -1.17095E-06
                1.51761E-03       -1.11473E-06
                1.52151E-03       -1.04226E-06
                1.52541E-03     -955.79E-09   
                1.53321E-03     -751.93E-09   
                1.53712E-03     -640.408E-09  
                1.54102E-03     -526.158E-09  
                1.54882E-03     -297.911E-09  
                1.55272E-03     -186.64E-09   
                1.55662E-03      -78.0691E-09 
                1.56052E-03       27.8489E-09 
                1.56833E-03      233.327E-09  
                1.57223E-03      333.77E-09   
                1.57613E-03      432.927E-09  
                1.58003E-03      530.494E-09  
                1.58783E-03      717.244E-09  
                1.59173E-03      803.527E-09  
                1.59564E-03      882.653E-09  
                1.60344E-03        1.0118E-06 
                1.60734E-03        1.05851E-06
                1.61124E-03        1.09175E-06
                1.61514E-03        1.11097E-06
                1.62294E-03        1.10773E-06
                1.62685E-03        1.08655E-06
                1.63075E-03        1.0537E-06 
                1.63855E-03      957.762E-09  
                1.64245E-03      896.94E-09   
                1.64635E-03      828.833E-09  
                1.65025E-03      754.187E-09  
                1.65806E-03      587.624E-09  
                1.66196E-03      496.749E-09  
                1.66586E-03      401.567E-09  
                1.67366E-03      201.292E-09  
                1.67756E-03       98.1062E-09 
                1.68146E-03       -5.59887E-09
                1.68537E-03     -108.575E-09  
                1.69317E-03     -307.369E-09  
                1.69707E-03     -400.924E-09  
                1.70097E-03     -489.33E-09   
                1.70877E-03     -648.05E-09   
                1.71267E-03     -717.471E-09  
                1.71658E-03     -779.882E-09  
                1.72048E-03     -835.074E-09  
                1.72828E-03     -922.966E-09  
                1.73218E-03     -955.153E-09  
                1.73608E-03     -979.081E-09  
                1.74389E-03       -1.0008E-06 
                1.74779E-03     -998.009E-09  
                1.75169E-03     -985.879E-09  
                1.75559E-03     -964.407E-09  
                1.76339E-03     -894.254E-09  
                1.76729E-03     -846.37E-09   
                1.77119E-03     -790.682E-09  
                1.7751E-03      -727.827E-09  
                1.7829E-03      -583.193E-09  
                1.7868E-03      -502.604E-09  
                1.7907E-03      -417.193E-09  
                1.7985E-03      -233.701E-09  
                1.8024E-03      -136.514E-09  
                1.80631E-03      -36.391E-09  
                1.81021E-03       66.0031E-09 
                1.81801E-03      274.092E-09  
                1.82191E-03      377.562E-09  
                1.82581E-03      478.878E-09  
                1.83362E-03      669.057E-09  
                1.83752E-03      754.855E-09  
                1.84142E-03      832.515E-09  
                1.84532E-03      900.756E-09  
                1.85312E-03        1.00491E-06
                1.85702E-03        1.0394E-06 
                1.86092E-03        1.06161E-06
                1.86873E-03        1.06895E-06
                1.87263E-03        1.05435E-06
                1.87653E-03        1.028E-06  
                1.88043E-03      990.33E-09   
                1.88823E-03      883.169E-09  
                1.89213E-03      814.949E-09  
                1.89604E-03      737.967E-09  
                1.90384E-03      561.397E-09  
                1.90774E-03      463.974E-09  
                1.91164E-03      362.123E-09  
                1.91554E-03      257.236E-09  
                1.92335E-03       44.2783E-09 
                1.92725E-03      -60.796E-09  
                1.93115E-03     -163.021E-09  
                1.93505E-03     -261.108E-09  
                1.94285E-03     -440.603E-09  
                1.94675E-03     -520.409E-09  
                1.95065E-03     -592.887E-09  
                1.95846E-03     -714.96E-09   
                1.96236E-03     -764.479E-09  
                1.96626E-03     -806.428E-09  
                1.97016E-03     -840.928E-09  
                1.97796E-03     -887.922E-09  
                1.98186E-03     -900.426E-09  
                1.98577E-03     -905.473E-09  
                1.99357E-03     -892.409E-09  
                1.99747E-03     -873.834E-09  
                2.00137E-03     -846.962E-09  
                2.00527E-03     -811.692E-09  
                2.01308E-03     -716.288E-09  
                2.01698E-03     -656.788E-09  
                2.02088E-03     -590.196E-09  
                2.02868E-03     -439.298E-09  
                2.03258E-03     -357.206E-09  
                2.03648E-03     -272.362E-09  
                2.04038E-03     -186.092E-09  
                2.04819E-03      -14.4363E-09 
                2.05209E-03       68.6131E-09 
                2.05599E-03      148.507E-09  
                2.06379E-03      296.077E-09  
                2.06769E-03      362.886E-09  
                2.07159E-03      424.779E-09  
                2.0755E-03       481.743E-09  
                2.0833E-03       581.294E-09  
                2.0872E-03       624.159E-09  
                2.0911E-03       662.562E-09  
                2.095E-03        696.519E-09  
                2.10281E-03      750.615E-09  
                2.10671E-03      770.221E-09  
                2.11061E-03      784.334E-09  
                2.11841E-03      794.055E-09  
                2.12231E-03      788.612E-09  
                2.12621E-03      775.659E-09  
                2.13011E-03      754.828E-09  
                2.13792E-03      688.794E-09  
                2.14182E-03      643.663E-09  
                2.14572E-03      590.831E-09  
                2.15352E-03      464.359E-09  
                2.15742E-03      392.297E-09  
                2.16133E-03      315.638E-09  
                2.16523E-03      235.467E-09  
                2.17303E-03       69.158E-09  
                2.17693E-03      -14.7004E-09 
                2.18083E-03      -97.5763E-09 
                2.18863E-03     -256.487E-09  
                2.19254E-03     -330.825E-09  
                2.19644E-03     -400.8E-09    
                2.20034E-03     -465.833E-09  
                2.20814E-03     -579.237E-09  
                2.21204E-03     -626.901E-09  
                2.21594E-03     -668.179E-09  
                2.22375E-03     -730.798E-09  
                2.22765E-03     -751.841E-09  
                2.23155E-03     -765.891E-09  
                2.23545E-03     -772.867E-09  
                2.24325E-03     -765.427E-09  
                2.24715E-03     -751.015E-09  
                2.25106E-03     -729.552E-09  
                2.25886E-03     -666.05E-09   
                2.26276E-03     -624.469E-09  
                2.26666E-03     -576.772E-09  
                2.27056E-03     -523.386E-09  
                2.27836E-03     -401.691E-09  
                2.28227E-03     -334.652E-09  
                2.28617E-03     -264.453E-09  
                2.29007E-03     -191.894E-09  
                2.29787E-03      -43.0932E-09 
                2.30177E-03       31.4009E-09 
                2.30567E-03      104.797E-09  
                2.31348E-03      244.992E-09  
                2.31738E-03      310.27E-09   
                2.32128E-03      371.443E-09  
                2.32518E-03      427.946E-09  
                2.33298E-03      525.161E-09  
                2.33688E-03      565.226E-09  
                2.34079E-03      599.32E-09   
                2.34859E-03      649.265E-09  
                2.35249E-03      665.128E-09  
                2.35639E-03      675.012E-09  
                2.36029E-03      679.04E-09   
                2.36809E-03      670.12E-09   
                2.372E-03        657.496E-09  
                2.3759E-03       639.65E-09   
                2.3837E-03       588.953E-09  
                2.3876E-03       556.434E-09  
                2.3915E-03       519.365E-09  
                2.3954E-03       477.938E-09  
                2.40321E-03      382.904E-09  
                2.40711E-03      329.836E-09  
                2.41101E-03      273.5E-09    
                2.41881E-03      152.646E-09  
                2.42271E-03       89.0794E-09 
                2.42661E-03       24.1485E-09 
                2.43052E-03      -41.5368E-09 
                2.43832E-03     -172.526E-09  
                2.44222E-03     -236.436E-09  
                2.44612E-03     -298.34E-09   
                2.45002E-03     -357.528E-09  
                2.45782E-03     -465.05E-09   
                2.46173E-03     -512.131E-09  
                2.46563E-03     -554.02E-09   
                2.47343E-03     -620.444E-09  
                2.47733E-03     -644.296E-09  
                2.48123E-03     -661.6E-09    
                2.48513E-03     -672.238E-09  
                2.49294E-03     -673.462E-09  
                2.49684E-03     -664.219E-09  
                2.50074E-03     -648.631E-09  
                2.50854E-03     -599.429E-09  
                2.51244E-03     -566.42E-09   
                2.51634E-03     -528.259E-09  
                2.52025E-03     -485.313E-09  
                2.52805E-03     -386.616E-09  
                2.53195E-03     -331.677E-09  
                2.53585E-03     -273.578E-09  
                2.54365E-03     -149.746E-09  
                2.54755E-03      -85.0084E-09 
                2.55146E-03      -19.1142E-09 
                2.55536E-03       47.3415E-09 
                2.56316E-03      179.345E-09  
                2.56706E-03      243.501E-09  
                2.57096E-03      305.449E-09  
                2.57877E-03      419.716E-09  
                2.58267E-03      470.559E-09  
                2.58657E-03      516.279E-09  
                2.59047E-03      556.25E-09   
                2.59827E-03      616.87E-09   
                2.60217E-03      636.735E-09  
                2.60607E-03      649.311E-09  
                2.61388E-03      652.376E-09  
                2.61778E-03      643.067E-09  
                2.62168E-03      626.863E-09  
                2.62558E-03      604.142E-09  
                2.63338E-03      541.066E-09  
                2.63728E-03      501.822E-09  
                2.64119E-03      458.244E-09  
                2.64509E-03      410.955E-09  
                2.65289E-03      307.725E-09  
                2.65679E-03      252.98E-09   
                2.66069E-03      196.905E-09  
                2.6685E-03        82.853E-09  
                2.6724E-03        25.8519E-09 
                2.6763E-03       -30.5238E-09 
                2.6802E-03       -85.8419E-09 
                2.688E-03       -191.644E-09  
                2.6919E-03      -241.324E-09  
                2.6958E-03      -288.336E-09  
                2.70361E-03     -372.86E-09   
                2.70751E-03     -409.671E-09  
                2.71141E-03     -442.423E-09  
                2.71531E-03     -470.841E-09  
                2.72311E-03     -513.807E-09  
                2.72702E-03     -528.059E-09  
                2.73092E-03     -537.392E-09  
                2.73872E-03     -541.399E-09  
                2.74262E-03     -536.274E-09  
                2.74652E-03     -526.623E-09  
                2.75042E-03     -512.674E-09  
                2.75823E-03     -472.945E-09  
                2.76213E-03     -447.739E-09  
                2.76603E-03     -419.358E-09  
                2.77383E-03     -354.165E-09  
                2.77773E-03     -317.842E-09  
                2.78163E-03     -279.317E-09  
                2.78553E-03     -238.77E-09   
                2.79334E-03     -152.238E-09  
                2.79724E-03     -106.547E-09  
                2.80114E-03      -59.4459E-09 
                2.80504E-03      -11.1177E-09 
                2.81284E-03       88.2855E-09 
                2.81675E-03      138.757E-09  
                2.82065E-03      189.232E-09  
                2.82845E-03      288.248E-09  
                2.83235E-03      335.653E-09  
                2.83625E-03      380.807E-09  
                2.84015E-03      423.026E-09  
                2.84796E-03      495.867E-09  
                2.85186E-03      525.135E-09  
                2.85576E-03      548.809E-09  
                2.86356E-03      577.371E-09  
                2.86746E-03      581.53E-09   
                2.87136E-03      578.668E-09  
                2.87526E-03      568.757E-09  
                2.88307E-03      528.404E-09  
                2.88697E-03      498.62E-09   
                2.89087E-03      463.083E-09  
                2.89867E-03      377.308E-09  
                2.90257E-03      328.532E-09  
                2.90648E-03      276.874E-09  
                2.91038E-03      223.131E-09  
                2.91818E-03      112.476E-09  
                2.92208E-03       56.9978E-09 
                2.92598E-03        2.27158E-09
                2.93378E-03     -102.805E-09  
                2.93769E-03     -152.288E-09  
                2.94159E-03     -199.276E-09  
                2.94549E-03     -243.505E-09  
                2.95329E-03     -322.865E-09  
                2.95719E-03     -357.671E-09  
                2.96109E-03     -389.043E-09  
                2.9689E-03      -440.959E-09  
                2.9728E-03      -461.236E-09  
                2.9767E-03      -477.536E-09  
                2.9806E-03      -489.714E-09  
                2.9884E-03      -501.147E-09  
                2.9923E-03      -500.162E-09  
                2.99621E-03     -494.596E-09  
                3.00011E-03     -484.414E-09  
                3.00791E-03     -450.343E-09  
                3.01181E-03     -426.681E-09  
                3.01571E-03     -398.865E-09  
                3.02351E-03     -331.967E-09  
                3.02742E-03     -293.633E-09  
                3.03132E-03     -252.624E-09  
                3.03522E-03     -209.42E-09   
                3.04302E-03     -118.43E-09   
                3.04692E-03      -71.6399E-09 
                3.05082E-03      -24.6229E-09 
                3.05863E-03       68.385E-09  
                3.06253E-03      113.633E-09  
                3.06643E-03      157.632E-09  
                3.07033E-03      200.134E-09  
                3.07813E-03      279.886E-09  
                3.08203E-03      316.85E-09   
                3.08594E-03      351.73E-09   
                3.09374E-03      414.905E-09  
                3.09764E-03      443.049E-09  
                3.10154E-03      468.792E-09  
                3.10544E-03      492.051E-09  
                3.11325E-03      530.746E-09  
                3.11715E-03      545.994E-09  
                3.12105E-03      558.393E-09  
                3.12885E-03      574.419E-09  
                3.13275E-03      578.016E-09  
                3.13665E-03      578.728E-09  
                3.14055E-03      576.676E-09  
                3.14836E-03      565.123E-09  
                3.15226E-03      556.245E-09  
                3.15616E-03      545.853E-09  
                3.16006E-03      534.467E-09  
                3.16786E-03      511.18E-09   
                3.17176E-03      500.685E-09  
                3.17567E-03      491.991E-09  
                3.18347E-03      483.357E-09  
                3.18737E-03      485.158E-09  
                3.19127E-03      492.215E-09  
                3.19517E-03      505.408E-09  
                3.20298E-03      553.635E-09  
                3.20688E-03      590.324E-09  
                3.21078E-03      636.445E-09  
                3.21858E-03      759.903E-09  
                3.22248E-03      838.6E-09    
                3.22638E-03      929.448E-09  
                3.23028E-03        1.03303E-06
                3.23809E-03        1.28052E-06
                3.24199E-03        1.42541E-06
                3.24589E-03        1.585E-06  
                3.25369E-03        1.94986E-06
                3.25759E-03        2.15587E-06
                3.26149E-03        2.37804E-06
                3.2654E-03         2.61667E-06
                3.2732E-03         3.1444E-06 
                3.2771E-03         3.43401E-06
                3.281E-03          3.74107E-06
                3.2888E-03         4.40844E-06
                3.29271E-03        4.76916E-06
                3.29661E-03        5.14819E-06
                3.30051E-03        5.54575E-06
                3.30831E-03        6.39739E-06
                3.31221E-03        6.852E-06  
                3.31611E-03        7.32619E-06
                3.32001E-03        7.82028E-06
                3.32782E-03        8.86963E-06
                3.33172E-03        9.42568E-06
                3.33562E-03       10.0032E-06 
                3.34342E-03       11.2245E-06 
                3.34732E-03       11.8693E-06 
                3.35122E-03       12.5375E-06 
                3.35513E-03       13.2297E-06 
                3.36293E-03       14.6878E-06 
                3.36683E-03       15.4548E-06 
                3.37073E-03       16.2478E-06 
                3.37853E-03       17.9138E-06 
                3.38244E-03       18.7876E-06 
                3.38634E-03       19.6894E-06 
                3.39024E-03       20.6194E-06 
                3.39804E-03       22.566E-06  
                3.40194E-03       23.5833E-06 
                3.40584E-03       24.6304E-06 
                3.41365E-03       26.8154E-06 
                3.41755E-03       27.9538E-06 
                3.42145E-03       29.1231E-06 
                3.42535E-03       30.3235E-06 
                3.43315E-03       32.8185E-06 
                3.43705E-03       34.1133E-06 
                3.44095E-03       35.4396E-06 
                3.44876E-03       38.1872E-06 
                3.45266E-03       39.6083E-06 
                3.45656E-03       41.0608E-06 
                3.46046E-03       42.5445E-06 
                3.46826E-03       45.6044E-06 
                3.47217E-03       47.1799E-06 
                3.47607E-03       48.7852E-06 
                3.48387E-03       52.0831E-06 
                3.48777E-03       53.7743E-06 
                3.49167E-03       55.4926E-06 
                3.49557E-03       57.2373E-06 
                3.50338E-03       60.8015E-06 
                3.50728E-03       62.6187E-06 
                3.51118E-03       64.4578E-06 
                3.51508E-03       66.3172E-06 
                3.52288E-03       70.0912E-06 
                3.52678E-03       72.0025E-06 
                3.53069E-03       73.9277E-06 
                3.53849E-03       77.8124E-06 
                3.54239E-03       79.768E-06  
                3.54629E-03       81.7297E-06 
                3.55019E-03       83.6956E-06 
                3.55799E-03       87.6312E-06 
                3.5619E-03        89.5967E-06 
                3.5658E-03        91.5579E-06 
                3.5736E-03        95.459E-06  
                3.5775E-03        97.3948E-06 
                3.5814E-03        99.3182E-06 
                3.5853E-03       101.227E-06  
                3.59311E-03      104.995E-06  
                3.59701E-03      106.851E-06  
                3.60091E-03      108.685E-06  
                3.60871E-03      112.284E-06  
                3.61261E-03      114.046E-06  
                3.61651E-03      115.782E-06  
                3.62042E-03      117.49E-06   
                3.62822E-03      120.819E-06  
                3.63212E-03      122.438E-06  
                3.63602E-03      124.026E-06  
                3.64382E-03      127.106E-06  
                3.64772E-03      128.597E-06  
                3.65163E-03      130.054E-06  
                3.65553E-03      131.478E-06  
                3.66333E-03      134.224E-06  
                3.66723E-03      135.545E-06  
                3.67113E-03      136.832E-06  
                3.67503E-03      138.085E-06  
                3.68284E-03      140.486E-06  
                3.68674E-03      141.636E-06  
                3.69064E-03      142.751E-06  
                3.69844E-03      144.88E-06   
                3.70234E-03      145.895E-06  
                3.70624E-03      146.876E-06  
                3.71015E-03      147.825E-06  
                3.71795E-03      149.627E-06  
                3.72185E-03      150.481E-06  
                3.72575E-03      151.304E-06  
                3.73355E-03      152.861E-06  
                3.73745E-03      153.596E-06  
                3.74136E-03      154.303E-06  
                3.74526E-03      154.983E-06  
                3.75306E-03      156.262E-06  
                3.75696E-03      156.864E-06  
                3.76086E-03      157.44E-06   
                3.76867E-03      158.523E-06  
                3.77257E-03      159.03E-06   
                3.77647E-03      159.515E-06  
                3.78037E-03      159.978E-06  
                3.78817E-03      160.843E-06  
                3.79207E-03      161.245E-06  
                3.79597E-03      161.628E-06  
                3.80378E-03      162.336E-06  
                3.80768E-03      162.662E-06  
                3.81158E-03      162.97E-06   
                3.81548E-03      163.26E-06   
                3.82328E-03      163.784E-06  
                3.82718E-03      164.02E-06   
                3.83109E-03      164.237E-06  
                3.83889E-03      164.618E-06  
                3.84279E-03      164.781E-06  
                3.84669E-03      164.926E-06  
                3.85059E-03      165.053E-06  
                3.8584E-03       165.25E-06   
                3.8623E-03       165.32E-06   
                3.8662E-03       165.371E-06  
                3.8701E-03       165.403E-06  
                3.8779E-03       165.407E-06  
                3.8818E-03       165.379E-06  
                3.8857E-03       165.331E-06  
                3.89351E-03      165.173E-06  
                3.89741E-03      165.063E-06  
                3.90131E-03      164.931E-06  
                3.90521E-03      164.778E-06  
                3.91301E-03      164.407E-06  
                3.91691E-03      164.188E-06  
                3.92082E-03      163.947E-06  
                3.92862E-03      163.398E-06  
                3.93252E-03      163.09E-06   
                3.93642E-03      162.758E-06  
                3.94032E-03      162.404E-06  
                3.94813E-03      161.625E-06  
                3.95203E-03      161.2E-06    
                3.95593E-03      160.751E-06  
                3.96373E-03      159.781E-06  
                3.96763E-03      159.26E-06   
                3.97153E-03      158.714E-06  
                3.97543E-03      158.144E-06  
                3.98324E-03      156.926E-06  
                3.98714E-03      156.28E-06   
                3.99104E-03      155.607E-06  
                3.99884E-03      154.183E-06  
                4.00274E-03      153.431E-06  
                4.00664E-03      152.652E-06  
                4.01055E-03      151.847E-06  
                4.01835E-03      150.154E-06  
                4.02225E-03      149.267E-06  
                4.02615E-03      148.353E-06  
                4.03005E-03      147.411E-06  
                4.03786E-03      145.446E-06  
                4.04176E-03      144.423E-06  
                4.04566E-03      143.373E-06  
                4.05346E-03      141.193E-06  
                4.05736E-03      140.063E-06  
                4.06126E-03      138.908E-06  
                4.06516E-03      137.727E-06  
                4.07297E-03      135.291E-06  
                4.07687E-03      134.036E-06  
                4.08077E-03      132.757E-06  
                4.08857E-03      130.13E-06   
                4.09247E-03      128.782E-06  
                4.09637E-03      127.414E-06  
                4.10028E-03      126.023E-06  
                4.10808E-03      123.183E-06  
                4.11198E-03      121.733E-06  
                4.11588E-03      120.266E-06  
                4.12368E-03      117.278E-06  
                4.12759E-03      115.76E-06   
                4.13149E-03      114.226E-06  
                4.13539E-03      112.677E-06  
                4.14319E-03      109.54E-06   
                4.14709E-03      107.952E-06  
                4.15099E-03      106.354E-06  
                4.1588E-03       103.125E-06  
                4.1627E-03       101.497E-06  
                4.1666E-03        99.8613E-06 
                4.1705E-03        98.2177E-06 
                4.1783E-03        94.9112E-06 
                4.1822E-03        93.2497E-06 
                4.1861E-03        91.5836E-06 
                4.19001E-03       89.9135E-06 
                4.19781E-03       86.5642E-06 
                4.20171E-03       84.8861E-06 
                4.20561E-03       83.2065E-06 
                4.21341E-03       79.8451E-06 
                4.21732E-03       78.1643E-06 
                4.22122E-03       76.4841E-06 
                4.22512E-03       74.805E-06  
                4.23292E-03       71.4522E-06 
                4.23682E-03       69.7793E-06 
                4.24072E-03       68.1094E-06 
                4.24853E-03       64.7802E-06 
                4.25243E-03       63.1217E-06 
                4.25633E-03       61.4678E-06 
                4.26023E-03       59.819E-06  
                4.26803E-03       56.5379E-06 
                4.27193E-03       54.9065E-06 
                4.27584E-03       53.2816E-06 
                4.28364E-03       50.0531E-06 
                4.28754E-03       48.4503E-06 
                4.29144E-03       46.8558E-06 
                4.29534E-03       45.2699E-06 
                4.30314E-03       42.1259E-06 
                4.30705E-03       40.5689E-06 
                4.31095E-03       39.0225E-06 
                4.31875E-03       35.9642E-06 
                4.32265E-03       34.4536E-06 
                4.32655E-03       32.9562E-06 
                4.33045E-03       31.4727E-06 
                4.33826E-03       28.5508E-06 
                4.34216E-03       27.1141E-06 
                4.34606E-03       25.6947E-06 
                4.35386E-03       22.9115E-06 
                4.35776E-03       21.5497E-06 
                4.36166E-03       20.2092E-06 
                4.36557E-03       18.891E-06  
                4.37337E-03       16.3258E-06 
                4.37727E-03       15.081E-06  
                4.38117E-03       13.8629E-06 
                4.38507E-03       12.6725E-06 
                4.39287E-03       10.3796E-06 
                4.39678E-03        9.27915E-06
                4.40068E-03        8.21078E-06
                4.40848E-03        6.17428E-06
                4.41238E-03        5.20804E-06
                4.41628E-03        4.27764E-06
                4.42018E-03        3.3839E-06 
                4.42799E-03        1.70937E-06
                4.43189E-03      929.875E-09  
                4.43579E-03      189.653E-09  
                4.44359E-03       -1.17121E-06
                4.44749E-03       -1.79115E-06
                4.45139E-03       -2.37046E-06
                4.4553E-03        -2.909E-06  
                4.4631E-03        -3.86369E-06
                4.467E-03         -4.28002E-06
                4.4709E-03        -4.65596E-06
                4.4787E-03        -5.28802E-06
                4.4826E-03        -5.54506E-06
                4.48651E-03       -5.76355E-06
                4.49041E-03       -5.94416E-06
                4.49821E-03       -6.195E-06  
                4.50211E-03       -6.26706E-06
                4.50601E-03       -6.30492E-06
                4.51381E-03       -6.28266E-06
                4.51772E-03       -6.22509E-06
                4.52162E-03       -6.13837E-06
                4.52552E-03       -6.02398E-06
                4.53332E-03       -5.71837E-06
                4.53722E-03       -5.53044E-06
                4.54112E-03       -5.32137E-06
                4.54503E-03       -5.09294E-06
                4.55283E-03       -4.5853E-06 
                4.55673E-03       -4.30982E-06
                4.56063E-03       -4.02244E-06
                4.56843E-03       -3.41958E-06
                4.57233E-03       -3.10789E-06
                4.57624E-03       -2.79186E-06
                4.58014E-03       -2.47333E-06
                4.58794E-03       -1.83591E-06
                4.59184E-03       -1.52044E-06
                4.59574E-03       -1.20929E-06
                4.60355E-03     -606.037E-09  
                4.60745E-03     -316.721E-09  
                4.61135E-03      -37.3166E-09 
                4.61525E-03      231.027E-09  
                4.62305E-03      730.48E-09   
                4.62695E-03      959.84E-09   
                4.63085E-03        1.17465E-06
                4.63866E-03        1.55834E-06
                4.64256E-03        1.72638E-06
                4.64646E-03        1.87817E-06
                4.65036E-03        2.01353E-06
                4.65816E-03        2.23488E-06
                4.66207E-03        2.32101E-06
                4.66597E-03        2.39102E-06
                4.67377E-03        2.4839E-06 
                4.67767E-03        2.50754E-06
                4.68157E-03        2.51658E-06
                4.68547E-03        2.51157E-06
                4.69328E-03        2.46169E-06
                4.69718E-03        2.41809E-06
                4.70108E-03        2.36294E-06
                4.70888E-03        2.22086E-06
                4.71278E-03        2.1354E-06 
                4.71668E-03        2.04133E-06
                4.72058E-03        1.93944E-06
                4.72839E-03        1.7153E-06 
                4.73229E-03        1.59463E-06
                4.73619E-03        1.46929E-06
                4.74009E-03        1.34007E-06
                4.74789E-03        1.07317E-06
                4.75179E-03      937.058E-09  
                4.7557E-03       800.203E-09  
                4.7635E-03       527.295E-09  
                4.7674E-03       392.716E-09  
                4.7713E-03       260.338E-09  
                4.7752E-03       130.843E-09  
                4.78301E-03     -116.915E-09  
                4.78691E-03     -233.97E-09   
                4.79081E-03     -345.736E-09  
                4.79861E-03     -551.445E-09  
                4.80251E-03     -644.532E-09  
                4.80641E-03     -730.626E-09  
                4.81031E-03     -809.436E-09  
                4.81812E-03     -944.336E-09  
                4.82202E-03       -1.00014E-06
                4.82592E-03       -1.0481E-06 
                4.83372E-03       -1.12058E-06
                4.83762E-03       -1.14529E-06
                4.84153E-03       -1.16253E-06
                4.84543E-03       -1.17254E-06
                4.85323E-03       -1.17197E-06
                4.85713E-03       -1.16206E-06
                4.86103E-03       -1.1462E-06 
                4.86883E-03       -1.0983E-06 
                4.87274E-03       -1.06708E-06
                4.87664E-03       -1.03159E-06
                4.88054E-03     -992.245E-09  
                4.88834E-03     -903.68E-09   
                4.89224E-03     -855.26E-09   
                4.89614E-03     -804.589E-09  
                4.90004E-03     -752.023E-09  
                4.90785E-03     -642.515E-09  
                4.91175E-03     -586.168E-09  
                4.91565E-03     -529.118E-09  
                4.92345E-03     -413.841E-09  
                4.92735E-03     -356.033E-09  
                4.93126E-03     -298.359E-09  
                4.93516E-03     -240.986E-09  
                4.94296E-03     -127.753E-09  
                4.94686E-03      -72.1767E-09 
                4.95076E-03      -17.4731E-09 
                4.95856E-03       88.7903E-09 
                4.96247E-03      140.087E-09  
                4.96637E-03      189.98E-09   
                4.97027E-03      238.334E-09  
                4.97807E-03      329.845E-09  
                4.98197E-03      372.709E-09  
                4.98587E-03      413.443E-09  
                4.99368E-03      487.909E-09  
                4.99758E-03      521.335E-09  
                5.00148E-03      552.024E-09  
                5.00538E-03      579.833E-09  
                5.01318E-03      626.279E-09  
                5.01708E-03      644.676E-09  
                5.02099E-03      659.715E-09  
                5.02879E-03      679.398E-09  
                5.03269E-03      683.923E-09  
                5.03659E-03      684.858E-09  
                5.04049E-03      682.192E-09  
                5.04829E-03      666.128E-09  
                5.0522E-03       652.82E-09   
                5.0561E-03       636.089E-09  
                5.0639E-03       592.775E-09  
                5.0678E-03       566.449E-09  
                5.0717E-03       537.215E-09  
                5.0756E-03       505.245E-09  
                5.08341E-03      433.871E-09  
                5.08731E-03      394.887E-09  
                5.09121E-03      354.003E-09  
                5.09511E-03      311.453E-09  
                5.10291E-03      222.33E-09   
                5.10681E-03      176.252E-09  
                5.11072E-03      129.5E-09    
                5.11852E-03       34.9784E-09 
                5.12242E-03      -12.2907E-09 
                5.12632E-03      -59.2365E-09 
                5.13022E-03     -105.617E-09  
                5.13802E-03     -195.744E-09  
                5.14193E-03     -239.034E-09  
                5.14583E-03     -280.85E-09   
                5.15363E-03     -359.223E-09  
                5.15753E-03     -395.383E-09  
                5.16143E-03     -429.272E-09  
                5.16533E-03     -460.715E-09  
                5.17314E-03     -515.596E-09  
                5.17704E-03     -538.729E-09  
                5.18094E-03     -558.803E-09  
                5.18874E-03     -589.292E-09  
                5.19264E-03     -599.499E-09  
                5.19654E-03     -606.231E-09  
                5.20045E-03     -609.423E-09  
                5.20825E-03     -605.008E-09  
                5.21215E-03     -597.358E-09  
                5.21605E-03     -586.084E-09  
                5.22385E-03     -552.806E-09  
                5.22775E-03     -530.928E-09  
                5.23166E-03     -505.679E-09  
                5.23556E-03     -477.181E-09  
                5.24336E-03     -411.032E-09  
                5.24726E-03     -373.738E-09  
                5.25116E-03     -333.908E-09  
                5.25506E-03     -291.775E-09  
                5.26287E-03     -201.631E-09  
                5.26677E-03     -154.183E-09  
                5.27067E-03     -105.553E-09  
                5.27847E-03       -6.0361E-09 
                5.28237E-03       44.1803E-09 
                5.28627E-03       94.2419E-09 
                5.29018E-03      143.798E-09  
                5.29798E-03      239.984E-09  
                5.30188E-03      285.916E-09  
                5.30578E-03      329.951E-09  
                5.31358E-03      411.022E-09  
                5.31748E-03      447.437E-09  
                5.32139E-03      480.722E-09  
                5.32529E-03      510.611E-09  
                5.33309E-03      559.274E-09  
                5.33699E-03      577.647E-09  
                5.34089E-03      591.83E-09   
                5.3487E-03       607.161E-09  
                5.3526E-03       608.162E-09  
                5.3565E-03       604.678E-09  
                5.3604E-03       596.724E-09  
                5.3682E-03       567.64E-09   
                5.3721E-03       546.717E-09  
                5.376E-03        521.735E-09  
                5.38381E-03      460.381E-09  
                5.38771E-03      424.479E-09  
                5.39161E-03      385.454E-09  
                5.39551E-03      343.608E-09  
                5.40331E-03      252.777E-09  
                5.40722E-03      204.497E-09  
                5.41112E-03      154.802E-09  
                5.41502E-03      104.078E-09  
                5.42282E-03        1.10736E-09
                5.42672E-03      -50.3504E-09 
                5.43062E-03     -101.268E-09  
                5.43843E-03     -199.957E-09  
                5.44233E-03     -246.993E-09  
                5.44623E-03     -292.026E-09  
                5.45013E-03     -334.726E-09  
                5.45793E-03     -411.927E-09  
                5.46183E-03     -445.882E-09  
                5.46573E-03     -476.419E-09  
                5.47354E-03     -526.434E-09  
                5.47744E-03     -545.581E-09  
                5.48134E-03     -560.648E-09  
                5.48524E-03     -571.542E-09  
                5.49304E-03     -580.585E-09  
                5.49695E-03     -578.695E-09  
                5.50085E-03     -572.551E-09  
                5.50865E-03     -547.736E-09  
                5.51255E-03     -529.252E-09  
                5.51645E-03     -506.884E-09  
                5.52035E-03     -480.792E-09  
                5.52816E-03     -418.199E-09  
                5.53206E-03     -382.138E-09  
                5.53596E-03     -343.234E-09  
                5.54376E-03     -258.029E-09  
                5.54766E-03     -212.343E-09  
                5.55156E-03     -165.045E-09  
                5.55546E-03     -116.486E-09  
                5.56327E-03      -17.0712E-09 
                5.56717E-03       33.0145E-09 
                5.57107E-03       82.8247E-09 
                5.57887E-03      180.009E-09  
                5.58277E-03      226.58E-09   
                5.58668E-03      271.276E-09  
                5.59058E-03      313.714E-09  
                5.59838E-03      390.356E-09  
                5.60228E-03      423.883E-09  
                5.60618E-03      453.805E-09  
                5.61008E-03      479.853E-09  
                5.61789E-03      519.427E-09  
                5.62179E-03      532.6E-09    
                5.62569E-03      541.2E-09    
                5.63349E-03      544.453E-09  
                5.63739E-03      539.111E-09  
                5.64129E-03      529.201E-09  
                5.6452E-03       514.841E-09  
                5.653E-03        473.454E-09  
                5.6569E-03       446.869E-09  
                5.6608E-03       416.715E-09  
                5.6686E-03       346.955E-09  
                5.6725E-03       308.044E-09  
                5.67641E-03      266.942E-09  
                5.68031E-03      224.039E-09  
                5.68811E-03      134.429E-09  
                5.69201E-03       88.5276E-09 
                5.69591E-03       42.4265E-09 
                5.70371E-03      -48.8323E-09 
                5.70762E-03      -93.2531E-09 
                5.71152E-03     -136.405E-09  
                5.71542E-03     -177.967E-09  
                5.72322E-03     -255.142E-09  
                5.72712E-03     -290.228E-09  
                5.73102E-03     -322.67E-09   
                5.73883E-03     -378.84E-09   
                5.74273E-03     -402.244E-09  
                5.74663E-03     -422.35E-09   
                5.75053E-03     -439.059E-09  
                5.75833E-03     -461.997E-09  
                5.76223E-03     -468.141E-09  
                5.76614E-03     -470.715E-09  
                5.77004E-03     -469.733E-09  
                5.77784E-03     -457.256E-09  
                5.78174E-03     -445.892E-09  
                5.78564E-03     -431.232E-09  
                5.79344E-03     -392.516E-09  
                5.79735E-03     -368.756E-09  
                5.80125E-03     -342.289E-09  
                5.80515E-03     -313.314E-09  
                5.81295E-03     -248.721E-09  
                5.81685E-03     -213.588E-09  
                5.82075E-03     -176.915E-09  
                5.82856E-03     -100.092E-09  
                5.83246E-03      -60.542E-09  
                5.83636E-03      -20.6505E-09 
                5.84026E-03       19.2617E-09 
                5.84806E-03       97.8485E-09 
                5.85196E-03      135.874E-09  
                5.85587E-03      172.629E-09  
                5.86367E-03      241.101E-09  
                5.86757E-03      272.237E-09  
                5.87147E-03      300.947E-09  
                5.87537E-03      326.987E-09  
                5.88317E-03      370.198E-09  
                5.88708E-03      387.007E-09  
                5.89098E-03      400.426E-09  
                5.89878E-03      416.7E-09    
                5.90268E-03      419.441E-09  
                5.90658E-03      418.564E-09  
                5.91048E-03      414.095E-09  
                5.91829E-03      394.65E-09   
                5.92219E-03      379.886E-09  
                5.92609E-03      361.955E-09  
                5.93389E-03      317.326E-09  
                5.93779E-03      291.062E-09  
                5.94169E-03      262.488E-09  
                5.9456E-03       231.872E-09  
                5.9534E-03       165.653E-09  
                5.9573E-03       130.649E-09  
                5.9612E-03        94.7939E-09 
                5.9651E-03        58.404E-09  
                5.97291E-03      -14.7174E-09 
                5.97681E-03      -50.8238E-09 
                5.98071E-03      -86.2203E-09 
                5.98851E-03     -153.718E-09  
                5.99241E-03     -185.268E-09  
                5.99631E-03     -215.011E-09  
                6.00021E-03     -242.71E-09   
                6.00802E-03     -291.14E-09   
                6.01192E-03     -311.504E-09  
                6.01582E-03     -329.097E-09  
                6.02362E-03     -355.497E-09  
                6.02752E-03     -364.135E-09  
                6.03142E-03     -369.663E-09  
                6.03533E-03     -372.06E-09   
                6.04313E-03     -367.524E-09  
                6.04703E-03     -360.684E-09  
                6.05093E-03     -350.901E-09  
                6.05873E-03     -322.961E-09  
                6.06264E-03     -305.091E-09  
                6.06654E-03     -284.846E-09  
                6.07044E-03     -262.419E-09  
                6.07824E-03     -211.865E-09  
                6.08214E-03     -184.2E-09    
                6.08604E-03     -155.268E-09  
                6.09385E-03      -94.6279E-09 
                6.09775E-03      -63.4461E-09 
                6.10165E-03      -32.0436E-09 
                6.10555E-03     -685.589E-12  
                6.11335E-03       60.8552E-09 
                6.11725E-03       90.5322E-09 
                6.12115E-03      119.157E-09  
                6.12506E-03      146.501E-09  
                6.13286E-03      196.496E-09  
                6.13676E-03      218.76E-09   
                6.14066E-03      238.969E-09  
                6.14846E-03      272.64E-09   
                6.15237E-03      285.858E-09  
                6.15627E-03      296.535E-09  
                6.16017E-03      304.6E-09    
                6.16797E-03      312.72E-09   
                6.17187E-03      312.741E-09  
                6.17577E-03      310.082E-09  
                6.18358E-03      296.897E-09  
                6.18748E-03      286.509E-09  
                6.19138E-03      273.716E-09  
                6.19528E-03      258.637E-09  
                6.20308E-03      222.196E-09  
                6.20698E-03      201.162E-09  
                6.21089E-03      178.499E-09  
                6.21869E-03      129.113E-09  
                6.22259E-03      102.833E-09  
                6.22649E-03       75.808E-09  
                6.23039E-03       48.2819E-09 
                6.23819E-03       -7.2693E-09 
                6.2421E-03       -34.7863E-09 
                6.246E-03        -61.7926E-09 
                6.2538E-03      -113.279E-09  
                6.2577E-03      -137.28E-09   
                6.2616E-03      -159.816E-09  
                6.2655E-03      -180.675E-09  
                6.27331E-03     -216.595E-09  
                6.27721E-03     -231.318E-09  
                6.28111E-03     -243.691E-09  
                6.28501E-03     -253.601E-09  
                6.29281E-03     -265.687E-09  
                6.29671E-03     -267.757E-09  
                6.30062E-03     -267.15E-09   
                6.30842E-03     -257.981E-09  
                6.31232E-03     -249.518E-09  
                6.31622E-03     -238.576E-09  
                6.32012E-03     -225.263E-09  
                6.32792E-03     -192.062E-09  
                6.33183E-03     -172.485E-09  
                6.33573E-03     -151.156E-09  
                6.34353E-03     -104.008E-09  
                6.34743E-03      -78.5873E-09 
                6.35133E-03      -52.2091E-09 
                6.35523E-03      -25.0773E-09 
                6.36304E-03       30.648E-09  
                6.36694E-03       58.8596E-09 
                6.37084E-03       87.0655E-09 
                6.37864E-03      142.823E-09  
                6.38254E-03      170.094E-09  
                6.38644E-03      196.801E-09  
                6.39035E-03      222.847E-09  
                6.39815E-03      272.667E-09  
                6.40205E-03      296.342E-09  
                6.40595E-03      319.161E-09  
                6.41375E-03      362.239E-09  
                6.41765E-03      382.549E-09  
                6.42156E-03      402.1E-09    
                6.42546E-03      420.958E-09  
                6.43326E-03      456.929E-09  
                6.43716E-03      474.243E-09  
                6.44106E-03      491.265E-09  
                6.44886E-03      524.967E-09  
                6.45277E-03      541.944E-09  
                6.45667E-03      559.22E-09   
                6.46057E-03      576.97E-09   
                6.46837E-03      614.649E-09  
                6.47227E-03      634.982E-09  
                6.47617E-03      656.6E-09    
                6.48008E-03      679.733E-09  
                6.48788E-03      731.535E-09  
                6.49178E-03      760.725E-09  
                6.49568E-03      792.479E-09  
                6.50348E-03      864.854E-09  
                6.50738E-03      906.094E-09  
                6.51129E-03      951.133E-09  
                6.51519E-03        1.0003E-06 
                6.52299E-03        1.11242E-06
                6.52689E-03        1.17607E-06
                6.53079E-03        1.24525E-06
                6.5386E-03         1.40166E-06
                6.5425E-03         1.48959E-06
                6.5464E-03         1.58447E-06
                6.5503E-03         1.68666E-06
                6.5581E-03         1.91423E-06
                6.562E-03          2.04027E-06
                6.5659E-03         2.17486E-06
                6.57371E-03        2.47087E-06
                6.57761E-03        2.63281E-06
                6.58151E-03        2.80436E-06
                6.58541E-03        2.98575E-06
                6.59321E-03        3.37887E-06
                6.59711E-03        3.59099E-06
                6.60102E-03        3.81372E-06
                6.60882E-03        4.29171E-06
                6.61272E-03        4.54729E-06
                6.61662E-03        4.81414E-06
                6.62052E-03        5.09244E-06
                6.62832E-03        5.68404E-06
                6.63223E-03        5.9977E-06 
                6.63613E-03        6.32353E-06
                6.64003E-03        6.66173E-06
                6.64783E-03        7.37617E-06
                6.65173E-03        7.7529E-06 
                6.65563E-03        8.143E-06  
                6.66344E-03        8.96448E-06
                6.66734E-03        9.39649E-06
                6.67124E-03        9.84314E-06
                6.67514E-03       10.3048E-06 
                6.68294E-03       11.2745E-06 
                6.68684E-03       11.7833E-06 
                6.69075E-03       12.3087E-06 
                6.69855E-03       13.4106E-06 
                6.70245E-03       13.988E-06  
                6.70635E-03       14.5835E-06 
                6.71025E-03       15.1976E-06 
                6.71806E-03       16.4831E-06 
                6.72196E-03       17.1552E-06 
                6.72586E-03       17.8476E-06 
                6.73366E-03       19.2942E-06 
                6.73756E-03       20.0492E-06 
                6.74146E-03       20.8257E-06 
                6.74536E-03       21.6242E-06 
                6.75317E-03       23.288E-06  
                6.75707E-03       24.154E-06  
                6.76097E-03       25.043E-06  
                6.76877E-03       26.8912E-06 
                6.77267E-03       27.8508E-06 
                6.77658E-03       28.8343E-06 
                6.78048E-03       29.8419E-06 
                6.78828E-03       31.9299E-06 
                6.79218E-03       33.0105E-06 
                6.79608E-03       34.1156E-06 
                6.80388E-03       36.3993E-06 
                6.80779E-03       37.578E-06  
                6.81169E-03       38.781E-06  
                6.81559E-03       40.0084E-06 
                6.82339E-03       42.5354E-06 
                6.82729E-03       43.8347E-06 
                6.83119E-03       45.1574E-06 
                6.83509E-03       46.5032E-06 
                6.8429E-03        49.2629E-06 
                6.8468E-03        50.6758E-06 
                6.8507E-03        52.1102E-06 
                6.8585E-03        55.0411E-06 
                6.8624E-03        56.5364E-06 
                6.86631E-03       58.0507E-06 
                6.87021E-03       59.5833E-06 
                6.87801E-03       62.7004E-06 
                6.88191E-03       64.2834E-06 
                6.88581E-03       65.8815E-06 
                6.89361E-03       69.1197E-06 
                6.89752E-03       70.7579E-06 
                6.90142E-03       72.4077E-06 
                6.90532E-03       74.068E-06  
                6.91312E-03       77.4165E-06 
                6.91702E-03       79.1027E-06 
                6.92092E-03       80.7954E-06 
                6.92873E-03       84.1966E-06 
                6.93263E-03       85.903E-06  
                6.93653E-03       87.612E-06  
                6.94043E-03       89.3223E-06 
                6.94823E-03       92.7433E-06 
                6.95213E-03       94.4518E-06 
                6.95604E-03       96.1577E-06 
                6.96384E-03       99.5572E-06 
                6.96774E-03      101.249E-06  
                6.97164E-03      102.934E-06  
                6.97554E-03      104.611E-06  
                6.98334E-03      107.938E-06  
                6.98725E-03      109.586E-06  
                6.99115E-03      111.222E-06  
                6.99505E-03      112.845E-06  
                7.00285E-03      116.051E-06  
                7.00675E-03      117.631E-06  
                7.01065E-03      119.194E-06  
                7.01846E-03      122.269E-06  
                7.02236E-03      123.778E-06  
                7.02626E-03      125.268E-06  
                7.03016E-03      126.737E-06  
                7.03796E-03      129.61E-06   
                7.04186E-03      131.012E-06  
                7.04577E-03      132.391E-06  
                7.05357E-03      135.074E-06  
                7.05747E-03      136.378E-06  
                7.06137E-03      137.655E-06  
                7.06527E-03      138.905E-06  
                7.07307E-03      141.322E-06  
                7.07698E-03      142.488E-06  
                7.08088E-03      143.625E-06  
                7.08868E-03      145.81E-06   
                7.09258E-03      146.856E-06  
                7.09648E-03      147.872E-06  
                7.10038E-03      148.857E-06  
                7.10819E-03      150.733E-06  
                7.11209E-03      151.623E-06  
                7.11599E-03      152.481E-06  
                7.12379E-03      154.1E-06    
                7.12769E-03      154.861E-06  
                7.13159E-03      155.59E-06   
                7.1355E-03       156.286E-06  
                7.1433E-03       157.581E-06  
                7.1472E-03       158.18E-06   
                7.1511E-03       158.746E-06  
                7.155E-03        159.281E-06  
                7.1628E-03       160.255E-06  
                7.16671E-03      160.694E-06  
                7.17061E-03      161.103E-06  
                7.17841E-03      161.827E-06  
                7.18231E-03      162.144E-06  
                7.18621E-03      162.43E-06   
                7.19011E-03      162.688E-06  
                7.19792E-03      163.115E-06  
                7.20182E-03      163.285E-06  
                7.20572E-03      163.428E-06  
                7.21352E-03      163.631E-06  
                7.21742E-03      163.693E-06  
                7.22132E-03      163.728E-06  
                7.22523E-03      163.737E-06  
                7.23303E-03      163.681E-06  
                7.23693E-03      163.616E-06  
                7.24083E-03      163.528E-06  
                7.24863E-03      163.281E-06  
                7.25253E-03      163.124E-06  
                7.25644E-03      162.945E-06  
                7.26034E-03      162.745E-06  
                7.26814E-03      162.282E-06  
                7.27204E-03      162.02E-06   
                7.27594E-03      161.738E-06  
                7.28375E-03      161.117E-06  
                7.28765E-03      160.779E-06  
                7.29155E-03      160.423E-06  
                7.29545E-03      160.048E-06  
                7.30325E-03      159.246E-06  
                7.30715E-03      158.82E-06   
                7.31105E-03      158.376E-06  
                7.31886E-03      157.437E-06  
                7.32276E-03      156.943E-06  
                7.32666E-03      156.432E-06  
                7.33056E-03      155.905E-06  
                7.33836E-03      154.799E-06  
                7.34227E-03      154.221E-06  
                7.34617E-03      153.626E-06  
                7.35007E-03      153.014E-06  
                7.35787E-03      151.738E-06  
                7.36177E-03      151.074E-06  
                7.36567E-03      150.392E-06  
                7.37348E-03      148.973E-06  
                7.37738E-03      148.236E-06  
                7.38128E-03      147.481E-06  
                7.38518E-03      146.706E-06  
                7.39298E-03      145.1E-06    
                7.39688E-03      144.267E-06  
                7.40078E-03      143.414E-06  
                7.40859E-03      141.649E-06  
                7.41249E-03      140.736E-06  
                7.41639E-03      139.802E-06  
                7.42029E-03      138.848E-06  
                7.42809E-03      136.876E-06  
                7.43199E-03      135.859E-06  
                7.4359E-03       134.821E-06  
                7.4437E-03       132.681E-06  
                7.4476E-03       131.579E-06  
                7.4515E-03       130.456E-06  
                7.4554E-03       129.312E-06  
                7.46321E-03      126.961E-06  
                7.46711E-03      125.754E-06  
                7.47101E-03      124.526E-06  
                7.47881E-03      122.009E-06  
                7.48271E-03      120.719E-06  
                7.48661E-03      119.41E-06   
                7.49051E-03      118.082E-06  
                7.49832E-03      115.366E-06  
                7.50222E-03      113.98E-06   
                7.50612E-03      112.576E-06  
                7.51002E-03      111.154E-06  
                7.51782E-03      108.259E-06  
                7.52173E-03      106.787E-06  
                7.52563E-03      105.3E-06    
                7.53343E-03      102.28E-06   
                7.53733E-03      100.749E-06  
                7.54123E-03       99.2053E-06 
                7.54513E-03       97.6494E-06 
                7.55294E-03       94.5042E-06 
                7.55684E-03       92.9164E-06 
                7.56074E-03       91.3196E-06 
                7.56854E-03       88.1022E-06 
                7.57244E-03       86.4834E-06 
                7.57634E-03       84.8589E-06 
                7.58025E-03       83.2296E-06 
                7.58805E-03       79.9603E-06 
                7.59195E-03       78.3219E-06 
                7.59585E-03       76.6821E-06 
                7.60365E-03       73.402E-06  
                7.60755E-03       71.7633E-06 
                7.61146E-03       70.1266E-06 
                7.61536E-03       68.4927E-06 
                7.62316E-03       65.2364E-06 
                7.62706E-03       63.6155E-06 
                7.63096E-03       62.0006E-06 
                7.63876E-03       58.7916E-06 
                7.64267E-03       57.1989E-06 
                7.64657E-03       55.6151E-06 
                7.65047E-03       54.0408E-06 
                7.65827E-03       50.9237E-06 
                7.66217E-03       49.3823E-06 
                7.66607E-03       47.8532E-06 
                7.67388E-03       44.8344E-06 
                7.67778E-03       43.3461E-06 
                7.68168E-03       41.8726E-06 
                7.68558E-03       40.4146E-06 
                7.69338E-03       37.5474E-06 
                7.69728E-03       36.1394E-06 
                7.70119E-03       34.7492E-06 
                7.70509E-03       33.3773E-06 
                7.71289E-03       30.6905E-06 
                7.71679E-03       29.3767E-06 
                7.72069E-03       28.0832E-06 
                7.72849E-03       25.559E-06  
                7.7324E-03        24.3291E-06 
                7.7363E-03        23.1213E-06 
                7.7402E-03        21.9359E-06 
                7.748E-03         19.6337E-06 
                7.7519E-03        18.5175E-06 
                7.7558E-03        17.4251E-06 
                7.76361E-03       15.3126E-06 
                7.76751E-03       14.293E-06  
                7.77141E-03       13.2981E-06 
                7.77531E-03       12.3281E-06 
                7.78311E-03       10.4638E-06 
                7.78701E-03        9.56976E-06
                7.79092E-03        8.70132E-06
                7.79872E-03        7.04177E-06
                7.80262E-03        6.25086E-06
                7.80652E-03        5.48597E-06
                7.81042E-03        4.74717E-06
                7.81822E-03        3.348E-06  
                7.82213E-03        2.68769E-06
                7.82603E-03        2.05356E-06
                7.83383E-03      863.787E-09  
                7.83773E-03      308.055E-09  
                7.84163E-03     -221.66E-09   
                7.84553E-03     -725.446E-09  
                7.85334E-03       -1.65568E-06
                7.85724E-03       -2.0824E-06 
                7.86114E-03       -2.48374E-06
                7.86504E-03       -2.85989E-06
                7.87284E-03       -3.5375E-06 
                7.87674E-03       -3.83945E-06
                7.88065E-03       -4.11719E-06
                7.88845E-03       -4.60129E-06
                7.89235E-03       -4.80833E-06
                7.89625E-03       -4.99251E-06
                7.90015E-03       -5.15425E-06
                7.90796E-03       -5.41206E-06
                7.91186E-03       -5.50906E-06
                7.91576E-03       -5.58542E-06
                7.92356E-03       -5.67834E-06
                7.92746E-03       -5.69598E-06
                7.93136E-03       -5.69517E-06
                7.93526E-03       -5.6765E-06 
                7.94307E-03       -5.58806E-06
                7.94697E-03       -5.51957E-06
                7.95087E-03       -5.43578E-06
                7.95867E-03       -5.22501E-06
                7.96257E-03       -5.09943E-06
                7.96647E-03       -4.96134E-06
                7.97038E-03       -4.81145E-06
                7.97818E-03       -4.47922E-06
                7.98208E-03       -4.29838E-06
                7.98598E-03       -4.10871E-06
                7.99378E-03       -3.70595E-06
                7.99768E-03       -3.49438E-06
                8.00159E-03       -3.27703E-06
                8.00549E-03       -3.05467E-06
                8.01329E-03       -2.59801E-06
                8.01719E-03       -2.36522E-06
                8.02109E-03       -2.13049E-06
                8.0289E-03        -1.6582E-06 
                8.0328E-03        -1.42214E-06
                8.0367E-03        -1.18713E-06
                8.0406E-03      -953.887E-09  
                8.0484E-03      -495.594E-09  
                8.0523E-03      -271.94E-09   
                8.0562E-03       -52.8567E-09 
                8.06011E-03      160.997E-09  
                8.06791E-03      570.483E-09  
                8.07181E-03      764.906E-09  
                8.07571E-03      951.685E-09  
                8.08351E-03        1.3002E-06 
                8.08742E-03        1.46096E-06
                8.09132E-03        1.61213E-06
                8.09522E-03        1.75331E-06
                8.10302E-03        2.00433E-06
                8.10692E-03        2.11357E-06
                8.11082E-03        2.21165E-06
                8.11863E-03        2.37365E-06
                8.12253E-03        2.43734E-06
                8.12643E-03        2.48941E-06
                8.13033E-03        2.52989E-06
                8.13813E-03        2.57627E-06
                8.14203E-03        2.58243E-06
                8.14594E-03        2.57746E-06
                8.15374E-03        2.5351E-06 
                8.15764E-03        2.4983E-06 
                8.16154E-03        2.45153E-06
                8.16544E-03        2.39517E-06
                8.17324E-03        2.25536E-06
                8.17715E-03        2.17283E-06
                8.18105E-03        2.08254E-06
                8.18885E-03        1.88073E-06
                8.19275E-03        1.77032E-06
                8.19665E-03        1.65432E-06
                8.20055E-03        1.53333E-06
                8.20836E-03        1.27872E-06
                8.21226E-03        1.14633E-06
                8.21616E-03        1.01137E-06
                8.22006E-03      874.445E-09  
                8.22786E-03      597.213E-09  
                8.23176E-03      458.136E-09  
                8.23567E-03      319.566E-09  
                8.24347E-03       46.3518E-09 
                8.24737E-03      -87.1151E-09 
                8.25127E-03     -217.724E-09  
                8.25517E-03     -344.921E-09  
                8.26297E-03     -586.951E-09  
                8.26688E-03     -700.773E-09  
                8.27078E-03     -809.163E-09  
                8.27858E-03       -1.00791E-06
                8.28248E-03       -1.09747E-06
                8.28638E-03       -1.18002E-06
                8.29028E-03       -1.25524E-06
                8.29809E-03       -1.38265E-06
                8.30199E-03       -1.43442E-06
                8.30589E-03       -1.47801E-06
                8.31369E-03       -1.54032E-06
                8.31759E-03       -1.55896E-06
                8.32149E-03       -1.5693E-06 
                8.3254E-03        -1.57139E-06
                8.3332E-03        -1.55142E-06
                8.3371E-03        -1.52972E-06
                8.341E-03         -1.50054E-06
                8.3488E-03        -1.42092E-06
                8.3527E-03        -1.37116E-06
                8.35661E-03       -1.31528E-06
                8.36051E-03       -1.25369E-06
                8.36831E-03       -1.11519E-06
                8.37221E-03       -1.03923E-06
                8.37611E-03     -959.44E-09   
                8.38001E-03     -876.335E-09  
                8.38782E-03     -702.233E-09  
                8.39172E-03     -612.27E-09   
                8.39562E-03     -521.053E-09  
                8.40342E-03     -336.883E-09  
                8.40732E-03     -244.921E-09  
                8.41122E-03     -153.68E-09   
                8.41512E-03      -63.6219E-09 
                8.42293E-03      111.195E-09  
                8.42683E-03      195.126E-09  
                8.43073E-03      276.223E-09  
                8.43853E-03      428.507E-09  
                8.44243E-03      499.05E-09   
                8.44634E-03      565.475E-09  
                8.45024E-03      627.522E-09  
                8.45804E-03      737.587E-09  
                8.46194E-03      785.223E-09  
                8.46584E-03      827.718E-09  
                8.47365E-03      896.821E-09  
                8.47755E-03      923.265E-09  
                8.48145E-03      944.24E-09   
                8.48535E-03      959.733E-09  
                8.49315E-03      974.354E-09  
                8.49705E-03      973.59E-09   
                8.50095E-03      967.558E-09  
                8.50876E-03      940.194E-09  
                8.51266E-03      919.177E-09  
                8.51656E-03      893.517E-09  
                8.52046E-03      863.43E-09   
                8.52826E-03      790.946E-09  
                8.53216E-03      749.082E-09  
                8.53607E-03      703.855E-09  
                8.54387E-03      604.56E-09   
                8.54777E-03      551.15E-09   
                8.55167E-03      495.685E-09  
                8.55557E-03      438.517E-09  
                8.56338E-03      320.497E-09  
                8.56728E-03      260.363E-09  
                8.57118E-03      199.956E-09  
                8.57508E-03      139.628E-09  
                8.58288E-03       20.5845E-09 
                8.58678E-03      -37.4687E-09 
                8.59068E-03      -94.1218E-09 
                8.59849E-03     -202.054E-09  
                8.60239E-03     -252.791E-09  
                8.60629E-03     -301.043E-09  
                8.61019E-03     -346.59E-09   
                8.61799E-03     -428.788E-09  
                8.62189E-03     -465.109E-09  
                8.6258E-03      -498.06E-09   
                8.6336E-03      -553.454E-09  
                8.6375E-03      -575.752E-09  
                8.6414E-03      -594.393E-09  
                8.6453E-03      -609.363E-09  
                8.6531E-03      -628.339E-09  
                8.65701E-03     -632.419E-09  
                8.66091E-03     -632.977E-09  
                8.66871E-03     -623.877E-09  
                8.67261E-03     -614.436E-09  
                8.67651E-03     -601.902E-09  
                8.68041E-03     -586.417E-09  
                8.68822E-03     -547.219E-09  
                8.69212E-03     -523.842E-09  
                8.69602E-03     -498.184E-09  
                8.70382E-03     -440.77E-09   
                8.70772E-03     -409.4E-09    
                8.71163E-03     -376.519E-09  
                8.71553E-03     -342.325E-09  
                8.72333E-03     -270.803E-09  
                8.72723E-03     -233.876E-09  
                8.73113E-03     -196.436E-09  
                8.73503E-03     -158.681E-09  
                8.74284E-03      -82.9898E-09 
                8.74674E-03      -45.4307E-09 
                8.75064E-03       -8.30558E-09
                8.75844E-03       63.9429E-09 
                8.76234E-03       98.7306E-09 
                8.76624E-03      132.414E-09  
                8.77014E-03      164.841E-09  
                8.77795E-03      225.355E-09  
                8.78185E-03      253.176E-09  
                8.78575E-03      279.209E-09  
                8.79355E-03      325.474E-09  
                8.79745E-03      345.51E-09   
                8.80136E-03      363.369E-09  
                8.80526E-03      378.978E-09  
                8.81306E-03      403.216E-09  
                8.81696E-03      411.759E-09  
                8.82086E-03      417.879E-09  
                8.82866E-03      422.822E-09  
                8.83257E-03      421.658E-09  
                8.83647E-03      418.104E-09  
                8.84037E-03      412.202E-09  
                8.84817E-03      393.581E-09  
                8.85207E-03      381.013E-09  
                8.85597E-03      366.393E-09  
                8.86378E-03      331.435E-09  
                8.86768E-03      311.342E-09  
                8.87158E-03      289.687E-09  
                8.87548E-03      266.616E-09  
                8.88328E-03      216.852E-09  
                8.88718E-03      190.486E-09  
                8.89109E-03      163.354E-09  
                8.89889E-03      107.486E-09  
                8.90279E-03       79.0949E-09 
                8.90669E-03       50.6281E-09 
                8.91059E-03       22.2535E-09 
                8.91839E-03      -33.5694E-09 
                8.9223E-03       -60.7073E-09 
                8.9262E-03       -87.1343E-09 
                8.9301E-03      -112.714E-09  
                8.9379E-03      -160.829E-09  
                8.9418E-03      -183.137E-09  
                8.9457E-03      -204.143E-09  
                8.95351E-03     -241.902E-09  
                8.95741E-03     -258.505E-09  
                8.96131E-03     -273.507E-09  
                8.96521E-03     -286.856E-09  
                8.97301E-03     -308.432E-09  
                8.97691E-03     -316.597E-09  
                8.98081E-03     -322.985E-09  
                8.98862E-03     -330.387E-09  
                8.99252E-03     -331.396E-09  
                8.99642E-03     -330.616E-09  
                9.00032E-03     -328.061E-09  
                9.00812E-03     -317.709E-09  
                9.01203E-03     -309.969E-09  
                9.01593E-03     -300.568E-09  
                9.02373E-03     -276.97E-09   
                9.02763E-03     -262.886E-09  
                9.03153E-03     -247.367E-09  
                9.03543E-03     -230.487E-09  
                9.04324E-03     -192.999E-09  
                9.04714E-03     -172.585E-09  
                9.05104E-03     -151.205E-09  
                9.05884E-03     -106.032E-09  
                9.06274E-03      -82.5063E-09 
                9.06664E-03      -58.5438E-09 
                9.07055E-03      -34.296E-09  
                9.07835E-03       14.424E-09  
                9.08225E-03       38.5704E-09 
                9.08615E-03       62.3534E-09 
                9.09005E-03       85.6064E-09 
                9.09785E-03      129.866E-09  
                9.10176E-03      150.555E-09  
                9.10566E-03      170.08E-09   
                9.11346E-03      205.084E-09  
                9.11736E-03      220.311E-09  
                9.12126E-03      233.875E-09  
                9.12516E-03      245.683E-09  
                9.13297E-03      263.735E-09  
                9.13687E-03      269.873E-09  
                9.14077E-03      274.041E-09  
                9.14857E-03      276.444E-09  
                9.15247E-03      274.706E-09  
                9.15637E-03      271.053E-09  
                9.16028E-03      265.538E-09  
                9.16808E-03      249.207E-09  
                9.17198E-03      238.562E-09  
                9.17588E-03      226.397E-09  
                9.18368E-03      197.959E-09  
                9.18758E-03      181.929E-09  
                9.19149E-03      164.864E-09  
                9.19539E-03      146.896E-09  
                9.20319E-03      108.794E-09  
                9.20709E-03       88.9317E-09 
                9.21099E-03       68.7089E-09 
                9.21879E-03       27.7118E-09 
                9.2227E-03         7.19562E-09
                9.2266E-03       -13.1657E-09 
                9.2305E-03       -33.252E-09  
                9.2383E-03       -72.1387E-09 
                9.2422E-03       -90.7197E-09 
                9.2461E-03      -108.587E-09  
                9.25001E-03     -125.641E-09  
                9.25781E-03     -156.941E-09  
                9.26171E-03     -171.012E-09  
                9.26561E-03     -183.923E-09  
                9.27341E-03     -205.973E-09  
                9.27732E-03     -214.982E-09  
                9.28122E-03     -222.569E-09  
                9.28512E-03     -228.685E-09  
                9.29292E-03     -236.349E-09  
                9.29682E-03     -237.839E-09  
                9.30072E-03     -237.745E-09  
                9.30853E-03     -232.794E-09  
                9.31243E-03     -227.961E-09  
                9.31633E-03     -221.591E-09  
                9.32023E-03     -213.724E-09  
                9.32803E-03     -193.724E-09  
                9.33193E-03     -181.732E-09  
                9.33583E-03     -168.527E-09  
                9.34364E-03     -138.887E-09  
                9.34754E-03     -122.682E-09  
                9.35144E-03     -105.724E-09  
                9.35534E-03      -88.1484E-09 
                9.36314E-03      -51.722E-09  
                9.36705E-03      -33.1699E-09 
                9.37095E-03      -14.5951E-09 
                9.37875E-03       22.0128E-09 
                9.38265E-03       39.7463E-09 
                9.38655E-03       56.9069E-09 
                9.39045E-03       73.3578E-09 
                9.39826E-03      103.623E-09  
                9.40216E-03      117.208E-09  
                9.40606E-03      129.627E-09  
                9.41386E-03      150.637E-09  
                9.41776E-03      159.096E-09  
                9.42166E-03      166.127E-09  
                9.42556E-03      171.698E-09  
                9.43337E-03      178.404E-09  
                9.43727E-03      179.546E-09  
                9.44117E-03      179.241E-09  
                9.44507E-03      177.522E-09  
                9.45287E-03      170.044E-09  
                9.45677E-03      164.408E-09  
                9.46068E-03      157.604E-09  
                9.46848E-03      140.835E-09  
                9.47238E-03      131.053E-09  
                9.47628E-03      120.472E-09  
                9.48018E-03      109.194E-09  
                9.48799E-03       84.9719E-09 
                9.49189E-03       72.2424E-09 
                9.49579E-03       59.2441E-09 
                9.50359E-03       32.8653E-09 
                9.50749E-03       19.6922E-09 
                9.51139E-03        6.66367E-09
                9.5153E-03        -6.12426E-09
                9.5231E-03       -30.6146E-09 
                9.527E-03        -42.1467E-09 
                9.5309E-03       -53.0983E-09 
                9.5387E-03       -72.9772E-09 
                9.5426E-03       -81.778E-09  
                9.5465E-03       -89.7455E-09 
                9.55041E-03      -96.832E-09  
                9.55821E-03     -108.204E-09  
                9.56211E-03     -112.427E-09  
                9.56601E-03     -115.643E-09  
                9.57381E-03     -119.007E-09  
                9.57772E-03     -119.145E-09  
                9.58162E-03     -118.258E-09  
                9.58552E-03     -116.357E-09  
                9.59332E-03     -109.589E-09  
                9.59722E-03     -104.774E-09  
                9.60112E-03      -99.0469E-09 
                9.60503E-03      -92.4471E-09 
                9.61283E-03      -76.8027E-09 
                9.61673E-03      -67.8546E-09 
                9.62063E-03      -58.2254E-09 
                9.62843E-03      -37.1464E-09 
                9.63233E-03      -25.812E-09  
                9.63624E-03      -14.0261E-09 
                9.64014E-03       -1.84787E-09
                9.64794E-03       23.4513E-09 
                9.65184E-03       36.4585E-09 
                9.65574E-03       49.6312E-09 
                9.66354E-03       76.2718E-09 
                9.66745E-03       89.6473E-09 
                9.67135E-03      103.005E-09  
                9.67525E-03      116.31E-09   
                9.68305E-03      142.648E-09  
                9.68695E-03      155.639E-09  
                9.69085E-03      168.495E-09  
                9.69866E-03      193.791E-09  
                9.70256E-03      206.245E-09  
                9.70646E-03      218.591E-09  
                9.71036E-03      230.858E-09  
                9.71816E-03      255.296E-09  
                9.72206E-03      267.563E-09  
                9.72597E-03      279.939E-09  
                9.73377E-03      305.295E-09  
                9.73767E-03      318.434E-09  
                9.74157E-03      331.998E-09  
                9.74547E-03      346.085E-09  
                9.75327E-03      376.245E-09  
                9.75718E-03      392.542E-09  
                9.76108E-03      409.807E-09  
                9.76888E-03      447.73E-09   
                9.77278E-03      468.64E-09   
                9.77668E-03      491.02E-09   
                9.78058E-03      514.998E-09  
                9.78839E-03      568.262E-09  
                9.79229E-03      597.802E-09  
                9.79619E-03      629.446E-09  
                9.80009E-03      663.315E-09  
                9.80789E-03      738.2E-09    
                9.81179E-03      779.443E-09  
                9.8157E-03       823.366E-09  
                9.8235E-03       919.669E-09  
                9.8274E-03       972.251E-09  
                9.8313E-03         1.02792E-06
                9.8352E-03         1.08677E-06
                9.84301E-03        1.2144E-06 
                9.84691E-03        1.28337E-06
                9.85081E-03        1.35592E-06
                9.85861E-03        1.51212E-06
                9.86251E-03        1.59599E-06
                9.86641E-03        1.68387E-06
                9.87031E-03        1.77586E-06
                9.87812E-03        1.97273E-06
                9.88202E-03        2.07789E-06
                9.88592E-03        2.18772E-06
                9.89372E-03        2.42207E-06
                9.89762E-03        2.54693E-06
                9.90152E-03        2.67716E-06
                9.90543E-03        2.81295E-06
                9.91323E-03        3.10206E-06
                9.91713E-03        3.25579E-06
                9.92103E-03        3.41595E-06
                9.92883E-03        3.75644E-06
                9.93274E-03        3.93724E-06
                9.93664E-03        4.12542E-06
                9.94054E-03        4.32121E-06
                9.94834E-03        4.73662E-06
                9.95224E-03        4.95675E-06
                9.95614E-03        5.1855E-06 
                9.96004E-03        5.42314E-06
                9.96779E-03        5.92246E-06
                9.97159E-03        6.18068E-06
                9.97533E-03        6.44439E-06
                9.98265E-03        6.98763E-06
                9.98622E-03        7.26678E-06
                9.99322E-03        7.8391E-06 
                9.99664E-03        8.13183E-06
               10.E-03             8.42868E-06





                  X               _temp_2     

                0.                 0.         
                7.8026E-06         1.11943E-06
               11.7039E-06         2.28436E-06
               15.6052E-06         3.59355E-06
               23.4078E-06         6.03407E-06
               27.3091E-06         7.03467E-06
               31.2104E-06         7.91544E-06
               35.1117E-06         8.74567E-06
               42.9143E-06        10.5187E-06 
               46.8156E-06        11.5244E-06 
               50.7169E-06        12.5976E-06 
               58.5195E-06        14.7982E-06 
               62.4208E-06        15.8615E-06 
               66.3221E-06        16.884E-06  
               70.2234E-06        17.8776E-06 
               78.026E-06         19.8663E-06 
               81.9274E-06        20.9019E-06 
               85.8287E-06        21.9752E-06 
               93.6313E-06        24.202E-06  
               97.5326E-06        25.3233E-06 
              101.434E-06         26.4316E-06 
              105.335E-06         27.5184E-06 
              113.138E-06         29.6285E-06 
              117.039E-06         30.6595E-06 
              120.94E-06          31.6817E-06 
              128.743E-06         33.7054E-06 
              132.644E-06         34.7068E-06 
              136.546E-06         35.6992E-06 
              140.447E-06         36.6839E-06 
              148.249E-06         38.6303E-06 
              152.151E-06         39.5942E-06 
              156.052E-06         40.5499E-06 
              163.855E-06         42.4248E-06 
              167.756E-06         43.3305E-06 
              171.657E-06         44.2093E-06 
              175.559E-06         45.0571E-06 
              183.361E-06         46.6666E-06 
              187.262E-06         47.4359E-06 
              191.164E-06         48.1926E-06 
              195.065E-06         48.943E-06  
              202.868E-06         50.4498E-06 
              206.769E-06         51.2113E-06 
              210.67E-06          51.9802E-06 
              218.473E-06         53.5267E-06 
              222.374E-06         54.2989E-06 
              226.275E-06         55.0653E-06 
              230.177E-06         55.8258E-06 
              237.979E-06         57.3177E-06 
              241.881E-06         58.0496E-06 
              245.782E-06         58.7721E-06 
              253.584E-06         60.199E-06  
              257.486E-06         60.9036E-06 
              261.387E-06         61.6059E-06 
              265.288E-06         62.305E-06  
              273.091E-06         63.697E-06  
              276.992E-06         64.3868E-06 
              280.894E-06         65.0731E-06 
              288.696E-06         66.4252E-06 
              292.598E-06         67.0898E-06 
              296.499E-06         67.7441E-06 
              300.4E-06           68.3907E-06 
              308.203E-06         69.6528E-06 
              312.104E-06         70.2695E-06 
              316.005E-06         70.8756E-06 
              323.808E-06         72.0636E-06 
              327.709E-06         72.6423E-06 
              331.611E-06         73.2142E-06 
              335.512E-06         73.7777E-06 
              343.315E-06         74.8863E-06 
              347.216E-06         75.4286E-06 
              351.117E-06         75.965E-06  
              355.019E-06         76.4921E-06 
              362.821E-06         77.5147E-06 
              366.722E-06         78.0047E-06 
              370.624E-06         78.4802E-06 
              378.426E-06         79.3736E-06 
              382.328E-06         79.7903E-06 
              386.229E-06         80.1848E-06 
              390.13E-06          80.5603E-06 
              397.933E-06         81.2483E-06 
              401.834E-06         81.5639E-06 
              405.736E-06         81.861E-06  
              413.538E-06         82.4084E-06 
              417.439E-06         82.656E-06  
              421.341E-06         82.8889E-06 
              425.242E-06         83.1047E-06 
              433.045E-06         83.4861E-06 
              436.946E-06         83.6484E-06 
              440.847E-06         83.7939E-06 
              448.65E-06          84.0271E-06 
              452.551E-06         84.1164E-06 
              456.453E-06         84.1865E-06 
              460.354E-06         84.2416E-06 
              468.157E-06         84.3026E-06 
              472.058E-06         84.3123E-06 
              475.959E-06         84.3091E-06 
              483.762E-06         84.2781E-06 
              487.663E-06         84.2502E-06 
              491.564E-06         84.2198E-06 
              495.466E-06         84.1868E-06 
              503.268E-06         84.1262E-06 
              507.17E-06          84.0983E-06 
              511.071E-06         84.0759E-06 
              518.874E-06         84.0393E-06 
              522.775E-06         84.0238E-06 
              526.676E-06         84.0052E-06 
              530.577E-06         83.9845E-06 
              538.38E-06          83.9177E-06 
              542.281E-06         83.8677E-06 
              546.183E-06         83.8024E-06 
              550.084E-06         83.7241E-06 
              557.887E-06         83.5173E-06 
              561.788E-06         83.3908E-06 
              565.689E-06         83.2489E-06 
              573.492E-06         82.9291E-06 
              577.393E-06         82.749E-06  
              581.295E-06         82.5585E-06 
              585.196E-06         82.355E-06  
              592.998E-06         81.9087E-06 
              596.9E-06           81.661E-06  
              600.801E-06         81.3976E-06 
              608.604E-06         80.8113E-06 
              612.505E-06         80.4876E-06 
              616.406E-06         80.1414E-06 
              620.308E-06         79.7759E-06 
              628.11E-06          78.981E-06  
              632.012E-06         78.5544E-06 
              635.913E-06         78.1084E-06 
              643.716E-06         77.1678E-06 
              647.617E-06         76.6705E-06 
              651.518E-06         76.1584E-06 
              655.419E-06         75.6296E-06 
              663.222E-06         74.5272E-06 
              667.123E-06         73.9516E-06 
              671.025E-06         73.3629E-06 
              678.827E-06         72.1435E-06 
              682.729E-06         71.5157E-06 
              686.63E-06          70.8757E-06 
              690.531E-06         70.2274E-06 
              698.334E-06         68.9034E-06 
              702.235E-06         68.2302E-06 
              706.136E-06         67.5492E-06 
              710.038E-06         66.8634E-06 
              717.84E-06          65.471E-06  
              721.742E-06         64.7659E-06 
              725.643E-06         64.0544E-06 
              733.446E-06         62.6184E-06 
              737.347E-06         61.8923E-06 
              741.248E-06         61.1638E-06 
              745.15E-06          60.4319E-06 
              752.952E-06         58.9623E-06 
              756.854E-06         58.2241E-06 
              760.755E-06         57.4859E-06 
              768.557E-06         56.0043E-06 
              772.459E-06         55.2614E-06 
              776.36E-06          54.5155E-06 
              780.261E-06         53.7684E-06 
              788.064E-06         52.2633E-06 
              791.965E-06         51.5053E-06 
              795.867E-06         50.7423E-06 
              803.669E-06         49.2043E-06 
              807.57E-06          48.4259E-06 
              811.472E-06         47.6421E-06 
              815.373E-06         46.851E-06  
              823.176E-06         45.2457E-06 
              827.077E-06         44.4282E-06 
              830.978E-06         43.6008E-06 
              838.781E-06         41.9095E-06 
              842.682E-06         41.0445E-06 
              846.584E-06         40.1651E-06 
              850.485E-06         39.2725E-06 
              858.288E-06         37.4444E-06 
              862.189E-06         36.5099E-06 
              866.09E-06          35.5617E-06 
              873.893E-06         33.6299E-06 
              877.794E-06         32.6455E-06 
              881.695E-06         31.6505E-06 
              885.597E-06         30.6445E-06 
              893.399E-06         28.6034E-06 
              897.301E-06         27.5678E-06 
              901.202E-06         26.5239E-06 
              905.103E-06         25.4713E-06 
              912.906E-06         23.3442E-06 
              916.807E-06         22.2709E-06 
              920.709E-06         21.1933E-06 
              928.511E-06         19.0282E-06 
              932.412E-06         17.9435E-06 
              936.314E-06         16.8585E-06 
              940.215E-06         15.775E-06  
              948.018E-06         13.6142E-06 
              951.919E-06         12.5384E-06 
              955.82E-06          11.466E-06  
              963.623E-06          9.33307E-06
              967.524E-06          8.27216E-06
              971.426E-06          7.21528E-06
              975.327E-06          6.16222E-06
              983.13E-06           4.06801E-06
              987.031E-06          3.02703E-06
              990.932E-06          1.99056E-06
              998.735E-06        -67.888E-09  
                1.00264E-03     -887.344E-09  
                1.00654E-03       -1.25171E-06
                1.01044E-03       -1.20851E-06
                1.01824E-03     -656.762E-09  
                1.02214E-03     -452.54E-09   
                1.02604E-03     -390.078E-09  
                1.03385E-03     -589.033E-09  
                1.03775E-03     -722.459E-09  
                1.04165E-03     -799.687E-09  
                1.04555E-03     -795.902E-09  
                1.05335E-03     -599.021E-09  
                1.05725E-03     -474.492E-09  
                1.06116E-03     -375.615E-09  
                1.06506E-03     -315.819E-09  
                1.07286E-03     -279.084E-09  
                1.07676E-03     -260.003E-09  
                1.08066E-03     -213.515E-09  
                1.08846E-03      -14.132E-09  
                1.09237E-03      124.332E-09  
                1.09627E-03      268.941E-09  
                1.10017E-03      405.105E-09  
                1.10797E-03      619.515E-09  
                1.11187E-03      695.856E-09  
                1.11577E-03      756.534E-09  
                1.12358E-03      847.585E-09  
                1.12748E-03      881.893E-09  
                1.13138E-03      908.513E-09  
                1.13528E-03      926.617E-09  
                1.14308E-03      937.813E-09  
                1.14698E-03      933.453E-09  
                1.15089E-03      924.319E-09  
                1.15869E-03      889.877E-09  
                1.16259E-03      858.888E-09  
                1.16649E-03      812.68E-09   
                1.17039E-03      746.768E-09  
                1.17819E-03      547.45E-09   
                1.1821E-03       417.072E-09  
                1.186E-03        273.04E-09   
                1.1938E-03       -25.4314E-09 
                1.1977E-03      -164.849E-09  
                1.2016E-03      -290.143E-09  
                1.2055E-03      -398.432E-09  
                1.21331E-03     -563.584E-09  
                1.21721E-03     -624.292E-09  
                1.22111E-03     -674.316E-09  
                1.22501E-03     -716.609E-09  
                1.23281E-03     -786.854E-09  
                1.23671E-03     -817.169E-09  
                1.24062E-03     -844.44E-09   
                1.24842E-03     -886.197E-09  
                1.25232E-03     -897.827E-09  
                1.25622E-03     -901.191E-09  
                1.26012E-03     -894.936E-09  
                1.26793E-03     -850.493E-09  
                1.27183E-03     -812.258E-09  
                1.27573E-03     -764.304E-09  
                1.28353E-03     -644.669E-09  
                1.28743E-03     -576.135E-09  
                1.29133E-03     -503.827E-09  
                1.29523E-03     -429.045E-09  
                1.30304E-03     -276.094E-09  
                1.30694E-03     -199.427E-09  
                1.31084E-03     -123.37E-09   
                1.31864E-03       25.4702E-09 
                1.32254E-03       97.8869E-09 
                1.32644E-03      169.002E-09  
                1.33035E-03      239.051E-09  
                1.33815E-03      377.386E-09  
                1.34205E-03      446.315E-09  
                1.34595E-03      515.197E-09  
                1.35375E-03      651.029E-09  
                1.35766E-03      715.999E-09  
                1.36156E-03      777.029E-09  
                1.36546E-03      832.315E-09  
                1.37326E-03      918.37E-09   
                1.37716E-03      946.022E-09  
                1.38106E-03      962.013E-09  
                1.38887E-03      957.876E-09  
                1.39277E-03      938.459E-09  
                1.39667E-03      908.634E-09  
                1.40057E-03      869.576E-09  
                1.40837E-03      768.621E-09  
                1.41227E-03      708.826E-09  
                1.41617E-03      643.822E-09  
                1.42008E-03      574.009E-09  
                1.42788E-03      420.39E-09   
                1.43178E-03      336.455E-09  
                1.43568E-03      247.655E-09  
                1.44348E-03       55.8078E-09 
                1.44739E-03      -46.5601E-09 
                1.45129E-03     -152.385E-09  
                1.45519E-03     -260.76E-09   
                1.46299E-03     -480.613E-09  
                1.46689E-03     -589.445E-09  
                1.47079E-03     -695.568E-09  
                1.4786E-03      -893.002E-09  
                1.4825E-03      -980.651E-09  
                1.4864E-03        -1.05829E-06
                1.4903E-03        -1.12388E-06
                1.4981E-03        -1.211E-06  
                1.502E-03         -1.22914E-06
                1.50591E-03       -1.22872E-06
                1.51371E-03       -1.17095E-06
                1.51761E-03       -1.11473E-06
                1.52151E-03       -1.04226E-06
                1.52541E-03     -955.79E-09   
                1.53321E-03     -751.93E-09   
                1.53712E-03     -640.408E-09  
                1.54102E-03     -526.158E-09  
                1.54882E-03     -297.911E-09  
                1.55272E-03     -186.64E-09   
                1.55662E-03      -78.0691E-09 
                1.56052E-03       27.8489E-09 
                1.56833E-03      233.327E-09  
                1.57223E-03      333.77E-09   
                1.57613E-03      432.927E-09  
                1.58003E-03      530.494E-09  
                1.58783E-03      717.244E-09  
                1.59173E-03      803.527E-09  
                1.59564E-03      882.653E-09  
                1.60344E-03        1.0118E-06 
                1.60734E-03        1.05851E-06
                1.61124E-03        1.09175E-06
                1.61514E-03        1.11097E-06
                1.62294E-03        1.10773E-06
                1.62685E-03        1.08655E-06
                1.63075E-03        1.0537E-06 
                1.63855E-03      957.762E-09  
                1.64245E-03      896.94E-09   
                1.64635E-03      828.833E-09  
                1.65025E-03      754.187E-09  
                1.65806E-03      587.624E-09  
                1.66196E-03      496.749E-09  
                1.66586E-03      401.567E-09  
                1.67366E-03      201.292E-09  
                1.67756E-03       98.1062E-09 
                1.68146E-03       -5.59887E-09
                1.68537E-03     -108.575E-09  
                1.69317E-03     -307.369E-09  
                1.69707E-03     -400.924E-09  
                1.70097E-03     -489.33E-09   
                1.70877E-03     -648.05E-09   
                1.71267E-03     -717.471E-09  
                1.71658E-03     -779.882E-09  
                1.72048E-03     -835.074E-09  
                1.72828E-03     -922.966E-09  
                1.73218E-03     -955.153E-09  
                1.73608E-03     -979.081E-09  
                1.74389E-03       -1.0008E-06 
                1.74779E-03     -998.009E-09  
                1.75169E-03     -985.879E-09  
                1.75559E-03     -964.407E-09  
                1.76339E-03     -894.254E-09  
                1.76729E-03     -846.37E-09   
                1.77119E-03     -790.682E-09  
                1.7751E-03      -727.827E-09  
                1.7829E-03      -583.193E-09  
                1.7868E-03      -502.604E-09  
                1.7907E-03      -417.193E-09  
                1.7985E-03      -233.701E-09  
                1.8024E-03      -136.514E-09  
                1.80631E-03      -36.391E-09  
                1.81021E-03       66.0031E-09 
                1.81801E-03      274.092E-09  
                1.82191E-03      377.562E-09  
                1.82581E-03      478.878E-09  
                1.83362E-03      669.057E-09  
                1.83752E-03      754.855E-09  
                1.84142E-03      832.515E-09  
                1.84532E-03      900.756E-09  
                1.85312E-03        1.00491E-06
                1.85702E-03        1.0394E-06 
                1.86092E-03        1.06161E-06
                1.86873E-03        1.06895E-06
                1.87263E-03        1.05435E-06
                1.87653E-03        1.028E-06  
                1.88043E-03      990.33E-09   
                1.88823E-03      883.169E-09  
                1.89213E-03      814.949E-09  
                1.89604E-03      737.967E-09  
                1.90384E-03      561.397E-09  
                1.90774E-03      463.974E-09  
                1.91164E-03      362.123E-09  
                1.91554E-03      257.236E-09  
                1.92335E-03       44.2783E-09 
                1.92725E-03      -60.796E-09  
                1.93115E-03     -163.021E-09  
                1.93505E-03     -261.108E-09  
                1.94285E-03     -440.603E-09  
                1.94675E-03     -520.409E-09  
                1.95065E-03     -592.887E-09  
                1.95846E-03     -714.96E-09   
                1.96236E-03     -764.479E-09  
                1.96626E-03     -806.428E-09  
                1.97016E-03     -840.928E-09  
                1.97796E-03     -887.922E-09  
                1.98186E-03     -900.426E-09  
                1.98577E-03     -905.473E-09  
                1.99357E-03     -892.409E-09  
                1.99747E-03     -873.834E-09  
                2.00137E-03     -846.962E-09  
                2.00527E-03     -811.692E-09  
                2.01308E-03     -716.288E-09  
                2.01698E-03     -656.788E-09  
                2.02088E-03     -590.196E-09  
                2.02868E-03     -439.298E-09  
                2.03258E-03     -357.206E-09  
                2.03648E-03     -272.362E-09  
                2.04038E-03     -186.092E-09  
                2.04819E-03      -14.4363E-09 
                2.05209E-03       68.6131E-09 
                2.05599E-03      148.507E-09  
                2.06379E-03      296.077E-09  
                2.06769E-03      362.886E-09  
                2.07159E-03      424.779E-09  
                2.0755E-03       481.743E-09  
                2.0833E-03       581.294E-09  
                2.0872E-03       624.159E-09  
                2.0911E-03       662.562E-09  
                2.095E-03        696.519E-09  
                2.10281E-03      750.615E-09  
                2.10671E-03      770.221E-09  
                2.11061E-03      784.334E-09  
                2.11841E-03      794.055E-09  
                2.12231E-03      788.612E-09  
                2.12621E-03      775.659E-09  
                2.13011E-03      754.828E-09  
                2.13792E-03      688.794E-09  
                2.14182E-03      643.663E-09  
                2.14572E-03      590.831E-09  
                2.15352E-03      464.359E-09  
                2.15742E-03      392.297E-09  
                2.16133E-03      315.638E-09  
                2.16523E-03      235.467E-09  
                2.17303E-03       69.158E-09  
                2.17693E-03      -14.7004E-09 
                2.18083E-03      -97.5763E-09 
                2.18863E-03     -256.487E-09  
                2.19254E-03     -330.825E-09  
                2.19644E-03     -400.8E-09    
                2.20034E-03     -465.833E-09  
                2.20814E-03     -579.237E-09  
                2.21204E-03     -626.901E-09  
                2.21594E-03     -668.179E-09  
                2.22375E-03     -730.798E-09  
                2.22765E-03     -751.841E-09  
                2.23155E-03     -765.891E-09  
                2.23545E-03     -772.867E-09  
                2.24325E-03     -765.427E-09  
                2.24715E-03     -751.015E-09  
                2.25106E-03     -729.552E-09  
                2.25886E-03     -666.05E-09   
                2.26276E-03     -624.469E-09  
                2.26666E-03     -576.772E-09  
                2.27056E-03     -523.386E-09  
                2.27836E-03     -401.691E-09  
                2.28227E-03     -334.652E-09  
                2.28617E-03     -264.453E-09  
                2.29007E-03     -191.894E-09  
                2.29787E-03      -43.0932E-09 
                2.30177E-03       31.4009E-09 
                2.30567E-03      104.797E-09  
                2.31348E-03      244.992E-09  
                2.31738E-03      310.27E-09   
                2.32128E-03      371.443E-09  
                2.32518E-03      427.946E-09  
                2.33298E-03      525.161E-09  
                2.33688E-03      565.226E-09  
                2.34079E-03      599.32E-09   
                2.34859E-03      649.265E-09  
                2.35249E-03      665.128E-09  
                2.35639E-03      675.012E-09  
                2.36029E-03      679.04E-09   
                2.36809E-03      670.12E-09   
                2.372E-03        657.496E-09  
                2.3759E-03       639.65E-09   
                2.3837E-03       588.953E-09  
                2.3876E-03       556.434E-09  
                2.3915E-03       519.365E-09  
                2.3954E-03       477.938E-09  
                2.40321E-03      382.904E-09  
                2.40711E-03      329.836E-09  
                2.41101E-03      273.5E-09    
                2.41881E-03      152.646E-09  
                2.42271E-03       89.0794E-09 
                2.42661E-03       24.1485E-09 
                2.43052E-03      -41.5368E-09 
                2.43832E-03     -172.526E-09  
                2.44222E-03     -236.436E-09  
                2.44612E-03     -298.34E-09   
                2.45002E-03     -357.528E-09  
                2.45782E-03     -465.05E-09   
                2.46173E-03     -512.131E-09  
                2.46563E-03     -554.02E-09   
                2.47343E-03     -620.444E-09  
                2.47733E-03     -644.296E-09  
                2.48123E-03     -661.6E-09    
                2.48513E-03     -672.238E-09  
                2.49294E-03     -673.462E-09  
                2.49684E-03     -664.219E-09  
                2.50074E-03     -648.631E-09  
                2.50854E-03     -599.429E-09  
                2.51244E-03     -566.42E-09   
                2.51634E-03     -528.259E-09  
                2.52025E-03     -485.313E-09  
                2.52805E-03     -386.616E-09  
                2.53195E-03     -331.677E-09  
                2.53585E-03     -273.578E-09  
                2.54365E-03     -149.746E-09  
                2.54755E-03      -85.0084E-09 
                2.55146E-03      -19.1142E-09 
                2.55536E-03       47.3415E-09 
                2.56316E-03      179.345E-09  
                2.56706E-03      243.501E-09  
                2.57096E-03      305.449E-09  
                2.57877E-03      419.716E-09  
                2.58267E-03      470.559E-09  
                2.58657E-03      516.279E-09  
                2.59047E-03      556.25E-09   
                2.59827E-03      616.87E-09   
                2.60217E-03      636.735E-09  
                2.60607E-03      649.311E-09  
                2.61388E-03      652.376E-09  
                2.61778E-03      643.067E-09  
                2.62168E-03      626.863E-09  
                2.62558E-03      604.142E-09  
                2.63338E-03      541.066E-09  
                2.63728E-03      501.822E-09  
                2.64119E-03      458.244E-09  
                2.64509E-03      410.955E-09  
                2.65289E-03      307.725E-09  
                2.65679E-03      252.98E-09   
                2.66069E-03      196.905E-09  
                2.6685E-03        82.853E-09  
                2.6724E-03        25.8519E-09 
                2.6763E-03       -30.5238E-09 
                2.6802E-03       -85.8419E-09 
                2.688E-03       -191.644E-09  
                2.6919E-03      -241.324E-09  
                2.6958E-03      -288.336E-09  
                2.70361E-03     -372.86E-09   
                2.70751E-03     -409.671E-09  
                2.71141E-03     -442.423E-09  
                2.71531E-03     -470.841E-09  
                2.72311E-03     -513.807E-09  
                2.72702E-03     -528.059E-09  
                2.73092E-03     -537.392E-09  
                2.73872E-03     -541.399E-09  
                2.74262E-03     -536.274E-09  
                2.74652E-03     -526.623E-09  
                2.75042E-03     -512.674E-09  
                2.75823E-03     -472.945E-09  
                2.76213E-03     -447.739E-09  
                2.76603E-03     -419.358E-09  
                2.77383E-03     -354.165E-09  
                2.77773E-03     -317.842E-09  
                2.78163E-03     -279.317E-09  
                2.78553E-03     -238.77E-09   
                2.79334E-03     -152.238E-09  
                2.79724E-03     -106.547E-09  
                2.80114E-03      -59.4459E-09 
                2.80504E-03      -11.1177E-09 
                2.81284E-03       88.2855E-09 
                2.81675E-03      138.757E-09  
                2.82065E-03      189.232E-09  
                2.82845E-03      288.248E-09  
                2.83235E-03      335.653E-09  
                2.83625E-03      380.807E-09  
                2.84015E-03      423.026E-09  
                2.84796E-03      495.867E-09  
                2.85186E-03      525.135E-09  
                2.85576E-03      548.809E-09  
                2.86356E-03      577.371E-09  
                2.86746E-03      581.53E-09   
                2.87136E-03      578.668E-09  
                2.87526E-03      568.757E-09  
                2.88307E-03      528.404E-09  
                2.88697E-03      498.62E-09   
                2.89087E-03      463.083E-09  
                2.89867E-03      377.308E-09  
                2.90257E-03      328.532E-09  
                2.90648E-03      276.874E-09  
                2.91038E-03      223.131E-09  
                2.91818E-03      112.476E-09  
                2.92208E-03       56.9978E-09 
                2.92598E-03        2.27158E-09
                2.93378E-03     -102.805E-09  
                2.93769E-03     -152.288E-09  
                2.94159E-03     -199.276E-09  
                2.94549E-03     -243.505E-09  
                2.95329E-03     -322.865E-09  
                2.95719E-03     -357.671E-09  
                2.96109E-03     -389.043E-09  
                2.9689E-03      -440.959E-09  
                2.9728E-03      -461.236E-09  
                2.9767E-03      -477.536E-09  
                2.9806E-03      -489.714E-09  
                2.9884E-03      -501.147E-09  
                2.9923E-03      -500.162E-09  
                2.99621E-03     -494.596E-09  
                3.00011E-03     -484.414E-09  
                3.00791E-03     -450.343E-09  
                3.01181E-03     -426.681E-09  
                3.01571E-03     -398.865E-09  
                3.02351E-03     -331.967E-09  
                3.02742E-03     -293.633E-09  
                3.03132E-03     -252.624E-09  
                3.03522E-03     -209.42E-09   
                3.04302E-03     -118.43E-09   
                3.04692E-03      -71.6399E-09 
                3.05082E-03      -24.6229E-09 
                3.05863E-03       68.385E-09  
                3.06253E-03      113.633E-09  
                3.06643E-03      157.632E-09  
                3.07033E-03      200.134E-09  
                3.07813E-03      279.886E-09  
                3.08203E-03      316.85E-09   
                3.08594E-03      351.73E-09   
                3.09374E-03      414.905E-09  
                3.09764E-03      443.049E-09  
                3.10154E-03      468.792E-09  
                3.10544E-03      492.051E-09  
                3.11325E-03      530.746E-09  
                3.11715E-03      545.994E-09  
                3.12105E-03      558.393E-09  
                3.12885E-03      574.419E-09  
                3.13275E-03      578.016E-09  
                3.13665E-03      578.728E-09  
                3.14055E-03      576.676E-09  
                3.14836E-03      565.123E-09  
                3.15226E-03      556.245E-09  
                3.15616E-03      545.853E-09  
                3.16006E-03      534.467E-09  
                3.16786E-03      511.18E-09   
                3.17176E-03      500.685E-09  
                3.17567E-03      491.991E-09  
                3.18347E-03      483.357E-09  
                3.18737E-03      485.158E-09  
                3.19127E-03      492.215E-09  
                3.19517E-03      505.408E-09  
                3.20298E-03      553.635E-09  
                3.20688E-03      590.324E-09  
                3.21078E-03      636.445E-09  
                3.21858E-03      759.903E-09  
                3.22248E-03      838.6E-09    
                3.22638E-03      929.448E-09  
                3.23028E-03        1.03303E-06
                3.23809E-03        1.28052E-06
                3.24199E-03        1.42541E-06
                3.24589E-03        1.585E-06  
                3.25369E-03        1.94986E-06
                3.25759E-03        2.15587E-06
                3.26149E-03        2.37804E-06
                3.2654E-03         2.61667E-06
                3.2732E-03         3.1444E-06 
                3.2771E-03         3.43401E-06
                3.281E-03          3.74107E-06
                3.2888E-03         4.40844E-06
                3.29271E-03        4.76916E-06
                3.29661E-03        5.14819E-06
                3.30051E-03        5.54575E-06
                3.30831E-03        6.39739E-06
                3.31221E-03        6.852E-06  
                3.31611E-03        7.32619E-06
                3.32001E-03        7.82028E-06
                3.32782E-03        8.86963E-06
                3.33172E-03        9.42568E-06
                3.33562E-03       10.0032E-06 
                3.34342E-03       11.2245E-06 
                3.34732E-03       11.8693E-06 
                3.35122E-03       12.5375E-06 
                3.35513E-03       13.2297E-06 
                3.36293E-03       14.6878E-06 
                3.36683E-03       15.4548E-06 
                3.37073E-03       16.2478E-06 
                3.37853E-03       17.9138E-06 
                3.38244E-03       18.7876E-06 
                3.38634E-03       19.6894E-06 
                3.39024E-03       20.6194E-06 
                3.39804E-03       22.566E-06  
                3.40194E-03       23.5833E-06 
                3.40584E-03       24.6304E-06 
                3.41365E-03       26.8154E-06 
                3.41755E-03       27.9538E-06 
                3.42145E-03       29.1231E-06 
                3.42535E-03       30.3235E-06 
                3.43315E-03       32.8185E-06 
                3.43705E-03       34.1133E-06 
                3.44095E-03       35.4396E-06 
                3.44876E-03       38.1872E-06 
                3.45266E-03       39.6083E-06 
                3.45656E-03       41.0608E-06 
                3.46046E-03       42.5445E-06 
                3.46826E-03       45.6044E-06 
                3.47217E-03       47.1799E-06 
                3.47607E-03       48.7852E-06 
                3.48387E-03       52.0831E-06 
                3.48777E-03       53.7743E-06 
                3.49167E-03       55.4926E-06 
                3.49557E-03       57.2373E-06 
                3.50338E-03       60.8015E-06 
                3.50728E-03       62.6187E-06 
                3.51118E-03       64.4578E-06 
                3.51508E-03       66.3172E-06 
                3.52288E-03       70.0912E-06 
                3.52678E-03       72.0025E-06 
                3.53069E-03       73.9277E-06 
                3.53849E-03       77.8124E-06 
                3.54239E-03       79.768E-06  
                3.54629E-03       81.7297E-06 
                3.55019E-03       83.6956E-06 
                3.55799E-03       87.6312E-06 
                3.5619E-03        89.5967E-06 
                3.5658E-03        91.5579E-06 
                3.5736E-03        95.459E-06  
                3.5775E-03        97.3948E-06 
                3.5814E-03        99.3182E-06 
                3.5853E-03       101.227E-06  
                3.59311E-03      104.995E-06  
                3.59701E-03      106.851E-06  
                3.60091E-03      108.685E-06  
                3.60871E-03      112.284E-06  
                3.61261E-03      114.046E-06  
                3.61651E-03      115.782E-06  
                3.62042E-03      117.49E-06   
                3.62822E-03      120.819E-06  
                3.63212E-03      122.438E-06  
                3.63602E-03      124.026E-06  
                3.64382E-03      127.106E-06  
                3.64772E-03      128.597E-06  
                3.65163E-03      130.054E-06  
                3.65553E-03      131.478E-06  
                3.66333E-03      134.224E-06  
                3.66723E-03      135.545E-06  
                3.67113E-03      136.832E-06  
                3.67503E-03      138.085E-06  
                3.68284E-03      140.486E-06  
                3.68674E-03      141.636E-06  
                3.69064E-03      142.751E-06  
                3.69844E-03      144.88E-06   
                3.70234E-03      145.895E-06  
                3.70624E-03      146.876E-06  
                3.71015E-03      147.825E-06  
                3.71795E-03      149.627E-06  
                3.72185E-03      150.481E-06  
                3.72575E-03      151.304E-06  
                3.73355E-03      152.861E-06  
                3.73745E-03      153.596E-06  
                3.74136E-03      154.303E-06  
                3.74526E-03      154.983E-06  
                3.75306E-03      156.262E-06  
                3.75696E-03      156.864E-06  
                3.76086E-03      157.44E-06   
                3.76867E-03      158.523E-06  
                3.77257E-03      159.03E-06   
                3.77647E-03      159.515E-06  
                3.78037E-03      159.978E-06  
                3.78817E-03      160.843E-06  
                3.79207E-03      161.245E-06  
                3.79597E-03      161.628E-06  
                3.80378E-03      162.336E-06  
                3.80768E-03      162.662E-06  
                3.81158E-03      162.97E-06   
                3.81548E-03      163.26E-06   
                3.82328E-03      163.784E-06  
                3.82718E-03      164.02E-06   
                3.83109E-03      164.237E-06  
                3.83889E-03      164.618E-06  
                3.84279E-03      164.781E-06  
                3.84669E-03      164.926E-06  
                3.85059E-03      165.053E-06  
                3.8584E-03       165.25E-06   
                3.8623E-03       165.32E-06   
                3.8662E-03       165.371E-06  
                3.8701E-03       165.403E-06  
                3.8779E-03       165.407E-06  
                3.8818E-03       165.379E-06  
                3.8857E-03       165.331E-06  
                3.89351E-03      165.173E-06  
                3.89741E-03      165.063E-06  
                3.90131E-03      164.931E-06  
                3.90521E-03      164.778E-06  
                3.91301E-03      164.407E-06  
                3.91691E-03      164.188E-06  
                3.92082E-03      163.947E-06  
                3.92862E-03      163.398E-06  
                3.93252E-03      163.09E-06   
                3.93642E-03      162.758E-06  
                3.94032E-03      162.404E-06  
                3.94813E-03      161.625E-06  
                3.95203E-03      161.2E-06    
                3.95593E-03      160.751E-06  
                3.96373E-03      159.781E-06  
                3.96763E-03      159.26E-06   
                3.97153E-03      158.714E-06  
                3.97543E-03      158.144E-06  
                3.98324E-03      156.926E-06  
                3.98714E-03      156.28E-06   
                3.99104E-03      155.607E-06  
                3.99884E-03      154.183E-06  
                4.00274E-03      153.431E-06  
                4.00664E-03      152.652E-06  
                4.01055E-03      151.847E-06  
                4.01835E-03      150.154E-06  
                4.02225E-03      149.267E-06  
                4.02615E-03      148.353E-06  
                4.03005E-03      147.411E-06  
                4.03786E-03      145.446E-06  
                4.04176E-03      144.423E-06  
                4.04566E-03      143.373E-06  
                4.05346E-03      141.193E-06  
                4.05736E-03      140.063E-06  
                4.06126E-03      138.908E-06  
                4.06516E-03      137.727E-06  
                4.07297E-03      135.291E-06  
                4.07687E-03      134.036E-06  
                4.08077E-03      132.757E-06  
                4.08857E-03      130.13E-06   
                4.09247E-03      128.782E-06  
                4.09637E-03      127.414E-06  
                4.10028E-03      126.023E-06  
                4.10808E-03      123.183E-06  
                4.11198E-03      121.733E-06  
                4.11588E-03      120.266E-06  
                4.12368E-03      117.278E-06  
                4.12759E-03      115.76E-06   
                4.13149E-03      114.226E-06  
                4.13539E-03      112.677E-06  
                4.14319E-03      109.54E-06   
                4.14709E-03      107.952E-06  
                4.15099E-03      106.354E-06  
                4.1588E-03       103.125E-06  
                4.1627E-03       101.497E-06  
                4.1666E-03        99.8613E-06 
                4.1705E-03        98.2177E-06 
                4.1783E-03        94.9112E-06 
                4.1822E-03        93.2497E-06 
                4.1861E-03        91.5836E-06 
                4.19001E-03       89.9135E-06 
                4.19781E-03       86.5642E-06 
                4.20171E-03       84.8861E-06 
                4.20561E-03       83.2065E-06 
                4.21341E-03       79.8451E-06 
                4.21732E-03       78.1643E-06 
                4.22122E-03       76.4841E-06 
                4.22512E-03       74.805E-06  
                4.23292E-03       71.4522E-06 
                4.23682E-03       69.7793E-06 
                4.24072E-03       68.1094E-06 
                4.24853E-03       64.7802E-06 
                4.25243E-03       63.1217E-06 
                4.25633E-03       61.4678E-06 
                4.26023E-03       59.819E-06  
                4.26803E-03       56.5379E-06 
                4.27193E-03       54.9065E-06 
                4.27584E-03       53.2816E-06 
                4.28364E-03       50.0531E-06 
                4.28754E-03       48.4503E-06 
                4.29144E-03       46.8558E-06 
                4.29534E-03       45.2699E-06 
                4.30314E-03       42.1259E-06 
                4.30705E-03       40.5689E-06 
                4.31095E-03       39.0225E-06 
                4.31875E-03       35.9642E-06 
                4.32265E-03       34.4536E-06 
                4.32655E-03       32.9562E-06 
                4.33045E-03       31.4727E-06 
                4.33826E-03       28.5508E-06 
                4.34216E-03       27.1141E-06 
                4.34606E-03       25.6947E-06 
                4.35386E-03       22.9115E-06 
                4.35776E-03       21.5497E-06 
                4.36166E-03       20.2092E-06 
                4.36557E-03       18.891E-06  
                4.37337E-03       16.3258E-06 
                4.37727E-03       15.081E-06  
                4.38117E-03       13.8629E-06 
                4.38507E-03       12.6725E-06 
                4.39287E-03       10.3796E-06 
                4.39678E-03        9.27915E-06
                4.40068E-03        8.21078E-06
                4.40848E-03        6.17428E-06
                4.41238E-03        5.20804E-06
                4.41628E-03        4.27764E-06
                4.42018E-03        3.3839E-06 
                4.42799E-03        1.70937E-06
                4.43189E-03      929.875E-09  
                4.43579E-03      189.653E-09  
                4.44359E-03       -1.17121E-06
                4.44749E-03       -1.79115E-06
                4.45139E-03       -2.37046E-06
                4.4553E-03        -2.909E-06  
                4.4631E-03        -3.86369E-06
                4.467E-03         -4.28002E-06
                4.4709E-03        -4.65596E-06
                4.4787E-03        -5.28802E-06
                4.4826E-03        -5.54506E-06
                4.48651E-03       -5.76355E-06
                4.49041E-03       -5.94416E-06
                4.49821E-03       -6.195E-06  
                4.50211E-03       -6.26706E-06
                4.50601E-03       -6.30492E-06
                4.51381E-03       -6.28266E-06
                4.51772E-03       -6.22509E-06
                4.52162E-03       -6.13837E-06
                4.52552E-03       -6.02398E-06
                4.53332E-03       -5.71837E-06
                4.53722E-03       -5.53044E-06
                4.54112E-03       -5.32137E-06
                4.54503E-03       -5.09294E-06
                4.55283E-03       -4.5853E-06 
                4.55673E-03       -4.30982E-06
                4.56063E-03       -4.02244E-06
                4.56843E-03       -3.41958E-06
                4.57233E-03       -3.10789E-06
                4.57624E-03       -2.79186E-06
                4.58014E-03       -2.47333E-06
                4.58794E-03       -1.83591E-06
                4.59184E-03       -1.52044E-06
                4.59574E-03       -1.20929E-06
                4.60355E-03     -606.037E-09  
                4.60745E-03     -316.721E-09  
                4.61135E-03      -37.3166E-09 
                4.61525E-03      231.027E-09  
                4.62305E-03      730.48E-09   
                4.62695E-03      959.84E-09   
                4.63085E-03        1.17465E-06
                4.63866E-03        1.55834E-06
                4.64256E-03        1.72638E-06
                4.64646E-03        1.87817E-06
                4.65036E-03        2.01353E-06
                4.65816E-03        2.23488E-06
                4.66207E-03        2.32101E-06
                4.66597E-03        2.39102E-06
                4.67377E-03        2.4839E-06 
                4.67767E-03        2.50754E-06
                4.68157E-03        2.51658E-06
                4.68547E-03        2.51157E-06
                4.69328E-03        2.46169E-06
                4.69718E-03        2.41809E-06
                4.70108E-03        2.36294E-06
                4.70888E-03        2.22086E-06
                4.71278E-03        2.1354E-06 
                4.71668E-03        2.04133E-06
                4.72058E-03        1.93944E-06
                4.72839E-03        1.7153E-06 
                4.73229E-03        1.59463E-06
                4.73619E-03        1.46929E-06
                4.74009E-03        1.34007E-06
                4.74789E-03        1.07317E-06
                4.75179E-03      937.058E-09  
                4.7557E-03       800.203E-09  
                4.7635E-03       527.295E-09  
                4.7674E-03       392.716E-09  
                4.7713E-03       260.338E-09  
                4.7752E-03       130.843E-09  
                4.78301E-03     -116.915E-09  
                4.78691E-03     -233.97E-09   
                4.79081E-03     -345.736E-09  
                4.79861E-03     -551.445E-09  
                4.80251E-03     -644.532E-09  
                4.80641E-03     -730.626E-09  
                4.81031E-03     -809.436E-09  
                4.81812E-03     -944.336E-09  
                4.82202E-03       -1.00014E-06
                4.82592E-03       -1.0481E-06 
                4.83372E-03       -1.12058E-06
                4.83762E-03       -1.14529E-06
                4.84153E-03       -1.16253E-06
                4.84543E-03       -1.17254E-06
                4.85323E-03       -1.17197E-06
                4.85713E-03       -1.16206E-06
                4.86103E-03       -1.1462E-06 
                4.86883E-03       -1.0983E-06 
                4.87274E-03       -1.06708E-06
                4.87664E-03       -1.03159E-06
                4.88054E-03     -992.245E-09  
                4.88834E-03     -903.68E-09   
                4.89224E-03     -855.26E-09   
                4.89614E-03     -804.589E-09  
                4.90004E-03     -752.023E-09  
                4.90785E-03     -642.515E-09  
                4.91175E-03     -586.168E-09  
                4.91565E-03     -529.118E-09  
                4.92345E-03     -413.841E-09  
                4.92735E-03     -356.033E-09  
                4.93126E-03     -298.359E-09  
                4.93516E-03     -240.986E-09  
                4.94296E-03     -127.753E-09  
                4.94686E-03      -72.1767E-09 
                4.95076E-03      -17.4731E-09 
                4.95856E-03       88.7903E-09 
                4.96247E-03      140.087E-09  
                4.96637E-03      189.98E-09   
                4.97027E-03      238.334E-09  
                4.97807E-03      329.845E-09  
                4.98197E-03      372.709E-09  
                4.98587E-03      413.443E-09  
                4.99368E-03      487.909E-09  
                4.99758E-03      521.335E-09  
                5.00148E-03      552.024E-09  
                5.00538E-03      579.833E-09  
                5.01318E-03      626.279E-09  
                5.01708E-03      644.676E-09  
                5.02099E-03      659.715E-09  
                5.02879E-03      679.398E-09  
                5.03269E-03      683.923E-09  
                5.03659E-03      684.858E-09  
                5.04049E-03      682.192E-09  
                5.04829E-03      666.128E-09  
                5.0522E-03       652.82E-09   
                5.0561E-03       636.089E-09  
                5.0639E-03       592.775E-09  
                5.0678E-03       566.449E-09  
                5.0717E-03       537.215E-09  
                5.0756E-03       505.245E-09  
                5.08341E-03      433.871E-09  
                5.08731E-03      394.887E-09  
                5.09121E-03      354.003E-09  
                5.09511E-03      311.453E-09  
                5.10291E-03      222.33E-09   
                5.10681E-03      176.252E-09  
                5.11072E-03      129.5E-09    
                5.11852E-03       34.9784E-09 
                5.12242E-03      -12.2907E-09 
                5.12632E-03      -59.2365E-09 
                5.13022E-03     -105.617E-09  
                5.13802E-03     -195.744E-09  
                5.14193E-03     -239.034E-09  
                5.14583E-03     -280.85E-09   
                5.15363E-03     -359.223E-09  
                5.15753E-03     -395.383E-09  
                5.16143E-03     -429.272E-09  
                5.16533E-03     -460.715E-09  
                5.17314E-03     -515.596E-09  
                5.17704E-03     -538.729E-09  
                5.18094E-03     -558.803E-09  
                5.18874E-03     -589.292E-09  
                5.19264E-03     -599.499E-09  
                5.19654E-03     -606.231E-09  
                5.20045E-03     -609.423E-09  
                5.20825E-03     -605.008E-09  
                5.21215E-03     -597.358E-09  
                5.21605E-03     -586.084E-09  
                5.22385E-03     -552.806E-09  
                5.22775E-03     -530.928E-09  
                5.23166E-03     -505.679E-09  
                5.23556E-03     -477.181E-09  
                5.24336E-03     -411.032E-09  
                5.24726E-03     -373.738E-09  
                5.25116E-03     -333.908E-09  
                5.25506E-03     -291.775E-09  
                5.26287E-03     -201.631E-09  
                5.26677E-03     -154.183E-09  
                5.27067E-03     -105.553E-09  
                5.27847E-03       -6.0361E-09 
                5.28237E-03       44.1803E-09 
                5.28627E-03       94.2419E-09 
                5.29018E-03      143.798E-09  
                5.29798E-03      239.984E-09  
                5.30188E-03      285.916E-09  
                5.30578E-03      329.951E-09  
                5.31358E-03      411.022E-09  
                5.31748E-03      447.437E-09  
                5.32139E-03      480.722E-09  
                5.32529E-03      510.611E-09  
                5.33309E-03      559.274E-09  
                5.33699E-03      577.647E-09  
                5.34089E-03      591.83E-09   
                5.3487E-03       607.161E-09  
                5.3526E-03       608.162E-09  
                5.3565E-03       604.678E-09  
                5.3604E-03       596.724E-09  
                5.3682E-03       567.64E-09   
                5.3721E-03       546.717E-09  
                5.376E-03        521.735E-09  
                5.38381E-03      460.381E-09  
                5.38771E-03      424.479E-09  
                5.39161E-03      385.454E-09  
                5.39551E-03      343.608E-09  
                5.40331E-03      252.777E-09  
                5.40722E-03      204.497E-09  
                5.41112E-03      154.802E-09  
                5.41502E-03      104.078E-09  
                5.42282E-03        1.10736E-09
                5.42672E-03      -50.3504E-09 
                5.43062E-03     -101.268E-09  
                5.43843E-03     -199.957E-09  
                5.44233E-03     -246.993E-09  
                5.44623E-03     -292.026E-09  
                5.45013E-03     -334.726E-09  
                5.45793E-03     -411.927E-09  
                5.46183E-03     -445.882E-09  
                5.46573E-03     -476.419E-09  
                5.47354E-03     -526.434E-09  
                5.47744E-03     -545.581E-09  
                5.48134E-03     -560.648E-09  
                5.48524E-03     -571.542E-09  
                5.49304E-03     -580.585E-09  
                5.49695E-03     -578.695E-09  
                5.50085E-03     -572.551E-09  
                5.50865E-03     -547.736E-09  
                5.51255E-03     -529.252E-09  
                5.51645E-03     -506.884E-09  
                5.52035E-03     -480.792E-09  
                5.52816E-03     -418.199E-09  
                5.53206E-03     -382.138E-09  
                5.53596E-03     -343.234E-09  
                5.54376E-03     -258.029E-09  
                5.54766E-03     -212.343E-09  
                5.55156E-03     -165.045E-09  
                5.55546E-03     -116.486E-09  
                5.56327E-03      -17.0712E-09 
                5.56717E-03       33.0145E-09 
                5.57107E-03       82.8247E-09 
                5.57887E-03      180.009E-09  
                5.58277E-03      226.58E-09   
                5.58668E-03      271.276E-09  
                5.59058E-03      313.714E-09  
                5.59838E-03      390.356E-09  
                5.60228E-03      423.883E-09  
                5.60618E-03      453.805E-09  
                5.61008E-03      479.853E-09  
                5.61789E-03      519.427E-09  
                5.62179E-03      532.6E-09    
                5.62569E-03      541.2E-09    
                5.63349E-03      544.453E-09  
                5.63739E-03      539.111E-09  
                5.64129E-03      529.201E-09  
                5.6452E-03       514.841E-09  
                5.653E-03        473.454E-09  
                5.6569E-03       446.869E-09  
                5.6608E-03       416.715E-09  
                5.6686E-03       346.955E-09  
                5.6725E-03       308.044E-09  
                5.67641E-03      266.942E-09  
                5.68031E-03      224.039E-09  
                5.68811E-03      134.429E-09  
                5.69201E-03       88.5276E-09 
                5.69591E-03       42.4265E-09 
                5.70371E-03      -48.8323E-09 
                5.70762E-03      -93.2531E-09 
                5.71152E-03     -136.405E-09  
                5.71542E-03     -177.967E-09  
                5.72322E-03     -255.142E-09  
                5.72712E-03     -290.228E-09  
                5.73102E-03     -322.67E-09   
                5.73883E-03     -378.84E-09   
                5.74273E-03     -402.244E-09  
                5.74663E-03     -422.35E-09   
                5.75053E-03     -439.059E-09  
                5.75833E-03     -461.997E-09  
                5.76223E-03     -468.141E-09  
                5.76614E-03     -470.715E-09  
                5.77004E-03     -469.733E-09  
                5.77784E-03     -457.256E-09  
                5.78174E-03     -445.892E-09  
                5.78564E-03     -431.232E-09  
                5.79344E-03     -392.516E-09  
                5.79735E-03     -368.756E-09  
                5.80125E-03     -342.289E-09  
                5.80515E-03     -313.314E-09  
                5.81295E-03     -248.721E-09  
                5.81685E-03     -213.588E-09  
                5.82075E-03     -176.915E-09  
                5.82856E-03     -100.092E-09  
                5.83246E-03      -60.542E-09  
                5.83636E-03      -20.6505E-09 
                5.84026E-03       19.2617E-09 
                5.84806E-03       97.8485E-09 
                5.85196E-03      135.874E-09  
                5.85587E-03      172.629E-09  
                5.86367E-03      241.101E-09  
                5.86757E-03      272.237E-09  
                5.87147E-03      300.947E-09  
                5.87537E-03      326.987E-09  
                5.88317E-03      370.198E-09  
                5.88708E-03      387.007E-09  
                5.89098E-03      400.426E-09  
                5.89878E-03      416.7E-09    
                5.90268E-03      419.441E-09  
                5.90658E-03      418.564E-09  
                5.91048E-03      414.095E-09  
                5.91829E-03      394.65E-09   
                5.92219E-03      379.886E-09  
                5.92609E-03      361.955E-09  
                5.93389E-03      317.326E-09  
                5.93779E-03      291.062E-09  
                5.94169E-03      262.488E-09  
                5.9456E-03       231.872E-09  
                5.9534E-03       165.653E-09  
                5.9573E-03       130.649E-09  
                5.9612E-03        94.7939E-09 
                5.9651E-03        58.404E-09  
                5.97291E-03      -14.7174E-09 
                5.97681E-03      -50.8238E-09 
                5.98071E-03      -86.2203E-09 
                5.98851E-03     -153.718E-09  
                5.99241E-03     -185.268E-09  
                5.99631E-03     -215.011E-09  
                6.00021E-03     -242.71E-09   
                6.00802E-03     -291.14E-09   
                6.01192E-03     -311.504E-09  
                6.01582E-03     -329.097E-09  
                6.02362E-03     -355.497E-09  
                6.02752E-03     -364.135E-09  
                6.03142E-03     -369.663E-09  
                6.03533E-03     -372.06E-09   
                6.04313E-03     -367.524E-09  
                6.04703E-03     -360.684E-09  
                6.05093E-03     -350.901E-09  
                6.05873E-03     -322.961E-09  
                6.06264E-03     -305.091E-09  
                6.06654E-03     -284.846E-09  
                6.07044E-03     -262.419E-09  
                6.07824E-03     -211.865E-09  
                6.08214E-03     -184.2E-09    
                6.08604E-03     -155.268E-09  
                6.09385E-03      -94.6279E-09 
                6.09775E-03      -63.4461E-09 
                6.10165E-03      -32.0436E-09 
                6.10555E-03     -685.589E-12  
                6.11335E-03       60.8552E-09 
                6.11725E-03       90.5322E-09 
                6.12115E-03      119.157E-09  
                6.12506E-03      146.501E-09  
                6.13286E-03      196.496E-09  
                6.13676E-03      218.76E-09   
                6.14066E-03      238.969E-09  
                6.14846E-03      272.64E-09   
                6.15237E-03      285.858E-09  
                6.15627E-03      296.535E-09  
                6.16017E-03      304.6E-09    
                6.16797E-03      312.72E-09   
                6.17187E-03      312.741E-09  
                6.17577E-03      310.082E-09  
                6.18358E-03      296.897E-09  
                6.18748E-03      286.509E-09  
                6.19138E-03      273.716E-09  
                6.19528E-03      258.637E-09  
                6.20308E-03      222.196E-09  
                6.20698E-03      201.162E-09  
                6.21089E-03      178.499E-09  
                6.21869E-03      129.113E-09  
                6.22259E-03      102.833E-09  
                6.22649E-03       75.808E-09  
                6.23039E-03       48.2819E-09 
                6.23819E-03       -7.2693E-09 
                6.2421E-03       -34.7863E-09 
                6.246E-03        -61.7926E-09 
                6.2538E-03      -113.279E-09  
                6.2577E-03      -137.28E-09   
                6.2616E-03      -159.816E-09  
                6.2655E-03      -180.675E-09  
                6.27331E-03     -216.595E-09  
                6.27721E-03     -231.318E-09  
                6.28111E-03     -243.691E-09  
                6.28501E-03     -253.601E-09  
                6.29281E-03     -265.687E-09  
                6.29671E-03     -267.757E-09  
                6.30062E-03     -267.15E-09   
                6.30842E-03     -257.981E-09  
                6.31232E-03     -249.518E-09  
                6.31622E-03     -238.576E-09  
                6.32012E-03     -225.263E-09  
                6.32792E-03     -192.062E-09  
                6.33183E-03     -172.485E-09  
                6.33573E-03     -151.156E-09  
                6.34353E-03     -104.008E-09  
                6.34743E-03      -78.5873E-09 
                6.35133E-03      -52.2091E-09 
                6.35523E-03      -25.0773E-09 
                6.36304E-03       30.648E-09  
                6.36694E-03       58.8596E-09 
                6.37084E-03       87.0655E-09 
                6.37864E-03      142.823E-09  
                6.38254E-03      170.094E-09  
                6.38644E-03      196.801E-09  
                6.39035E-03      222.847E-09  
                6.39815E-03      272.667E-09  
                6.40205E-03      296.342E-09  
                6.40595E-03      319.161E-09  
                6.41375E-03      362.239E-09  
                6.41765E-03      382.549E-09  
                6.42156E-03      402.1E-09    
                6.42546E-03      420.958E-09  
                6.43326E-03      456.929E-09  
                6.43716E-03      474.243E-09  
                6.44106E-03      491.265E-09  
                6.44886E-03      524.967E-09  
                6.45277E-03      541.944E-09  
                6.45667E-03      559.22E-09   
                6.46057E-03      576.97E-09   
                6.46837E-03      614.649E-09  
                6.47227E-03      634.982E-09  
                6.47617E-03      656.6E-09    
                6.48008E-03      679.733E-09  
                6.48788E-03      731.535E-09  
                6.49178E-03      760.725E-09  
                6.49568E-03      792.479E-09  
                6.50348E-03      864.854E-09  
                6.50738E-03      906.094E-09  
                6.51129E-03      951.133E-09  
                6.51519E-03        1.0003E-06 
                6.52299E-03        1.11242E-06
                6.52689E-03        1.17607E-06
                6.53079E-03        1.24525E-06
                6.5386E-03         1.40166E-06
                6.5425E-03         1.48959E-06
                6.5464E-03         1.58447E-06
                6.5503E-03         1.68666E-06
                6.5581E-03         1.91423E-06
                6.562E-03          2.04027E-06
                6.5659E-03         2.17486E-06
                6.57371E-03        2.47087E-06
                6.57761E-03        2.63281E-06
                6.58151E-03        2.80436E-06
                6.58541E-03        2.98575E-06
                6.59321E-03        3.37887E-06
                6.59711E-03        3.59099E-06
                6.60102E-03        3.81372E-06
                6.60882E-03        4.29171E-06
                6.61272E-03        4.54729E-06
                6.61662E-03        4.81414E-06
                6.62052E-03        5.09244E-06
                6.62832E-03        5.68404E-06
                6.63223E-03        5.9977E-06 
                6.63613E-03        6.32353E-06
                6.64003E-03        6.66173E-06
                6.64783E-03        7.37617E-06
                6.65173E-03        7.7529E-06 
                6.65563E-03        8.143E-06  
                6.66344E-03        8.96448E-06
                6.66734E-03        9.39649E-06
                6.67124E-03        9.84314E-06
                6.67514E-03       10.3048E-06 
                6.68294E-03       11.2745E-06 
                6.68684E-03       11.7833E-06 
                6.69075E-03       12.3087E-06 
                6.69855E-03       13.4106E-06 
                6.70245E-03       13.988E-06  
                6.70635E-03       14.5835E-06 
                6.71025E-03       15.1976E-06 
                6.71806E-03       16.4831E-06 
                6.72196E-03       17.1552E-06 
                6.72586E-03       17.8476E-06 
                6.73366E-03       19.2942E-06 
                6.73756E-03       20.0492E-06 
                6.74146E-03       20.8257E-06 
                6.74536E-03       21.6242E-06 
                6.75317E-03       23.288E-06  
                6.75707E-03       24.154E-06  
                6.76097E-03       25.043E-06  
                6.76877E-03       26.8912E-06 
                6.77267E-03       27.8508E-06 
                6.77658E-03       28.8343E-06 
                6.78048E-03       29.8419E-06 
                6.78828E-03       31.9299E-06 
                6.79218E-03       33.0105E-06 
                6.79608E-03       34.1156E-06 
                6.80388E-03       36.3993E-06 
                6.80779E-03       37.578E-06  
                6.81169E-03       38.781E-06  
                6.81559E-03       40.0084E-06 
                6.82339E-03       42.5354E-06 
                6.82729E-03       43.8347E-06 
                6.83119E-03       45.1574E-06 
                6.83509E-03       46.5032E-06 
                6.8429E-03        49.2629E-06 
                6.8468E-03        50.6758E-06 
                6.8507E-03        52.1102E-06 
                6.8585E-03        55.0411E-06 
                6.8624E-03        56.5364E-06 
                6.86631E-03       58.0507E-06 
                6.87021E-03       59.5833E-06 
                6.87801E-03       62.7004E-06 
                6.88191E-03       64.2834E-06 
                6.88581E-03       65.8815E-06 
                6.89361E-03       69.1197E-06 
                6.89752E-03       70.7579E-06 
                6.90142E-03       72.4077E-06 
                6.90532E-03       74.068E-06  
                6.91312E-03       77.4165E-06 
                6.91702E-03       79.1027E-06 
                6.92092E-03       80.7954E-06 
                6.92873E-03       84.1966E-06 
                6.93263E-03       85.903E-06  
                6.93653E-03       87.612E-06  
                6.94043E-03       89.3223E-06 
                6.94823E-03       92.7433E-06 
                6.95213E-03       94.4518E-06 
                6.95604E-03       96.1577E-06 
                6.96384E-03       99.5572E-06 
                6.96774E-03      101.249E-06  
                6.97164E-03      102.934E-06  
                6.97554E-03      104.611E-06  
                6.98334E-03      107.938E-06  
                6.98725E-03      109.586E-06  
                6.99115E-03      111.222E-06  
                6.99505E-03      112.845E-06  
                7.00285E-03      116.051E-06  
                7.00675E-03      117.631E-06  
                7.01065E-03      119.194E-06  
                7.01846E-03      122.269E-06  
                7.02236E-03      123.778E-06  
                7.02626E-03      125.268E-06  
                7.03016E-03      126.737E-06  
                7.03796E-03      129.61E-06   
                7.04186E-03      131.012E-06  
                7.04577E-03      132.391E-06  
                7.05357E-03      135.074E-06  
                7.05747E-03      136.378E-06  
                7.06137E-03      137.655E-06  
                7.06527E-03      138.905E-06  
                7.07307E-03      141.322E-06  
                7.07698E-03      142.488E-06  
                7.08088E-03      143.625E-06  
                7.08868E-03      145.81E-06   
                7.09258E-03      146.856E-06  
                7.09648E-03      147.872E-06  
                7.10038E-03      148.857E-06  
                7.10819E-03      150.733E-06  
                7.11209E-03      151.623E-06  
                7.11599E-03      152.481E-06  
                7.12379E-03      154.1E-06    
                7.12769E-03      154.861E-06  
                7.13159E-03      155.59E-06   
                7.1355E-03       156.286E-06  
                7.1433E-03       157.581E-06  
                7.1472E-03       158.18E-06   
                7.1511E-03       158.746E-06  
                7.155E-03        159.281E-06  
                7.1628E-03       160.255E-06  
                7.16671E-03      160.694E-06  
                7.17061E-03      161.103E-06  
                7.17841E-03      161.827E-06  
                7.18231E-03      162.144E-06  
                7.18621E-03      162.43E-06   
                7.19011E-03      162.688E-06  
                7.19792E-03      163.115E-06  
                7.20182E-03      163.285E-06  
                7.20572E-03      163.428E-06  
                7.21352E-03      163.631E-06  
                7.21742E-03      163.693E-06  
                7.22132E-03      163.728E-06  
                7.22523E-03      163.737E-06  
                7.23303E-03      163.681E-06  
                7.23693E-03      163.616E-06  
                7.24083E-03      163.528E-06  
                7.24863E-03      163.281E-06  
                7.25253E-03      163.124E-06  
                7.25644E-03      162.945E-06  
                7.26034E-03      162.745E-06  
                7.26814E-03      162.282E-06  
                7.27204E-03      162.02E-06   
                7.27594E-03      161.738E-06  
                7.28375E-03      161.117E-06  
                7.28765E-03      160.779E-06  
                7.29155E-03      160.423E-06  
                7.29545E-03      160.048E-06  
                7.30325E-03      159.246E-06  
                7.30715E-03      158.82E-06   
                7.31105E-03      158.376E-06  
                7.31886E-03      157.437E-06  
                7.32276E-03      156.943E-06  
                7.32666E-03      156.432E-06  
                7.33056E-03      155.905E-06  
                7.33836E-03      154.799E-06  
                7.34227E-03      154.221E-06  
                7.34617E-03      153.626E-06  
                7.35007E-03      153.014E-06  
                7.35787E-03      151.738E-06  
                7.36177E-03      151.074E-06  
                7.36567E-03      150.392E-06  
                7.37348E-03      148.973E-06  
                7.37738E-03      148.236E-06  
                7.38128E-03      147.481E-06  
                7.38518E-03      146.706E-06  
                7.39298E-03      145.1E-06    
                7.39688E-03      144.267E-06  
                7.40078E-03      143.414E-06  
                7.40859E-03      141.649E-06  
                7.41249E-03      140.736E-06  
                7.41639E-03      139.802E-06  
                7.42029E-03      138.848E-06  
                7.42809E-03      136.876E-06  
                7.43199E-03      135.859E-06  
                7.4359E-03       134.821E-06  
                7.4437E-03       132.681E-06  
                7.4476E-03       131.579E-06  
                7.4515E-03       130.456E-06  
                7.4554E-03       129.312E-06  
                7.46321E-03      126.961E-06  
                7.46711E-03      125.754E-06  
                7.47101E-03      124.526E-06  
                7.47881E-03      122.009E-06  
                7.48271E-03      120.719E-06  
                7.48661E-03      119.41E-06   
                7.49051E-03      118.082E-06  
                7.49832E-03      115.366E-06  
                7.50222E-03      113.98E-06   
                7.50612E-03      112.576E-06  
                7.51002E-03      111.154E-06  
                7.51782E-03      108.259E-06  
                7.52173E-03      106.787E-06  
                7.52563E-03      105.3E-06    
                7.53343E-03      102.28E-06   
                7.53733E-03      100.749E-06  
                7.54123E-03       99.2053E-06 
                7.54513E-03       97.6494E-06 
                7.55294E-03       94.5042E-06 
                7.55684E-03       92.9164E-06 
                7.56074E-03       91.3196E-06 
                7.56854E-03       88.1022E-06 
                7.57244E-03       86.4834E-06 
                7.57634E-03       84.8589E-06 
                7.58025E-03       83.2296E-06 
                7.58805E-03       79.9603E-06 
                7.59195E-03       78.3219E-06 
                7.59585E-03       76.6821E-06 
                7.60365E-03       73.402E-06  
                7.60755E-03       71.7633E-06 
                7.61146E-03       70.1266E-06 
                7.61536E-03       68.4927E-06 
                7.62316E-03       65.2364E-06 
                7.62706E-03       63.6155E-06 
                7.63096E-03       62.0006E-06 
                7.63876E-03       58.7916E-06 
                7.64267E-03       57.1989E-06 
                7.64657E-03       55.6151E-06 
                7.65047E-03       54.0408E-06 
                7.65827E-03       50.9237E-06 
                7.66217E-03       49.3823E-06 
                7.66607E-03       47.8532E-06 
                7.67388E-03       44.8344E-06 
                7.67778E-03       43.3461E-06 
                7.68168E-03       41.8726E-06 
                7.68558E-03       40.4146E-06 
                7.69338E-03       37.5474E-06 
                7.69728E-03       36.1394E-06 
                7.70119E-03       34.7492E-06 
                7.70509E-03       33.3773E-06 
                7.71289E-03       30.6905E-06 
                7.71679E-03       29.3767E-06 
                7.72069E-03       28.0832E-06 
                7.72849E-03       25.559E-06  
                7.7324E-03        24.3291E-06 
                7.7363E-03        23.1213E-06 
                7.7402E-03        21.9359E-06 
                7.748E-03         19.6337E-06 
                7.7519E-03        18.5175E-06 
                7.7558E-03        17.4251E-06 
                7.76361E-03       15.3126E-06 
                7.76751E-03       14.293E-06  
                7.77141E-03       13.2981E-06 
                7.77531E-03       12.3281E-06 
                7.78311E-03       10.4638E-06 
                7.78701E-03        9.56976E-06
                7.79092E-03        8.70132E-06
                7.79872E-03        7.04177E-06
                7.80262E-03        6.25086E-06
                7.80652E-03        5.48597E-06
                7.81042E-03        4.74717E-06
                7.81822E-03        3.348E-06  
                7.82213E-03        2.68769E-06
                7.82603E-03        2.05356E-06
                7.83383E-03      863.787E-09  
                7.83773E-03      308.055E-09  
                7.84163E-03     -221.66E-09   
                7.84553E-03     -725.446E-09  
                7.85334E-03       -1.65568E-06
                7.85724E-03       -2.0824E-06 
                7.86114E-03       -2.48374E-06
                7.86504E-03       -2.85989E-06
                7.87284E-03       -3.5375E-06 
                7.87674E-03       -3.83945E-06
                7.88065E-03       -4.11719E-06
                7.88845E-03       -4.60129E-06
                7.89235E-03       -4.80833E-06
                7.89625E-03       -4.99251E-06
                7.90015E-03       -5.15425E-06
                7.90796E-03       -5.41206E-06
                7.91186E-03       -5.50906E-06
                7.91576E-03       -5.58542E-06
                7.92356E-03       -5.67834E-06
                7.92746E-03       -5.69598E-06
                7.93136E-03       -5.69517E-06
                7.93526E-03       -5.6765E-06 
                7.94307E-03       -5.58806E-06
                7.94697E-03       -5.51957E-06
                7.95087E-03       -5.43578E-06
                7.95867E-03       -5.22501E-06
                7.96257E-03       -5.09943E-06
                7.96647E-03       -4.96134E-06
                7.97038E-03       -4.81145E-06
                7.97818E-03       -4.47922E-06
                7.98208E-03       -4.29838E-06
                7.98598E-03       -4.10871E-06
                7.99378E-03       -3.70595E-06
                7.99768E-03       -3.49438E-06
                8.00159E-03       -3.27703E-06
                8.00549E-03       -3.05467E-06
                8.01329E-03       -2.59801E-06
                8.01719E-03       -2.36522E-06
                8.02109E-03       -2.13049E-06
                8.0289E-03        -1.6582E-06 
                8.0328E-03        -1.42214E-06
                8.0367E-03        -1.18713E-06
                8.0406E-03      -953.887E-09  
                8.0484E-03      -495.594E-09  
                8.0523E-03      -271.94E-09   
                8.0562E-03       -52.8567E-09 
                8.06011E-03      160.997E-09  
                8.06791E-03      570.483E-09  
                8.07181E-03      764.906E-09  
                8.07571E-03      951.685E-09  
                8.08351E-03        1.3002E-06 
                8.08742E-03        1.46096E-06
                8.09132E-03        1.61213E-06
                8.09522E-03        1.75331E-06
                8.10302E-03        2.00433E-06
                8.10692E-03        2.11357E-06
                8.11082E-03        2.21165E-06
                8.11863E-03        2.37365E-06
                8.12253E-03        2.43734E-06
                8.12643E-03        2.48941E-06
                8.13033E-03        2.52989E-06
                8.13813E-03        2.57627E-06
                8.14203E-03        2.58243E-06
                8.14594E-03        2.57746E-06
                8.15374E-03        2.5351E-06 
                8.15764E-03        2.4983E-06 
                8.16154E-03        2.45153E-06
                8.16544E-03        2.39517E-06
                8.17324E-03        2.25536E-06
                8.17715E-03        2.17283E-06
                8.18105E-03        2.08254E-06
                8.18885E-03        1.88073E-06
                8.19275E-03        1.77032E-06
                8.19665E-03        1.65432E-06
                8.20055E-03        1.53333E-06
                8.20836E-03        1.27872E-06
                8.21226E-03        1.14633E-06
                8.21616E-03        1.01137E-06
                8.22006E-03      874.445E-09  
                8.22786E-03      597.213E-09  
                8.23176E-03      458.136E-09  
                8.23567E-03      319.566E-09  
                8.24347E-03       46.3518E-09 
                8.24737E-03      -87.1151E-09 
                8.25127E-03     -217.724E-09  
                8.25517E-03     -344.921E-09  
                8.26297E-03     -586.951E-09  
                8.26688E-03     -700.773E-09  
                8.27078E-03     -809.163E-09  
                8.27858E-03       -1.00791E-06
                8.28248E-03       -1.09747E-06
                8.28638E-03       -1.18002E-06
                8.29028E-03       -1.25524E-06
                8.29809E-03       -1.38265E-06
                8.30199E-03       -1.43442E-06
                8.30589E-03       -1.47801E-06
                8.31369E-03       -1.54032E-06
                8.31759E-03       -1.55896E-06
                8.32149E-03       -1.5693E-06 
                8.3254E-03        -1.57139E-06
                8.3332E-03        -1.55142E-06
                8.3371E-03        -1.52972E-06
                8.341E-03         -1.50054E-06
                8.3488E-03        -1.42092E-06
                8.3527E-03        -1.37116E-06
                8.35661E-03       -1.31528E-06
                8.36051E-03       -1.25369E-06
                8.36831E-03       -1.11519E-06
                8.37221E-03       -1.03923E-06
                8.37611E-03     -959.44E-09   
                8.38001E-03     -876.335E-09  
                8.38782E-03     -702.233E-09  
                8.39172E-03     -612.27E-09   
                8.39562E-03     -521.053E-09  
                8.40342E-03     -336.883E-09  
                8.40732E-03     -244.921E-09  
                8.41122E-03     -153.68E-09   
                8.41512E-03      -63.6219E-09 
                8.42293E-03      111.195E-09  
                8.42683E-03      195.126E-09  
                8.43073E-03      276.223E-09  
                8.43853E-03      428.507E-09  
                8.44243E-03      499.05E-09   
                8.44634E-03      565.475E-09  
                8.45024E-03      627.522E-09  
                8.45804E-03      737.587E-09  
                8.46194E-03      785.223E-09  
                8.46584E-03      827.718E-09  
                8.47365E-03      896.821E-09  
                8.47755E-03      923.265E-09  
                8.48145E-03      944.24E-09   
                8.48535E-03      959.733E-09  
                8.49315E-03      974.354E-09  
                8.49705E-03      973.59E-09   
                8.50095E-03      967.558E-09  
                8.50876E-03      940.194E-09  
                8.51266E-03      919.177E-09  
                8.51656E-03      893.517E-09  
                8.52046E-03      863.43E-09   
                8.52826E-03      790.946E-09  
                8.53216E-03      749.082E-09  
                8.53607E-03      703.855E-09  
                8.54387E-03      604.56E-09   
                8.54777E-03      551.15E-09   
                8.55167E-03      495.685E-09  
                8.55557E-03      438.517E-09  
                8.56338E-03      320.497E-09  
                8.56728E-03      260.363E-09  
                8.57118E-03      199.956E-09  
                8.57508E-03      139.628E-09  
                8.58288E-03       20.5845E-09 
                8.58678E-03      -37.4687E-09 
                8.59068E-03      -94.1218E-09 
                8.59849E-03     -202.054E-09  
                8.60239E-03     -252.791E-09  
                8.60629E-03     -301.043E-09  
                8.61019E-03     -346.59E-09   
                8.61799E-03     -428.788E-09  
                8.62189E-03     -465.109E-09  
                8.6258E-03      -498.06E-09   
                8.6336E-03      -553.454E-09  
                8.6375E-03      -575.752E-09  
                8.6414E-03      -594.393E-09  
                8.6453E-03      -609.363E-09  
                8.6531E-03      -628.339E-09  
                8.65701E-03     -632.419E-09  
                8.66091E-03     -632.977E-09  
                8.66871E-03     -623.877E-09  
                8.67261E-03     -614.436E-09  
                8.67651E-03     -601.902E-09  
                8.68041E-03     -586.417E-09  
                8.68822E-03     -547.219E-09  
                8.69212E-03     -523.842E-09  
                8.69602E-03     -498.184E-09  
                8.70382E-03     -440.77E-09   
                8.70772E-03     -409.4E-09    
                8.71163E-03     -376.519E-09  
                8.71553E-03     -342.325E-09  
                8.72333E-03     -270.803E-09  
                8.72723E-03     -233.876E-09  
                8.73113E-03     -196.436E-09  
                8.73503E-03     -158.681E-09  
                8.74284E-03      -82.9898E-09 
                8.74674E-03      -45.4307E-09 
                8.75064E-03       -8.30558E-09
                8.75844E-03       63.9429E-09 
                8.76234E-03       98.7306E-09 
                8.76624E-03      132.414E-09  
                8.77014E-03      164.841E-09  
                8.77795E-03      225.355E-09  
                8.78185E-03      253.176E-09  
                8.78575E-03      279.209E-09  
                8.79355E-03      325.474E-09  
                8.79745E-03      345.51E-09   
                8.80136E-03      363.369E-09  
                8.80526E-03      378.978E-09  
                8.81306E-03      403.216E-09  
                8.81696E-03      411.759E-09  
                8.82086E-03      417.879E-09  
                8.82866E-03      422.822E-09  
                8.83257E-03      421.658E-09  
                8.83647E-03      418.104E-09  
                8.84037E-03      412.202E-09  
                8.84817E-03      393.581E-09  
                8.85207E-03      381.013E-09  
                8.85597E-03      366.393E-09  
                8.86378E-03      331.435E-09  
                8.86768E-03      311.342E-09  
                8.87158E-03      289.687E-09  
                8.87548E-03      266.616E-09  
                8.88328E-03      216.852E-09  
                8.88718E-03      190.486E-09  
                8.89109E-03      163.354E-09  
                8.89889E-03      107.486E-09  
                8.90279E-03       79.0949E-09 
                8.90669E-03       50.6281E-09 
                8.91059E-03       22.2535E-09 
                8.91839E-03      -33.5694E-09 
                8.9223E-03       -60.7073E-09 
                8.9262E-03       -87.1343E-09 
                8.9301E-03      -112.714E-09  
                8.9379E-03      -160.829E-09  
                8.9418E-03      -183.137E-09  
                8.9457E-03      -204.143E-09  
                8.95351E-03     -241.902E-09  
                8.95741E-03     -258.505E-09  
                8.96131E-03     -273.507E-09  
                8.96521E-03     -286.856E-09  
                8.97301E-03     -308.432E-09  
                8.97691E-03     -316.597E-09  
                8.98081E-03     -322.985E-09  
                8.98862E-03     -330.387E-09  
                8.99252E-03     -331.396E-09  
                8.99642E-03     -330.616E-09  
                9.00032E-03     -328.061E-09  
                9.00812E-03     -317.709E-09  
                9.01203E-03     -309.969E-09  
                9.01593E-03     -300.568E-09  
                9.02373E-03     -276.97E-09   
                9.02763E-03     -262.886E-09  
                9.03153E-03     -247.367E-09  
                9.03543E-03     -230.487E-09  
                9.04324E-03     -192.999E-09  
                9.04714E-03     -172.585E-09  
                9.05104E-03     -151.205E-09  
                9.05884E-03     -106.032E-09  
                9.06274E-03      -82.5063E-09 
                9.06664E-03      -58.5438E-09 
                9.07055E-03      -34.296E-09  
                9.07835E-03       14.424E-09  
                9.08225E-03       38.5704E-09 
                9.08615E-03       62.3534E-09 
                9.09005E-03       85.6064E-09 
                9.09785E-03      129.866E-09  
                9.10176E-03      150.555E-09  
                9.10566E-03      170.08E-09   
                9.11346E-03      205.084E-09  
                9.11736E-03      220.311E-09  
                9.12126E-03      233.875E-09  
                9.12516E-03      245.683E-09  
                9.13297E-03      263.735E-09  
                9.13687E-03      269.873E-09  
                9.14077E-03      274.041E-09  
                9.14857E-03      276.444E-09  
                9.15247E-03      274.706E-09  
                9.15637E-03      271.053E-09  
                9.16028E-03      265.538E-09  
                9.16808E-03      249.207E-09  
                9.17198E-03      238.562E-09  
                9.17588E-03      226.397E-09  
                9.18368E-03      197.959E-09  
                9.18758E-03      181.929E-09  
                9.19149E-03      164.864E-09  
                9.19539E-03      146.896E-09  
                9.20319E-03      108.794E-09  
                9.20709E-03       88.9317E-09 
                9.21099E-03       68.7089E-09 
                9.21879E-03       27.7118E-09 
                9.2227E-03         7.19562E-09
                9.2266E-03       -13.1657E-09 
                9.2305E-03       -33.252E-09  
                9.2383E-03       -72.1387E-09 
                9.2422E-03       -90.7197E-09 
                9.2461E-03      -108.587E-09  
                9.25001E-03     -125.641E-09  
                9.25781E-03     -156.941E-09  
                9.26171E-03     -171.012E-09  
                9.26561E-03     -183.923E-09  
                9.27341E-03     -205.973E-09  
                9.27732E-03     -214.982E-09  
                9.28122E-03     -222.569E-09  
                9.28512E-03     -228.685E-09  
                9.29292E-03     -236.349E-09  
                9.29682E-03     -237.839E-09  
                9.30072E-03     -237.745E-09  
                9.30853E-03     -232.794E-09  
                9.31243E-03     -227.961E-09  
                9.31633E-03     -221.591E-09  
                9.32023E-03     -213.724E-09  
                9.32803E-03     -193.724E-09  
                9.33193E-03     -181.732E-09  
                9.33583E-03     -168.527E-09  
                9.34364E-03     -138.887E-09  
                9.34754E-03     -122.682E-09  
                9.35144E-03     -105.724E-09  
                9.35534E-03      -88.1484E-09 
                9.36314E-03      -51.722E-09  
                9.36705E-03      -33.1699E-09 
                9.37095E-03      -14.5951E-09 
                9.37875E-03       22.0128E-09 
                9.38265E-03       39.7463E-09 
                9.38655E-03       56.9069E-09 
                9.39045E-03       73.3578E-09 
                9.39826E-03      103.623E-09  
                9.40216E-03      117.208E-09  
                9.40606E-03      129.627E-09  
                9.41386E-03      150.637E-09  
                9.41776E-03      159.096E-09  
                9.42166E-03      166.127E-09  
                9.42556E-03      171.698E-09  
                9.43337E-03      178.404E-09  
                9.43727E-03      179.546E-09  
                9.44117E-03      179.241E-09  
                9.44507E-03      177.522E-09  
                9.45287E-03      170.044E-09  
                9.45677E-03      164.408E-09  
                9.46068E-03      157.604E-09  
                9.46848E-03      140.835E-09  
                9.47238E-03      131.053E-09  
                9.47628E-03      120.472E-09  
                9.48018E-03      109.194E-09  
                9.48799E-03       84.9719E-09 
                9.49189E-03       72.2424E-09 
                9.49579E-03       59.2441E-09 
                9.50359E-03       32.8653E-09 
                9.50749E-03       19.6922E-09 
                9.51139E-03        6.66367E-09
                9.5153E-03        -6.12426E-09
                9.5231E-03       -30.6146E-09 
                9.527E-03        -42.1467E-09 
                9.5309E-03       -53.0983E-09 
                9.5387E-03       -72.9772E-09 
                9.5426E-03       -81.778E-09  
                9.5465E-03       -89.7455E-09 
                9.55041E-03      -96.832E-09  
                9.55821E-03     -108.204E-09  
                9.56211E-03     -112.427E-09  
                9.56601E-03     -115.643E-09  
                9.57381E-03     -119.007E-09  
                9.57772E-03     -119.145E-09  
                9.58162E-03     -118.258E-09  
                9.58552E-03     -116.357E-09  
                9.59332E-03     -109.589E-09  
                9.59722E-03     -104.774E-09  
                9.60112E-03      -99.0469E-09 
                9.60503E-03      -92.4471E-09 
                9.61283E-03      -76.8027E-09 
                9.61673E-03      -67.8546E-09 
                9.62063E-03      -58.2254E-09 
                9.62843E-03      -37.1464E-09 
                9.63233E-03      -25.812E-09  
                9.63624E-03      -14.0261E-09 
                9.64014E-03       -1.84787E-09
                9.64794E-03       23.4513E-09 
                9.65184E-03       36.4585E-09 
                9.65574E-03       49.6312E-09 
                9.66354E-03       76.2718E-09 
                9.66745E-03       89.6473E-09 
                9.67135E-03      103.005E-09  
                9.67525E-03      116.31E-09   
                9.68305E-03      142.648E-09  
                9.68695E-03      155.639E-09  
                9.69085E-03      168.495E-09  
                9.69866E-03      193.791E-09  
                9.70256E-03      206.245E-09  
                9.70646E-03      218.591E-09  
                9.71036E-03      230.858E-09  
                9.71816E-03      255.296E-09  
                9.72206E-03      267.563E-09  
                9.72597E-03      279.939E-09  
                9.73377E-03      305.295E-09  
                9.73767E-03      318.434E-09  
                9.74157E-03      331.998E-09  
                9.74547E-03      346.085E-09  
                9.75327E-03      376.245E-09  
                9.75718E-03      392.542E-09  
                9.76108E-03      409.807E-09  
                9.76888E-03      447.73E-09   
                9.77278E-03      468.64E-09   
                9.77668E-03      491.02E-09   
                9.78058E-03      514.998E-09  
                9.78839E-03      568.262E-09  
                9.79229E-03      597.802E-09  
                9.79619E-03      629.446E-09  
                9.80009E-03      663.315E-09  
                9.80789E-03      738.2E-09    
                9.81179E-03      779.443E-09  
                9.8157E-03       823.366E-09  
                9.8235E-03       919.669E-09  
                9.8274E-03       972.251E-09  
                9.8313E-03         1.02792E-06
                9.8352E-03         1.08677E-06
                9.84301E-03        1.2144E-06 
                9.84691E-03        1.28337E-06
                9.85081E-03        1.35592E-06
                9.85861E-03        1.51212E-06
                9.86251E-03        1.59599E-06
                9.86641E-03        1.68387E-06
                9.87031E-03        1.77586E-06
                9.87812E-03        1.97273E-06
                9.88202E-03        2.07789E-06
                9.88592E-03        2.18772E-06
                9.89372E-03        2.42207E-06
                9.89762E-03        2.54693E-06
                9.90152E-03        2.67716E-06
                9.90543E-03        2.81295E-06
                9.91323E-03        3.10206E-06
                9.91713E-03        3.25579E-06
                9.92103E-03        3.41595E-06
                9.92883E-03        3.75644E-06
                9.93274E-03        3.93724E-06
                9.93664E-03        4.12542E-06
                9.94054E-03        4.32121E-06
                9.94834E-03        4.73662E-06
                9.95224E-03        4.95675E-06
                9.95614E-03        5.1855E-06 
                9.96004E-03        5.42314E-06
                9.96779E-03        5.92246E-06
                9.97159E-03        6.18068E-06
                9.97533E-03        6.44439E-06
                9.98265E-03        6.98763E-06
                9.98622E-03        7.26678E-06
                9.99322E-03        7.8391E-06 
                9.99664E-03        8.13183E-06
               10.E-03             8.42868E-06




