
                  X               _temp_2     

                0.                 0.         
                7.80259E-06        1.11943E-06
               11.7039E-06         2.28434E-06
               15.6052E-06         3.59353E-06
               23.4078E-06         6.03406E-06
               27.309E-06          7.03467E-06
               31.2103E-06         7.91544E-06
               35.1116E-06         8.74567E-06
               42.9142E-06        10.5187E-06 
               46.8155E-06        11.5244E-06 
               50.7168E-06        12.5975E-06 
               58.5194E-06        14.7981E-06 
               62.4207E-06        15.8615E-06 
               66.322E-06         16.884E-06  
               70.2233E-06        17.8776E-06 
               78.0259E-06        19.8663E-06 
               81.9272E-06        20.9019E-06 
               85.8285E-06        21.9752E-06 
               93.631E-06         24.2019E-06 
               97.5323E-06        25.3232E-06 
              101.434E-06         26.4315E-06 
              105.335E-06         27.5183E-06 
              113.138E-06         29.6284E-06 
              117.039E-06         30.6594E-06 
              120.94E-06          31.6816E-06 
              128.743E-06         33.7053E-06 
              132.644E-06         34.7067E-06 
              136.545E-06         35.6991E-06 
              140.447E-06         36.6838E-06 
              148.249E-06         38.6303E-06 
              152.15E-06          39.5941E-06 
              156.052E-06         40.5498E-06 
              163.854E-06         42.4248E-06 
              167.756E-06         43.3304E-06 
              171.657E-06         44.2092E-06 
              175.558E-06         45.057E-06  
              183.361E-06         46.6665E-06 
              187.262E-06         47.4358E-06 
              191.163E-06         48.1926E-06 
              195.065E-06         48.943E-06  
              202.867E-06         50.4497E-06 
              206.769E-06         51.2112E-06 
              210.67E-06          51.9801E-06 
              218.472E-06         53.5267E-06 
              222.374E-06         54.2989E-06 
              226.275E-06         55.0653E-06 
              230.176E-06         55.8257E-06 
              237.979E-06         57.3176E-06 
              241.88E-06          58.0495E-06 
              245.782E-06         58.772E-06  
              253.584E-06         60.199E-06  
              257.485E-06         60.9035E-06 
              261.387E-06         61.6058E-06 
              265.288E-06         62.3049E-06 
              273.091E-06         63.697E-06  
              276.992E-06         64.3867E-06 
              280.893E-06         65.0731E-06 
              288.696E-06         66.4252E-06 
              292.597E-06         67.0897E-06 
              296.498E-06         67.744E-06  
              300.399E-06         68.3906E-06 
              308.202E-06         69.6527E-06 
              312.103E-06         70.2694E-06 
              316.005E-06         70.8755E-06 
              323.807E-06         72.0634E-06 
              327.708E-06         72.6422E-06 
              331.61E-06          73.2141E-06 
              335.511E-06         73.7776E-06 
              343.314E-06         74.8862E-06 
              347.215E-06         75.4285E-06 
              351.116E-06         75.9648E-06 
              355.017E-06         76.492E-06  
              362.82E-06          77.5145E-06 
              366.721E-06         78.0045E-06 
              370.623E-06         78.48E-06   
              378.425E-06         79.3735E-06 
              382.326E-06         79.7902E-06 
              386.228E-06         80.1846E-06 
              390.129E-06         80.5602E-06 
              397.932E-06         81.2482E-06 
              401.833E-06         81.5638E-06 
              405.734E-06         81.8608E-06 
              413.537E-06         82.4082E-06 
              417.438E-06         82.6558E-06 
              421.339E-06         82.8888E-06 
              425.24E-06          83.1045E-06 
              433.043E-06         83.486E-06  
              436.944E-06         83.6483E-06 
              440.846E-06         83.7938E-06 
              448.648E-06         84.0271E-06 
              452.549E-06         84.1164E-06 
              456.451E-06         84.1865E-06 
              460.352E-06         84.2416E-06 
              468.155E-06         84.3026E-06 
              472.056E-06         84.3123E-06 
              475.957E-06         84.3091E-06 
              483.76E-06          84.2781E-06 
              487.661E-06         84.2502E-06 
              491.562E-06         84.2197E-06 
              495.464E-06         84.1868E-06 
              503.266E-06         84.1262E-06 
              507.168E-06         84.0983E-06 
              511.069E-06         84.0759E-06 
              518.871E-06         84.0393E-06 
              522.773E-06         84.0238E-06 
              526.674E-06         84.0052E-06 
              530.575E-06         83.9845E-06 
              538.378E-06         83.9177E-06 
              542.279E-06         83.8677E-06 
              546.181E-06         83.8025E-06 
              550.082E-06         83.7242E-06 
              557.885E-06         83.5174E-06 
              561.786E-06         83.3909E-06 
              565.687E-06         83.2491E-06 
              573.49E-06          82.9292E-06 
              577.391E-06         82.7491E-06 
              581.292E-06         82.5586E-06 
              585.194E-06         82.3552E-06 
              592.996E-06         81.9089E-06 
              596.898E-06         81.6612E-06 
              600.799E-06         81.3978E-06 
              608.602E-06         80.8115E-06 
              612.503E-06         80.4878E-06 
              616.404E-06         80.1416E-06 
              620.306E-06         79.7761E-06 
              628.108E-06         78.9812E-06 
              632.009E-06         78.5546E-06 
              635.911E-06         78.1086E-06 
              643.713E-06         77.168E-06  
              647.615E-06         76.6707E-06 
              651.516E-06         76.1586E-06 
              655.417E-06         75.6298E-06 
              663.22E-06          74.5275E-06 
              667.121E-06         73.9519E-06 
              671.023E-06         73.3632E-06 
              678.825E-06         72.1438E-06 
              682.727E-06         71.5161E-06 
              686.628E-06         70.876E-06  
              690.529E-06         70.2277E-06 
              698.332E-06         68.9037E-06 
              702.233E-06         68.2305E-06 
              706.134E-06         67.5495E-06 
              710.036E-06         66.8638E-06 
              717.838E-06         65.4715E-06 
              721.74E-06          64.7663E-06 
              725.641E-06         64.0548E-06 
              733.444E-06         62.6188E-06 
              737.345E-06         61.8928E-06 
              741.246E-06         61.1643E-06 
              745.147E-06         60.4323E-06 
              752.95E-06          58.9627E-06 
              756.851E-06         58.2245E-06 
              760.753E-06         57.4862E-06 
              768.555E-06         56.0047E-06 
              772.457E-06         55.2618E-06 
              776.358E-06         54.5159E-06 
              780.259E-06         53.7688E-06 
              788.062E-06         52.2637E-06 
              791.963E-06         51.5056E-06 
              795.865E-06         50.7427E-06 
              803.667E-06         49.2047E-06 
              807.568E-06         48.4263E-06 
              811.47E-06          47.6425E-06 
              815.371E-06         46.8514E-06 
              823.174E-06         45.2462E-06 
              827.075E-06         44.4287E-06 
              830.976E-06         43.6013E-06 
              838.779E-06         41.91E-06   
              842.68E-06          41.045E-06  
              846.582E-06         40.1656E-06 
              850.483E-06         39.273E-06  
              858.285E-06         37.4449E-06 
              862.187E-06         36.5104E-06 
              866.088E-06         35.5623E-06 
              873.891E-06         33.6305E-06 
              877.792E-06         32.646E-06  
              881.693E-06         31.651E-06  
              885.595E-06         30.6451E-06 
              893.397E-06         28.6039E-06 
              897.299E-06         27.5684E-06 
              901.2E-06           26.5244E-06 
              905.101E-06         25.4719E-06 
              912.904E-06         23.3447E-06 
              916.805E-06         22.2714E-06 
              920.706E-06         21.1938E-06 
              928.509E-06         19.0287E-06 
              932.41E-06          17.944E-06  
              936.312E-06         16.859E-06  
              940.213E-06         15.7755E-06 
              948.016E-06         13.6148E-06 
              951.917E-06         12.539E-06  
              955.818E-06         11.4666E-06 
              963.621E-06          9.33366E-06
              967.522E-06          8.27276E-06
              971.423E-06          7.21587E-06
              975.325E-06          6.16281E-06
              983.127E-06          4.06861E-06
              987.029E-06          3.02763E-06
              990.93E-06           1.99115E-06
              998.733E-06        -67.3024E-09 
                1.00263E-03     -886.925E-09  
                1.00654E-03       -1.25158E-06
                1.01044E-03       -1.20858E-06
                1.01824E-03     -656.906E-09  
                1.02214E-03     -452.617E-09  
                1.02604E-03     -390.071E-09  
                1.03384E-03     -588.94E-09   
                1.03775E-03     -722.386E-09  
                1.04165E-03     -799.664E-09  
                1.04555E-03     -795.939E-09  
                1.05335E-03     -599.132E-09  
                1.05725E-03     -474.601E-09  
                1.06115E-03     -375.703E-09  
                1.06505E-03     -315.88E-09   
                1.07286E-03     -279.112E-09  
                1.07676E-03     -260.035E-09  
                1.08066E-03     -213.564E-09  
                1.08846E-03      -14.2184E-09 
                1.09236E-03      124.237E-09  
                1.09627E-03      268.848E-09  
                1.10017E-03      405.024E-09  
                1.10797E-03      619.471E-09  
                1.11187E-03      695.83E-09   
                1.11577E-03      756.521E-09  
                1.12357E-03      847.589E-09  
                1.12748E-03      881.902E-09  
                1.13138E-03      908.527E-09  
                1.13528E-03      926.633E-09  
                1.14308E-03      937.829E-09  
                1.14698E-03      933.467E-09  
                1.15088E-03      924.329E-09  
                1.15869E-03      889.882E-09  
                1.16259E-03      858.894E-09  
                1.16649E-03      812.691E-09  
                1.17039E-03      746.79E-09   
                1.17819E-03      547.5E-09    
                1.18209E-03      417.135E-09  
                1.186E-03        273.113E-09  
                1.1938E-03       -25.3525E-09 
                1.1977E-03      -164.773E-09  
                1.2016E-03      -290.075E-09  
                1.2055E-03      -398.371E-09  
                1.2133E-03      -563.538E-09  
                1.21721E-03     -624.251E-09  
                1.22111E-03     -674.278E-09  
                1.22501E-03     -716.572E-09  
                1.23281E-03     -786.818E-09  
                1.23671E-03     -817.134E-09  
                1.24061E-03     -844.407E-09  
                1.24842E-03     -886.171E-09  
                1.25232E-03     -897.807E-09  
                1.25622E-03     -901.178E-09  
                1.26012E-03     -894.932E-09  
                1.26792E-03     -850.508E-09  
                1.27182E-03     -812.283E-09  
                1.27573E-03     -764.339E-09  
                1.28353E-03     -644.718E-09  
                1.28743E-03     -576.191E-09  
                1.29133E-03     -503.888E-09  
                1.29523E-03     -429.11E-09   
                1.30303E-03     -276.164E-09  
                1.30694E-03     -199.498E-09  
                1.31084E-03     -123.442E-09  
                1.31864E-03       25.3985E-09 
                1.32254E-03       97.8154E-09 
                1.32644E-03      168.931E-09  
                1.33034E-03      238.981E-09  
                1.33815E-03      377.317E-09  
                1.34205E-03      446.247E-09  
                1.34595E-03      515.132E-09  
                1.35375E-03      650.972E-09  
                1.35765E-03      715.948E-09  
                1.36155E-03      776.986E-09  
                1.36546E-03      832.282E-09  
                1.37326E-03      918.36E-09   
                1.37716E-03      946.025E-09  
                1.38106E-03      962.029E-09  
                1.38886E-03      957.915E-09  
                1.39276E-03      938.508E-09  
                1.39667E-03      908.69E-09   
                1.40057E-03      869.637E-09  
                1.40837E-03      768.686E-09  
                1.41227E-03      708.891E-09  
                1.41617E-03      643.885E-09  
                1.42007E-03      574.071E-09  
                1.42788E-03      420.449E-09  
                1.43178E-03      336.512E-09  
                1.43568E-03      247.713E-09  
                1.44348E-03       55.8665E-09 
                1.44738E-03      -46.4997E-09 
                1.45128E-03     -152.323E-09  
                1.45519E-03     -260.695E-09  
                1.46299E-03     -480.543E-09  
                1.46689E-03     -589.373E-09  
                1.47079E-03     -695.494E-09  
                1.47859E-03     -892.928E-09  
                1.4825E-03      -980.579E-09  
                1.4864E-03        -1.05822E-06
                1.4903E-03        -1.12382E-06
                1.4981E-03        -1.21096E-06
                1.502E-03         -1.22911E-06
                1.5059E-03        -1.22871E-06
                1.51371E-03       -1.17096E-06
                1.51761E-03       -1.11476E-06
                1.52151E-03       -1.0423E-06 
                1.52541E-03     -955.846E-09  
                1.53321E-03     -752.005E-09  
                1.53711E-03     -640.49E-09   
                1.54101E-03     -526.245E-09  
                1.54882E-03     -298.004E-09  
                1.55272E-03     -186.735E-09  
                1.55662E-03      -78.1655E-09 
                1.56052E-03       27.7509E-09 
                1.56832E-03      233.225E-09  
                1.57223E-03      333.666E-09  
                1.57613E-03      432.823E-09  
                1.58003E-03      530.39E-09   
                1.58783E-03      717.147E-09  
                1.59173E-03      803.436E-09  
                1.59563E-03      882.57E-09   
                1.60344E-03        1.01174E-06
                1.60734E-03        1.05847E-06
                1.61124E-03        1.09172E-06
                1.61514E-03        1.11096E-06
                1.62294E-03        1.10775E-06
                1.62684E-03        1.08659E-06
                1.63074E-03        1.05375E-06
                1.63855E-03      957.83E-09   
                1.64245E-03      897.016E-09  
                1.64635E-03      828.914E-09  
                1.65025E-03      754.273E-09  
                1.65805E-03      587.717E-09  
                1.66196E-03      496.843E-09  
                1.66586E-03      401.663E-09  
                1.67366E-03      201.388E-09  
                1.67756E-03       98.1998E-09 
                1.68146E-03       -5.50824E-09
                1.68536E-03     -108.488E-09  
                1.69317E-03     -307.293E-09  
                1.69707E-03     -400.854E-09  
                1.70097E-03     -489.266E-09  
                1.70877E-03     -648.E-09     
                1.71267E-03     -717.428E-09  
                1.71657E-03     -779.844E-09  
                1.72048E-03     -835.042E-09  
                1.72828E-03     -922.944E-09  
                1.73218E-03     -955.135E-09  
                1.73608E-03     -979.067E-09  
                1.74388E-03       -1.0008E-06 
                1.74778E-03     -998.007E-09  
                1.75169E-03     -985.881E-09  
                1.75559E-03     -964.414E-09  
                1.76339E-03     -894.271E-09  
                1.76729E-03     -846.392E-09  
                1.77119E-03     -790.709E-09  
                1.77509E-03     -727.861E-09  
                1.7829E-03      -583.24E-09   
                1.7868E-03      -502.658E-09  
                1.7907E-03      -417.256E-09  
                1.7985E-03      -233.781E-09  
                1.8024E-03      -136.603E-09  
                1.8063E-03       -36.488E-09  
                1.81021E-03       65.8984E-09 
                1.81801E-03      273.975E-09  
                1.82191E-03      377.441E-09  
                1.82581E-03      478.756E-09  
                1.83361E-03      668.939E-09  
                1.83751E-03      754.743E-09  
                1.84142E-03      832.411E-09  
                1.84532E-03      900.662E-09  
                1.85312E-03        1.00484E-06
                1.85702E-03        1.03934E-06
                1.86092E-03        1.06158E-06
                1.86872E-03        1.06895E-06
                1.87263E-03        1.05437E-06
                1.87653E-03        1.02804E-06
                1.88043E-03      990.385E-09  
                1.88823E-03      883.255E-09  
                1.89213E-03      815.049E-09  
                1.89603E-03      738.079E-09  
                1.90384E-03      561.527E-09  
                1.90774E-03      464.109E-09  
                1.91164E-03      362.26E-09   
                1.91554E-03      257.373E-09  
                1.92334E-03       44.4076E-09 
                1.92724E-03      -60.6745E-09 
                1.93115E-03     -162.909E-09  
                1.93505E-03     -261.007E-09  
                1.94285E-03     -440.528E-09  
                1.94675E-03     -520.347E-09  
                1.95065E-03     -592.838E-09  
                1.95845E-03     -714.934E-09  
                1.96236E-03     -764.463E-09  
                1.96626E-03     -806.42E-09   
                1.97016E-03     -840.926E-09  
                1.97796E-03     -887.93E-09   
                1.98186E-03     -900.437E-09  
                1.98576E-03     -905.486E-09  
                1.99357E-03     -892.427E-09  
                1.99747E-03     -873.855E-09  
                2.00137E-03     -846.986E-09  
                2.00527E-03     -811.72E-09   
                2.01307E-03     -716.326E-09  
                2.01697E-03     -656.831E-09  
                2.02088E-03     -590.246E-09  
                2.02868E-03     -439.36E-09   
                2.03258E-03     -357.274E-09  
                2.03648E-03     -272.435E-09  
                2.04038E-03     -186.17E-09   
                2.04819E-03      -14.5209E-09 
                2.05209E-03       68.5268E-09 
                2.05599E-03      148.42E-09   
                2.06379E-03      295.991E-09  
                2.06769E-03      362.802E-09  
                2.07159E-03      424.696E-09  
                2.07549E-03      481.663E-09  
                2.0833E-03       581.22E-09   
                2.0872E-03       624.089E-09  
                2.0911E-03       662.497E-09  
                2.095E-03        696.459E-09  
                2.1028E-03       750.567E-09  
                2.1067E-03       770.181E-09  
                2.11061E-03      784.301E-09  
                2.11841E-03      794.042E-09  
                2.12231E-03      788.61E-09   
                2.12621E-03      775.668E-09  
                2.13011E-03      754.849E-09  
                2.13792E-03      688.839E-09  
                2.14182E-03      643.719E-09  
                2.14572E-03      590.899E-09  
                2.15352E-03      464.445E-09  
                2.15742E-03      392.391E-09  
                2.16132E-03      315.738E-09  
                2.16522E-03      235.572E-09  
                2.17303E-03       69.2662E-09 
                2.17693E-03      -14.593E-09  
                2.18083E-03      -97.4713E-09 
                2.18863E-03     -256.391E-09  
                2.19253E-03     -330.735E-09  
                2.19643E-03     -400.717E-09  
                2.20034E-03     -465.758E-09  
                2.20814E-03     -579.179E-09  
                2.21204E-03     -626.852E-09  
                2.21594E-03     -668.139E-09  
                2.22374E-03     -730.777E-09  
                2.22765E-03     -751.83E-09   
                2.23155E-03     -765.888E-09  
                2.23545E-03     -772.873E-09  
                2.24325E-03     -765.449E-09  
                2.24715E-03     -751.045E-09  
                2.25105E-03     -729.589E-09  
                2.25886E-03     -666.1E-09    
                2.26276E-03     -624.525E-09  
                2.26666E-03     -576.833E-09  
                2.27056E-03     -523.451E-09  
                2.27836E-03     -401.763E-09  
                2.28226E-03     -334.727E-09  
                2.28616E-03     -264.529E-09  
                2.29007E-03     -191.971E-09  
                2.29787E-03      -43.1707E-09 
                2.30177E-03       31.3241E-09 
                2.30567E-03      104.722E-09  
                2.31347E-03      244.92E-09   
                2.31738E-03      310.202E-09  
                2.32128E-03      371.377E-09  
                2.32518E-03      427.883E-09  
                2.33298E-03      525.107E-09  
                2.33688E-03      565.176E-09  
                2.34078E-03      599.274E-09  
                2.34859E-03      649.229E-09  
                2.35249E-03      665.097E-09  
                2.35639E-03      674.987E-09  
                2.36029E-03      679.021E-09  
                2.36809E-03      670.113E-09  
                2.37199E-03      657.496E-09  
                2.3759E-03       639.658E-09  
                2.3837E-03       588.977E-09  
                2.3876E-03       556.465E-09  
                2.3915E-03       519.404E-09  
                2.3954E-03       477.986E-09  
                2.4032E-03       382.968E-09  
                2.40711E-03      329.907E-09  
                2.41101E-03      273.578E-09  
                2.41881E-03      152.734E-09  
                2.42271E-03       89.1722E-09 
                2.42661E-03       24.2441E-09 
                2.43051E-03      -41.4397E-09 
                2.43832E-03     -172.43E-09   
                2.44222E-03     -236.342E-09  
                2.44612E-03     -298.25E-09   
                2.45002E-03     -357.443E-09  
                2.45782E-03     -464.978E-09  
                2.46172E-03     -512.067E-09  
                2.46563E-03     -553.965E-09  
                2.47343E-03     -620.408E-09  
                2.47733E-03     -644.27E-09   
                2.48123E-03     -661.584E-09  
                2.48513E-03     -672.232E-09  
                2.49293E-03     -673.476E-09  
                2.49684E-03     -664.241E-09  
                2.50074E-03     -648.662E-09  
                2.50854E-03     -599.475E-09  
                2.51244E-03     -566.472E-09  
                2.51634E-03     -528.317E-09  
                2.52024E-03     -485.376E-09  
                2.52805E-03     -386.688E-09  
                2.53195E-03     -331.751E-09  
                2.53585E-03     -273.656E-09  
                2.54365E-03     -149.827E-09  
                2.54755E-03      -85.0904E-09 
                2.55145E-03      -19.1964E-09 
                2.55536E-03       47.2596E-09 
                2.56316E-03      179.266E-09  
                2.56706E-03      243.424E-09  
                2.57096E-03      305.375E-09  
                2.57876E-03      419.65E-09   
                2.58266E-03      470.498E-09  
                2.58657E-03      516.224E-09  
                2.59047E-03      556.202E-09  
                2.59827E-03      616.836E-09  
                2.60217E-03      636.71E-09   
                2.60607E-03      649.294E-09  
                2.61388E-03      652.376E-09  
                2.61778E-03      643.077E-09  
                2.62168E-03      626.882E-09  
                2.62558E-03      604.169E-09  
                2.63338E-03      541.109E-09  
                2.63728E-03      501.873E-09  
                2.64118E-03      458.302E-09  
                2.64509E-03      411.02E-09   
                2.65289E-03      307.802E-09  
                2.65679E-03      253.061E-09  
                2.66069E-03      196.99E-09   
                2.66849E-03       82.9431E-09 
                2.67239E-03       25.9433E-09 
                2.6763E-03       -30.4322E-09 
                2.6802E-03       -85.751E-09  
                2.688E-03       -191.558E-09  
                2.6919E-03      -241.242E-09  
                2.6958E-03      -288.258E-09  
                2.70361E-03     -372.795E-09  
                2.70751E-03     -409.613E-09  
                2.71141E-03     -442.373E-09  
                2.71531E-03     -470.799E-09  
                2.72311E-03     -513.784E-09  
                2.72701E-03     -528.044E-09  
                2.73091E-03     -537.386E-09  
                2.73872E-03     -541.41E-09   
                2.74262E-03     -536.292E-09  
                2.74652E-03     -526.647E-09  
                2.75042E-03     -512.704E-09  
                2.75822E-03     -472.984E-09  
                2.76212E-03     -447.781E-09  
                2.76603E-03     -419.404E-09  
                2.77383E-03     -354.214E-09  
                2.77773E-03     -317.892E-09  
                2.78163E-03     -279.368E-09  
                2.78553E-03     -238.823E-09  
                2.79334E-03     -152.294E-09  
                2.79724E-03     -106.604E-09  
                2.80114E-03      -59.5048E-09 
                2.80504E-03      -11.1783E-09 
                2.81284E-03       88.2221E-09 
                2.81674E-03      138.693E-09  
                2.82064E-03      189.167E-09  
                2.82845E-03      288.185E-09  
                2.83235E-03      335.592E-09  
                2.83625E-03      380.75E-09   
                2.84015E-03      422.974E-09  
                2.84795E-03      495.832E-09  
                2.85186E-03      525.111E-09  
                2.85576E-03      548.799E-09  
                2.86356E-03      577.396E-09  
                2.86746E-03      581.575E-09  
                2.87136E-03      578.736E-09  
                2.87526E-03      568.851E-09  
                2.88307E-03      528.559E-09  
                2.88697E-03      498.81E-09   
                2.89087E-03      463.311E-09  
                2.89867E-03      377.627E-09  
                2.90257E-03      328.904E-09  
                2.90647E-03      277.305E-09  
                2.91037E-03      223.63E-09   
                2.91818E-03      113.138E-09  
                2.92208E-03       57.7591E-09 
                2.92598E-03        3.14703E-09
                2.93378E-03     -101.648E-09  
                2.93768E-03     -150.958E-09  
                2.94159E-03     -197.746E-09  
                2.94549E-03     -241.746E-09  
                2.95329E-03     -320.543E-09  
                2.95719E-03     -355.006E-09  
                2.96109E-03     -385.985E-09  
                2.96889E-03     -436.946E-09  
                2.9728E-03      -456.645E-09  
                2.9767E-03      -472.291E-09  
                2.9806E-03      -483.73E-09   
                2.9884E-03      -493.39E-09   
                2.9923E-03      -491.349E-09  
                2.9962E-03      -484.599E-09  
                3.0001E-03      -473.091E-09  
                3.00791E-03     -435.888E-09  
                3.01181E-03     -410.387E-09  
                3.01571E-03     -380.529E-09  
                3.02351E-03     -308.863E-09  
                3.02741E-03     -267.764E-09  
                3.03132E-03     -223.709E-09  
                3.03522E-03     -177.155E-09  
                3.04302E-03      -78.4593E-09 
                3.04692E-03      -27.2664E-09 
                3.05082E-03       24.5547E-09 
                3.05862E-03      128.479E-09  
                3.06253E-03      179.894E-09  
                3.06643E-03      230.569E-09  
                3.07033E-03      280.283E-09  
                3.07813E-03      376.184E-09  
                3.08203E-03      422.14E-09   
                3.08593E-03      466.659E-09  
                3.09374E-03      551.164E-09  
                3.09764E-03      591.047E-09  
                3.10154E-03      629.278E-09  
                3.10544E-03      665.793E-09  
                3.11324E-03      733.38E-09   
                3.11714E-03      764.294E-09  
                3.12105E-03      793.189E-09  
                3.12885E-03      844.718E-09  
                3.13275E-03      867.324E-09  
                3.13665E-03      887.879E-09  
                3.14055E-03      906.491E-09  
                3.14835E-03      938.663E-09  
                3.15226E-03      952.793E-09  
                3.15616E-03      966.127E-09  
                3.16006E-03      979.144E-09  
                3.16786E-03        1.00648E-06
                3.17176E-03        1.02207E-06
                3.17566E-03        1.03988E-06
                3.18347E-03        1.08516E-06
                3.18737E-03        1.11415E-06
                3.19127E-03        1.1484E-06 
                3.19517E-03        1.18866E-06
                3.20297E-03        1.29001E-06
                3.20687E-03        1.35243E-06
                3.21078E-03        1.42347E-06
                3.21858E-03        1.59355E-06
                3.22248E-03        1.69348E-06
                3.22638E-03        1.80384E-06
                3.23028E-03        1.92495E-06
                3.23808E-03        2.20035E-06
                3.24199E-03        2.355E-06  
                3.24589E-03        2.52108E-06
                3.25369E-03        2.88768E-06
                3.25759E-03        3.08813E-06
                3.26149E-03        3.29991E-06
                3.26539E-03        3.52285E-06
                3.2732E-03         4.00146E-06
                3.2771E-03         4.25662E-06
                3.281E-03          4.52196E-06
                3.2888E-03         5.08182E-06
                3.2927E-03         5.37561E-06
                3.2966E-03         5.67812E-06
                3.30051E-03        5.98895E-06
                3.30831E-03        6.63396E-06
                3.31221E-03        6.96735E-06
                3.31611E-03        7.30749E-06
                3.32001E-03        7.654E-06  
                3.32781E-03        8.36479E-06
                3.33172E-03        8.72844E-06
                3.33562E-03        9.0972E-06 
                3.34342E-03        9.84902E-06
                3.34732E-03       10.2316E-06 
                3.35122E-03       10.6183E-06 
                3.35512E-03       11.009E-06  
                3.36293E-03       11.8014E-06 
                3.36683E-03       12.2028E-06 
                3.37073E-03       12.6073E-06 
                3.37853E-03       13.4253E-06 
                3.38243E-03       13.8383E-06 
                3.38633E-03       14.2539E-06 
                3.39024E-03       14.6718E-06 
                3.39804E-03       15.5138E-06 
                3.40194E-03       15.9377E-06 
                3.40584E-03       16.3632E-06 
                3.41364E-03       17.2187E-06 
                3.41755E-03       17.6483E-06 
                3.42145E-03       18.0791E-06 
                3.42535E-03       18.5109E-06 
                3.43315E-03       19.377E-06  
                3.43705E-03       19.811E-06  
                3.44095E-03       20.2456E-06 
                3.44876E-03       21.1161E-06 
                3.45266E-03       21.5518E-06 
                3.45656E-03       21.9877E-06 
                3.46046E-03       22.4236E-06 
                3.46826E-03       23.2953E-06 
                3.47216E-03       23.7307E-06 
                3.47606E-03       24.1658E-06 
                3.48387E-03       25.034E-06  
                3.48777E-03       25.4667E-06 
                3.49167E-03       25.8983E-06 
                3.49557E-03       26.3285E-06 
                3.50337E-03       27.1831E-06 
                3.50728E-03       27.6069E-06 
                3.51118E-03       28.0278E-06 
                3.51508E-03       28.4453E-06 
                3.52288E-03       29.268E-06  
                3.52678E-03       29.6721E-06 
                3.53068E-03       30.0705E-06 
                3.53849E-03       30.8473E-06 
                3.54239E-03       31.2243E-06 
                3.54629E-03       31.5927E-06 
                3.55019E-03       31.9518E-06 
                3.55799E-03       32.6388E-06 
                3.56189E-03       32.9652E-06 
                3.56579E-03       33.2793E-06 
                3.5736E-03        33.8675E-06 
                3.5775E-03        34.1405E-06 
                3.5814E-03        34.3985E-06 
                3.5853E-03        34.641E-06  
                3.5931E-03        35.0781E-06 
                3.59701E-03       35.2719E-06 
                3.60091E-03       35.4487E-06 
                3.60871E-03       35.751E-06  
                3.61261E-03       35.8763E-06 
                3.61651E-03       35.9842E-06 
                3.62041E-03       36.0748E-06 
                3.62822E-03       36.2046E-06 
                3.63212E-03       36.2441E-06 
                3.63602E-03       36.2671E-06 
                3.64382E-03       36.2644E-06 
                3.64772E-03       36.2394E-06 
                3.65162E-03       36.1991E-06 
                3.65552E-03       36.1439E-06 
                3.66333E-03       35.9907E-06 
                3.66723E-03       35.8934E-06 
                3.67113E-03       35.7829E-06 
                3.67503E-03       35.6597E-06 
                3.68283E-03       35.3767E-06 
                3.68674E-03       35.2178E-06 
                3.69064E-03       35.0477E-06 
                3.69844E-03       34.6758E-06 
                3.70234E-03       34.4747E-06 
                3.70624E-03       34.2638E-06 
                3.71014E-03       34.0437E-06 
                3.71795E-03       33.5765E-06 
                3.72185E-03       33.33E-06   
                3.72575E-03       33.0753E-06 
                3.73355E-03       32.5418E-06 
                3.73745E-03       32.2635E-06 
                3.74135E-03       31.9777E-06 
                3.74525E-03       31.6845E-06 
                3.75306E-03       31.0764E-06 
                3.75696E-03       30.7617E-06 
                3.76086E-03       30.4399E-06 
                3.76866E-03       29.7751E-06 
                3.77256E-03       29.4319E-06 
                3.77647E-03       29.0816E-06 
                3.78037E-03       28.7238E-06 
                3.78817E-03       27.9857E-06 
                3.79207E-03       27.6049E-06 
                3.79597E-03       27.2161E-06 
                3.80377E-03       26.4133E-06 
                3.80768E-03       25.999E-06  
                3.81158E-03       25.5756E-06 
                3.81548E-03       25.1431E-06 
                3.82328E-03       24.2494E-06 
                3.82718E-03       23.788E-06  
                3.83108E-03       23.3165E-06 
                3.83889E-03       22.3431E-06 
                3.84279E-03       21.841E-06  
                3.84669E-03       21.3285E-06 
                3.85059E-03       20.8057E-06 
                3.85839E-03       19.7293E-06 
                3.86229E-03       19.1759E-06 
                3.8662E-03        18.6125E-06 
                3.8701E-03        18.0394E-06 
                3.8779E-03        16.8649E-06 
                3.8818E-03        16.264E-06  
                3.8857E-03        15.6546E-06 
                3.8935E-03        14.4116E-06 
                3.89741E-03       13.7788E-06 
                3.90131E-03       13.1392E-06 
                3.90521E-03       12.4932E-06 
                3.91301E-03       11.1843E-06 
                3.91691E-03       10.5226E-06 
                3.92081E-03        9.85691E-06
                3.92862E-03        8.51583E-06
                3.93252E-03        7.84179E-06
                3.93642E-03        7.16628E-06
                3.94032E-03        6.48996E-06
                3.94812E-03        5.13746E-06
                3.95202E-03        4.46255E-06
                3.95593E-03        3.78932E-06
                3.96373E-03        2.45022E-06
                3.96763E-03        1.78541E-06
                3.97153E-03        1.1244E-06 
                3.97543E-03      467.634E-09  
                3.98323E-03     -831.586E-09  
                3.98714E-03       -1.47336E-06
                3.99104E-03       -2.10951E-06
                3.99884E-03       -3.36403E-06
                4.00274E-03       -3.98201E-06
                4.00664E-03       -4.59361E-06
                4.01054E-03       -5.19873E-06
                4.01835E-03       -6.38925E-06
                4.02225E-03       -6.97458E-06
                4.02615E-03       -7.55331E-06
                4.03005E-03       -8.12546E-06
                4.03785E-03       -9.25031E-06
                4.04175E-03       -9.8032E-06 
                4.04566E-03      -10.3499E-06 
                4.05346E-03      -11.4254E-06 
                4.05736E-03      -11.9546E-06 
                4.06126E-03      -12.4783E-06 
                4.06516E-03      -12.9968E-06 
                4.07297E-03      -14.0192E-06 
                4.07687E-03      -14.5237E-06 
                4.08077E-03      -15.024E-06  
                4.08857E-03      -16.0134E-06 
                4.09247E-03      -16.5029E-06 
                4.09637E-03      -16.9895E-06 
                4.10027E-03      -17.4732E-06 
                4.10808E-03      -18.433E-06  
                4.11198E-03      -18.9095E-06 
                4.11588E-03      -19.3839E-06 
                4.12368E-03      -20.3269E-06 
                4.12758E-03      -20.7955E-06 
                4.13148E-03      -21.2623E-06 
                4.13539E-03      -21.7271E-06 
                4.14319E-03      -22.6504E-06 
                4.14709E-03      -23.1087E-06 
                4.15099E-03      -23.5645E-06 
                4.15879E-03      -24.4677E-06 
                4.1627E-03       -24.9145E-06 
                4.1666E-03       -25.3578E-06 
                4.1705E-03       -25.7971E-06 
                4.1783E-03       -26.6627E-06 
                4.1822E-03       -27.0882E-06 
                4.1861E-03       -27.5083E-06 
                4.19E-03         -27.9226E-06 
                4.19781E-03      -28.7319E-06 
                4.20171E-03      -29.1261E-06 
                4.20561E-03      -29.5127E-06 
                4.21341E-03      -30.2612E-06 
                4.21731E-03      -30.6223E-06 
                4.22121E-03      -30.9739E-06 
                4.22512E-03      -31.3156E-06 
                4.23292E-03      -31.9675E-06 
                4.23682E-03      -32.2768E-06 
                4.24072E-03      -32.5745E-06 
                4.24852E-03      -33.1332E-06 
                4.25243E-03      -33.3936E-06 
                4.25633E-03      -33.6408E-06 
                4.26023E-03      -33.8746E-06 
                4.26803E-03      -34.3007E-06 
                4.27193E-03      -34.4926E-06 
                4.27583E-03      -34.6702E-06 
                4.28364E-03      -34.9816E-06 
                4.28754E-03      -35.1152E-06 
                4.29144E-03      -35.234E-06  
                4.29534E-03      -35.338E-06  
                4.30314E-03      -35.5014E-06 
                4.30704E-03      -35.5608E-06 
                4.31095E-03      -35.6055E-06 
                4.31875E-03      -35.6508E-06 
                4.32265E-03      -35.6517E-06 
                4.32655E-03      -35.6381E-06 
                4.33045E-03      -35.6101E-06 
                4.33825E-03      -35.5116E-06 
                4.34216E-03      -35.4413E-06 
                4.34606E-03      -35.3571E-06 
                4.35386E-03      -35.1473E-06 
                4.35776E-03      -35.0219E-06 
                4.36166E-03      -34.883E-06  
                4.36556E-03      -34.7308E-06 
                4.37337E-03      -34.3864E-06 
                4.37727E-03      -34.1945E-06 
                4.38117E-03      -33.9896E-06 
                4.38507E-03      -33.7718E-06 
                4.39287E-03      -33.2981E-06 
                4.39677E-03      -33.0424E-06 
                4.40068E-03      -32.7744E-06 
                4.40848E-03      -32.2022E-06 
                4.41238E-03      -31.8984E-06 
                4.41628E-03      -31.5832E-06 
                4.42018E-03      -31.2567E-06 
                4.42798E-03      -30.5712E-06 
                4.43189E-03      -30.2129E-06 
                4.43579E-03      -29.8447E-06 
                4.44359E-03      -29.0799E-06 
                4.44749E-03      -28.6842E-06 
                4.45139E-03      -28.2802E-06 
                4.45529E-03      -27.8683E-06 
                4.4631E-03       -27.0228E-06 
                4.467E-03        -26.5901E-06 
                4.4709E-03       -26.1514E-06 
                4.4787E-03       -25.258E-06  
                4.4826E-03       -24.8042E-06 
                4.4865E-03       -24.3463E-06 
                4.49041E-03      -23.8848E-06 
                4.49821E-03      -22.9529E-06 
                4.50211E-03      -22.4835E-06 
                4.50601E-03      -22.0123E-06 
                4.51381E-03      -21.0666E-06 
                4.51771E-03      -20.593E-06  
                4.52162E-03      -20.1195E-06 
                4.52552E-03      -19.6466E-06 
                4.53332E-03      -18.7044E-06 
                4.53722E-03      -18.2361E-06 
                4.54112E-03      -17.7702E-06 
                4.54502E-03      -17.3073E-06 
                4.55283E-03      -16.3921E-06 
                4.55673E-03      -15.9409E-06 
                4.56063E-03      -15.4945E-06 
                4.56843E-03      -14.6183E-06 
                4.57233E-03      -14.1893E-06 
                4.57623E-03      -13.767E-06  
                4.58014E-03      -13.3518E-06 
                4.58794E-03      -12.5444E-06 
                4.59184E-03      -12.1529E-06 
                4.59574E-03      -11.77E-06   
                4.60354E-03      -11.0308E-06 
                4.60744E-03      -10.6749E-06 
                4.61135E-03      -10.3285E-06 
                4.61525E-03       -9.99162E-06
                4.62305E-03       -9.34651E-06
                4.62695E-03       -9.03827E-06
                4.63085E-03       -8.73947E-06
                4.63866E-03       -8.16962E-06
                4.64256E-03       -7.89818E-06
                4.64646E-03       -7.6354E-06 
                4.65036E-03       -7.38099E-06
                4.65816E-03       -6.89596E-06
                4.66206E-03       -6.66463E-06
                4.66596E-03       -6.44025E-06
                4.67377E-03       -6.01075E-06
                4.67767E-03       -5.80484E-06
                4.68157E-03       -5.6043E-06 
                4.68547E-03       -5.40873E-06
                4.69327E-03       -5.03106E-06
                4.69717E-03       -4.84828E-06
                4.70108E-03       -4.66912E-06
                4.70888E-03       -4.32057E-06
                4.71278E-03       -4.15072E-06
                4.71668E-03       -3.98356E-06
                4.72058E-03       -3.81895E-06
                4.72839E-03       -3.49691E-06
                4.73229E-03       -3.33934E-06
                4.73619E-03       -3.18403E-06
                4.74009E-03       -3.03099E-06
                4.74789E-03       -2.73181E-06
                4.75179E-03       -2.5858E-06 
                4.75569E-03       -2.44229E-06
                4.7635E-03        -2.16323E-06
                4.7674E-03        -2.02793E-06
                4.7713E-03        -1.89563E-06
                4.7752E-03        -1.76648E-06
                4.783E-03         -1.51826E-06
                4.7869E-03        -1.39952E-06
                4.79081E-03       -1.28456E-06
                4.79861E-03       -1.06671E-06
                4.80251E-03     -964.146E-09  
                4.80641E-03     -866.048E-09  
                4.81031E-03     -772.585E-09  
                4.81812E-03     -600.233E-09  
                4.82202E-03     -521.675E-09  
                4.82592E-03     -448.411E-09  
                4.83372E-03     -318.383E-09  
                4.83762E-03     -261.913E-09  
                4.84152E-03     -211.32E-09   
                4.84542E-03     -166.725E-09  
                4.85323E-03      -95.9423E-09 
                4.85713E-03      -69.9156E-09 
                4.86103E-03      -50.2042E-09 
                4.86883E-03      -29.7945E-09 
                4.87273E-03      -29.0584E-09 
                4.87664E-03      -34.5578E-09 
                4.88054E-03      -46.1928E-09 
                4.88834E-03      -87.2932E-09 
                4.89224E-03     -116.379E-09  
                4.89614E-03     -150.842E-09  
                4.90004E-03     -190.4E-09    
                4.90785E-03     -283.51E-09   
                4.91175E-03     -336.332E-09  
                4.91565E-03     -392.799E-09  
                4.92345E-03     -514.914E-09  
                4.92735E-03     -579.634E-09  
                4.93125E-03     -646.154E-09  
                4.93515E-03     -713.977E-09  
                4.94296E-03     -851.528E-09  
                4.94686E-03     -920.254E-09  
                4.95076E-03     -988.29E-09   
                4.95856E-03       -1.12038E-06
                4.96246E-03       -1.18352E-06
                4.96637E-03       -1.24414E-06
                4.97027E-03       -1.30185E-06
                4.97807E-03       -1.40702E-06
                4.98197E-03       -1.45382E-06
                4.98587E-03       -1.49636E-06
                4.99367E-03       -1.56768E-06
                4.99758E-03       -1.59604E-06
                5.00148E-03       -1.61932E-06
                5.00538E-03       -1.63739E-06
                5.01318E-03       -1.65757E-06
                5.01708E-03       -1.6596E-06 
                5.02098E-03       -1.65624E-06
                5.02879E-03       -1.63358E-06
                5.03269E-03       -1.61443E-06
                5.03659E-03       -1.59021E-06
                5.04049E-03       -1.56108E-06
                5.04829E-03       -1.48878E-06
                5.05219E-03       -1.44601E-06
                5.0561E-03        -1.39915E-06
                5.0639E-03        -1.29416E-06
                5.0678E-03        -1.23658E-06
                5.0717E-03        -1.17602E-06
                5.0756E-03        -1.11277E-06
                5.0834E-03      -979.52E-09   
                5.08731E-03     -910.18E-09   
                5.09121E-03     -839.48E-09   
                5.09511E-03     -767.762E-09  
                5.10291E-03     -622.642E-09  
                5.10681E-03     -549.92E-09   
                5.11071E-03     -477.538E-09  
                5.11852E-03     -335.096E-09  
                5.12242E-03     -265.666E-09  
                5.12632E-03     -197.832E-09  
                5.13022E-03     -131.878E-09  
                5.13802E-03       -6.67459E-09
                5.14192E-03       52.0864E-09 
                5.14583E-03      107.993E-09  
                5.15363E-03      210.483E-09  
                5.15753E-03      256.743E-09  
                5.16143E-03      299.502E-09  
                5.16533E-03      338.656E-09  
                5.17313E-03      405.86E-09   
                5.17704E-03      433.823E-09  
                5.18094E-03      458.011E-09  
                5.18874E-03      495.148E-09  
                5.19264E-03      508.197E-09  
                5.19654E-03      517.667E-09  
                5.20044E-03      523.658E-09  
                5.20825E-03      525.683E-09  
                5.21215E-03      521.997E-09  
                5.21605E-03      515.385E-09  
                5.22385E-03      494.068E-09  
                5.22775E-03      479.722E-09  
                5.23165E-03      463.166E-09  
                5.23556E-03      444.59E-09   
                5.24336E-03      402.144E-09  
                5.24726E-03      378.651E-09  
                5.25116E-03      353.891E-09  
                5.25506E-03      328.045E-09  
                5.26286E-03      273.776E-09  
                5.26677E-03      245.676E-09  
                5.27067E-03      217.136E-09  
                5.27847E-03      159.284E-09  
                5.28237E-03      130.223E-09  
                5.28627E-03      101.223E-09  
                5.29017E-03       72.3876E-09 
                5.29798E-03       15.5654E-09 
                5.30188E-03      -12.2629E-09 
                5.30578E-03      -39.6107E-09 
                5.31358E-03      -92.6318E-09 
                5.31748E-03     -118.203E-09  
                5.32138E-03     -143.088E-09  
                5.32529E-03     -167.247E-09  
                5.33309E-03     -213.235E-09  
                5.33699E-03     -234.992E-09  
                5.34089E-03     -255.878E-09  
                5.34869E-03     -294.883E-09  
                5.35259E-03     -312.925E-09  
                5.3565E-03      -329.936E-09  
                5.3604E-03      -345.873E-09  
                5.3682E-03      -374.324E-09  
                5.3721E-03      -386.736E-09  
                5.376E-03       -397.867E-09  
                5.38381E-03     -416.062E-09  
                5.38771E-03     -423.014E-09  
                5.39161E-03     -428.464E-09  
                5.39551E-03     -432.36E-09   
                5.40331E-03     -435.305E-09  
                5.40721E-03     -434.275E-09  
                5.41111E-03     -431.535E-09  
                5.41502E-03     -427.065E-09  
                5.42282E-03     -412.897E-09  
                5.42672E-03     -403.21E-09   
                5.43062E-03     -391.812E-09  
                5.43842E-03     -364.035E-09  
                5.44233E-03     -347.762E-09  
                5.44623E-03     -329.99E-09   
                5.45013E-03     -310.802E-09  
                5.45793E-03     -268.569E-09  
                5.46183E-03     -245.742E-09  
                5.46573E-03     -221.935E-09  
                5.47354E-03     -171.906E-09  
                5.47744E-03     -145.956E-09  
                5.48134E-03     -119.569E-09  
                5.48524E-03      -92.8869E-09 
                5.49304E-03      -39.1982E-09 
                5.49694E-03      -12.4649E-09 
                5.50084E-03       14.0192E-09 
                5.50865E-03       65.7481E-09 
                5.51255E-03       90.7638E-09 
                5.51645E-03      115.073E-09  
                5.52035E-03      138.58E-09   
                5.52815E-03      182.836E-09  
                5.53206E-03      203.428E-09  
                5.53596E-03      222.9E-09    
                5.54376E-03      258.23E-09   
                5.54766E-03      273.967E-09  
                5.55156E-03      288.343E-09  
                5.55546E-03      301.303E-09  
                5.56327E-03      322.756E-09  
                5.56717E-03      331.139E-09  
                5.57107E-03      337.888E-09  
                5.57887E-03      346.259E-09  
                5.58277E-03      347.774E-09  
                5.58667E-03      347.442E-09  
                5.59057E-03      345.216E-09  
                5.59838E-03      334.925E-09  
                5.60228E-03      326.805E-09  
                5.60618E-03      316.681E-09  
                5.61008E-03      304.554E-09  
                5.61788E-03      274.376E-09  
                5.62179E-03      256.409E-09  
                5.62569E-03      236.613E-09  
                5.63349E-03      191.921E-09  
                5.63739E-03      167.271E-09  
                5.64129E-03      141.284E-09  
                5.64519E-03      114.132E-09  
                5.653E-03         57.112E-09  
                5.6569E-03        27.6713E-09 
                5.6608E-03        -2.08563E-09
                5.6686E-03       -61.5881E-09 
                5.6725E-03       -90.8454E-09 
                5.6764E-03      -119.449E-09  
                5.68031E-03     -147.162E-09  
                5.68811E-03     -199.014E-09  
                5.69201E-03     -222.734E-09  
                5.69591E-03     -244.733E-09  
                5.70371E-03     -282.926E-09  
                5.70761E-03     -298.855E-09  
                5.71152E-03     -312.533E-09  
                5.71542E-03     -323.886E-09  
                5.72322E-03     -339.437E-09  
                5.72712E-03     -343.602E-09  
                5.73102E-03     -345.375E-09  
                5.73882E-03     -341.907E-09  
                5.74273E-03     -336.79E-09   
                5.74663E-03     -329.527E-09  
                5.75053E-03     -320.217E-09  
                5.75833E-03     -295.9E-09    
                5.76223E-03     -281.137E-09  
                5.76613E-03     -264.812E-09  
                5.77004E-03     -247.061E-09  
                5.77784E-03     -207.842E-09  
                5.78174E-03     -186.661E-09  
                5.78564E-03     -164.626E-09  
                5.79344E-03     -118.575E-09  
                5.79734E-03      -94.8523E-09 
                5.80125E-03      -70.8594E-09 
                5.80515E-03      -46.7424E-09 
                5.81295E-03        1.2825E-09 
                5.81685E-03       24.9012E-09 
                5.82075E-03       48.0662E-09 
                5.82855E-03       92.4715E-09 
                5.83246E-03      113.436E-09  
                5.83636E-03      133.397E-09  
                5.84026E-03      152.225E-09  
                5.84806E-03      186.004E-09  
                5.85196E-03      200.73E-09   
                5.85586E-03      213.88E-09   
                5.86367E-03      235.112E-09  
                5.86757E-03      243.055E-09  
                5.87147E-03      249.145E-09  
                5.87537E-03      253.348E-09  
                5.88317E-03      256.032E-09  
                5.88707E-03      254.524E-09  
                5.89098E-03      251.151E-09  
                5.89878E-03      239.014E-09  
                5.90268E-03      230.391E-09  
                5.90658E-03      220.186E-09  
                5.91048E-03      208.505E-09  
                5.91828E-03      181.206E-09  
                5.92219E-03      165.861E-09  
                5.92609E-03      149.58E-09   
                5.93389E-03      114.837E-09  
                5.93779E-03       96.6969E-09 
                5.94169E-03       78.2612E-09 
                5.94559E-03       59.6922E-09 
                5.9534E-03        22.7872E-09 
                5.9573E-03         4.75576E-09
                5.9612E-03       -12.8031E-09 
                5.9651E-03       -29.7557E-09 
                5.9729E-03       -61.3562E-09 
                5.9768E-03       -75.7883E-09 
                5.98071E-03      -89.1838E-09 
                5.98851E-03     -112.566E-09  
                5.99241E-03     -122.435E-09  
                5.99631E-03     -131.033E-09  
                6.00021E-03     -138.333E-09  
                6.00802E-03     -148.996E-09  
                6.01192E-03     -152.368E-09  
                6.01582E-03     -154.458E-09  
                6.02362E-03     -154.937E-09  
                6.02752E-03     -153.419E-09  
                6.03142E-03     -150.809E-09  
                6.03532E-03     -147.175E-09  
                6.04313E-03     -137.141E-09  
                6.04703E-03     -130.909E-09  
                6.05093E-03     -123.987E-09  
                6.05873E-03     -108.442E-09  
                6.06263E-03     -100.012E-09  
                6.06653E-03      -91.2693E-09 
                6.07044E-03      -82.3093E-09 
                6.07824E-03      -64.1009E-09 
                6.08214E-03      -55.0257E-09 
                6.08604E-03      -46.0775E-09 
                6.09384E-03      -28.8505E-09 
                6.09774E-03      -20.6997E-09 
                6.10165E-03      -12.9305E-09 
                6.10555E-03       -5.58835E-09
                6.11335E-03        7.67305E-09
                6.11725E-03       13.5411E-09 
                6.12115E-03       18.8798E-09 
                6.12505E-03       23.6825E-09 
                6.13286E-03       31.6891E-09 
                6.13676E-03       34.9133E-09 
                6.14066E-03       37.6411E-09 
                6.14846E-03       41.704E-09  
                6.15236E-03       43.0968E-09 
                6.15626E-03       44.107E-09  
                6.16017E-03       44.7696E-09 
                6.16797E-03       45.1976E-09 
                6.17187E-03       45.037E-09  
                6.17577E-03       44.6759E-09 
                6.18357E-03       43.4963E-09 
                6.18748E-03       42.7476E-09 
                6.19138E-03       41.9374E-09 
                6.19528E-03       41.0978E-09 
                6.20308E-03       39.4517E-09 
                6.20698E-03       38.7034E-09 
                6.21088E-03       38.0421E-09 
                6.21869E-03       37.0874E-09 
                6.22259E-03       36.8458E-09 
                6.22649E-03       36.7953E-09 
                6.23039E-03       36.9603E-09 
                6.23819E-03       38.0331E-09 
                6.24209E-03       38.9868E-09 
                6.246E-03         40.2476E-09 
                6.2538E-03        43.7682E-09 
                6.2577E-03        46.0615E-09 
                6.2616E-03        48.7281E-09 
                6.2655E-03        51.7774E-09 
                6.2733E-03        59.0415E-09 
                6.27721E-03       63.2535E-09 
                6.28111E-03       67.8418E-09 
                6.28501E-03       72.7917E-09 
                6.29281E-03       83.6893E-09 
                6.29671E-03       89.5788E-09 
                6.30061E-03       95.714E-09  
                6.30842E-03      108.547E-09  
                6.31232E-03      115.148E-09  
                6.31622E-03      121.801E-09  
                6.32012E-03      128.451E-09  
                6.32792E-03      141.524E-09  
                6.33182E-03      147.84E-09   
                6.33573E-03      153.945E-09  
                6.34353E-03      165.358E-09  
                6.34743E-03      170.604E-09  
                6.35133E-03      175.517E-09  
                6.35523E-03      180.094E-09  
                6.36303E-03      188.274E-09  
                6.36694E-03      191.932E-09  
                6.37084E-03      195.362E-09  
                6.37864E-03      201.798E-09  
                6.38254E-03      204.97E-09   
                6.38644E-03      208.244E-09  
                6.39034E-03      211.732E-09  
                6.39815E-03      219.857E-09  
                6.40205E-03      224.765E-09  
                6.40595E-03      230.425E-09  
                6.41375E-03      244.588E-09  
                6.41765E-03      253.381E-09  
                6.42155E-03      263.503E-09  
                6.42546E-03      275.088E-09  
                6.43326E-03      303.14E-09   
                6.43716E-03      319.826E-09  
                6.44106E-03      338.412E-09  
                6.44886E-03      381.579E-09  
                6.45276E-03      406.271E-09  
                6.45667E-03      433.085E-09  
                6.46057E-03      462.037E-09  
                6.46837E-03      526.361E-09  
                6.47227E-03      561.699E-09  
                6.47617E-03      599.113E-09  
                6.48007E-03      638.559E-09  
                6.48788E-03      723.329E-09  
                6.49178E-03      768.527E-09  
                6.49568E-03      815.51E-09   
                6.50348E-03      914.54E-09   
                6.50738E-03      966.441E-09  
                6.51128E-03        1.01984E-06
                6.51519E-03        1.07466E-06
                6.52299E-03        1.1883E-06 
                6.52689E-03        1.247E-06  
                6.53079E-03        1.30688E-06
                6.53859E-03        1.42992E-06
                6.54249E-03        1.49299E-06
                6.5464E-03         1.55703E-06
                6.5503E-03         1.62199E-06
                6.5581E-03         1.75447E-06
                6.562E-03          1.82191E-06
                6.5659E-03         1.89007E-06
                6.57371E-03        2.02839E-06
                6.57761E-03        2.09844E-06
                6.58151E-03        2.16902E-06
                6.58541E-03        2.24006E-06
                6.59321E-03        2.38334E-06
                6.59711E-03        2.45546E-06
                6.60101E-03        2.52784E-06
                6.60882E-03        2.67319E-06
                6.61272E-03        2.74608E-06
                6.61662E-03        2.81906E-06
                6.62052E-03        2.89213E-06
                6.62832E-03        3.03849E-06
                6.63222E-03        3.11178E-06
                6.63613E-03        3.18517E-06
                6.64003E-03        3.2587E-06 
                6.64783E-03        3.40637E-06
                6.65173E-03        3.48063E-06
                6.65563E-03        3.55528E-06
                6.66343E-03        3.70608E-06
                6.66734E-03        3.78243E-06
                6.67124E-03        3.85954E-06
                6.67514E-03        3.93752E-06
                6.68294E-03        4.09648E-06
                6.68684E-03        4.17764E-06
                6.69074E-03        4.26005E-06
                6.69855E-03        4.42885E-06
                6.70245E-03        4.51535E-06
                6.70635E-03        4.60329E-06
                6.71025E-03        4.69269E-06
                6.71805E-03        4.87578E-06
                6.72195E-03        4.9694E-06 
                6.72586E-03        5.06432E-06
                6.73366E-03        5.25768E-06
                6.73756E-03        5.35588E-06
                6.74146E-03        5.45492E-06
                6.74536E-03        5.55464E-06
                6.75317E-03        5.75538E-06
                6.75707E-03        5.85603E-06
                6.76097E-03        5.95659E-06
                6.76877E-03        6.1566E-06 
                6.77267E-03        6.25562E-06
                6.77657E-03        6.35368E-06
                6.78047E-03        6.45057E-06
                6.78828E-03        6.63999E-06
                6.79218E-03        6.73209E-06
                6.79608E-03        6.82218E-06
                6.80388E-03        6.99557E-06
                6.80778E-03        7.0785E-06 
                6.81169E-03        7.1587E-06 
                6.81559E-03        7.23601E-06
                6.82339E-03        7.38133E-06
                6.82729E-03        7.44909E-06
                6.83119E-03        7.5134E-06 
                6.83509E-03        7.57416E-06
                6.8429E-03         7.68464E-06
                6.8468E-03         7.73418E-06
                6.8507E-03         7.77983E-06
                6.8585E-03         7.85921E-06
                6.8624E-03         7.89286E-06
                6.8663E-03         7.92245E-06
                6.8702E-03         7.94797E-06
                6.87801E-03        7.98679E-06
                6.88191E-03        8.00014E-06
                6.88581E-03        8.00949E-06
                6.89361E-03        8.01647E-06
                6.89751E-03        8.01424E-06
                6.90141E-03        8.00833E-06
                6.90532E-03        7.99884E-06
                6.91312E-03        7.96966E-06
                6.91702E-03        7.95026E-06
                6.92092E-03        7.92787E-06
                6.92872E-03        7.87482E-06
                6.93263E-03        7.84454E-06
                6.93653E-03        7.81202E-06
                6.94043E-03        7.77748E-06
                6.94823E-03        7.70318E-06
                6.95213E-03        7.66388E-06
                6.95603E-03        7.62344E-06
                6.96384E-03        7.54007E-06
                6.96774E-03        7.4976E-06 
                6.97164E-03        7.45492E-06
                6.97554E-03        7.41224E-06
                6.98334E-03        7.32782E-06
                6.98724E-03        7.28652E-06
                6.99115E-03        7.24611E-06
                6.99505E-03        7.20681E-06
                7.00285E-03        7.13238E-06
                7.00675E-03        7.09767E-06
                7.01065E-03        7.06489E-06
                7.01845E-03        7.00594E-06
                7.02236E-03        6.98018E-06
                7.02626E-03        6.95715E-06
                7.03016E-03        6.93706E-06
                7.03796E-03        6.90652E-06
                7.04186E-03        6.89648E-06
                7.04576E-03        6.89022E-06
                7.05357E-03        6.8899E-06 
                7.05747E-03        6.89631E-06
                7.06137E-03        6.90741E-06
                7.06527E-03        6.92346E-06
                7.07307E-03        6.97149E-06
                7.07697E-03        7.00403E-06
                7.08088E-03        7.04264E-06
                7.08868E-03        7.13936E-06
                7.09258E-03        7.19814E-06
                7.09648E-03        7.26434E-06
                7.10038E-03        7.33833E-06
                7.10818E-03        7.51125E-06
                7.11209E-03        7.611E-06  
                7.11599E-03        7.72019E-06
                7.12379E-03        7.96866E-06
                7.12769E-03        8.10888E-06
                7.13159E-03        8.2604E-06 
                7.13549E-03        8.42371E-06
                7.1433E-03         8.78769E-06
                7.1472E-03         8.98939E-06
                7.1511E-03         9.20491E-06
                7.155E-03          9.43476E-06
                7.1628E-03         9.93952E-06
                7.1667E-03        10.2154E-06 
                7.17061E-03       10.5077E-06 
                7.17841E-03       11.1433E-06 
                7.18231E-03       11.4875E-06 
                7.18621E-03       11.85E-06   
                7.19011E-03       12.2311E-06 
                7.19791E-03       13.0511E-06 
                7.20182E-03       13.4906E-06 
                7.20572E-03       13.9504E-06 
                7.21352E-03       14.9319E-06 
                7.21742E-03       15.4542E-06 
                7.22132E-03       15.998E-06  
                7.22522E-03       16.5634E-06 
                7.23303E-03       17.7601E-06 
                7.23693E-03       18.3918E-06 
                7.24083E-03       19.0459E-06 
                7.24863E-03       20.4218E-06 
                7.25253E-03       21.1439E-06 
                7.25643E-03       21.8887E-06 
                7.26034E-03       22.6564E-06 
                7.26814E-03       24.2603E-06 
                7.27204E-03       25.0965E-06 
                7.27594E-03       25.9554E-06 
                7.28374E-03       27.741E-06  
                7.28764E-03       28.6674E-06 
                7.29155E-03       29.6161E-06 
                7.29545E-03       30.5868E-06 
                7.30325E-03       32.5933E-06 
                7.30715E-03       33.6285E-06 
                7.31105E-03       34.6847E-06 
                7.31886E-03       36.8584E-06 
                7.32276E-03       37.9752E-06 
                7.32666E-03       39.1114E-06 
                7.33056E-03       40.2666E-06 
                7.33836E-03       42.6319E-06 
                7.34226E-03       43.841E-06  
                7.34616E-03       45.0671E-06 
                7.35007E-03       46.3096E-06 
                7.35787E-03       48.8415E-06 
                7.36177E-03       50.1297E-06 
                7.36567E-03       51.432E-06  
                7.37347E-03       54.0763E-06 
                7.37738E-03       55.4171E-06 
                7.38128E-03       56.7695E-06 
                7.38518E-03       58.1327E-06 
                7.39298E-03       60.8895E-06 
                7.39688E-03       62.2818E-06 
                7.40078E-03       63.6823E-06 
                7.40859E-03       66.5059E-06 
                7.41249E-03       67.9275E-06 
                7.41639E-03       69.3548E-06 
                7.42029E-03       70.7871E-06 
                7.42809E-03       73.6639E-06 
                7.43199E-03       75.1069E-06 
                7.43589E-03       76.5522E-06 
                7.4437E-03        79.4461E-06 
                7.4476E-03        80.8933E-06 
                7.4515E-03        82.3396E-06 
                7.4554E-03        83.7843E-06 
                7.4632E-03        86.6654E-06 
                7.4671E-03        88.1003E-06 
                7.47101E-03       89.5301E-06 
                7.47881E-03       92.3717E-06 
                7.48271E-03       93.7816E-06 
                7.48661E-03       95.1832E-06 
                7.49051E-03       96.5756E-06 
                7.49832E-03       99.3293E-06 
                7.50222E-03      100.689E-06  
                7.50612E-03      102.036E-06  
                7.51002E-03      103.37E-06   
                7.51782E-03      105.994E-06  
                7.52172E-03      107.283E-06  
                7.52562E-03      108.555E-06  
                7.53343E-03      111.048E-06  
                7.53733E-03      112.267E-06  
                7.54123E-03      113.467E-06  
                7.54513E-03      114.647E-06  
                7.55293E-03      116.946E-06  
                7.55684E-03      118.063E-06  
                7.56074E-03      119.16E-06   
                7.56854E-03      121.285E-06  
                7.57244E-03      122.313E-06  
                7.57634E-03      123.318E-06  
                7.58024E-03      124.3E-06    
                7.58805E-03      126.192E-06  
                7.59195E-03      127.102E-06  
                7.59585E-03      127.987E-06  
                7.60365E-03      129.684E-06  
                7.60755E-03      130.496E-06  
                7.61145E-03      131.283E-06  
                7.61536E-03      132.045E-06  
                7.62316E-03      133.497E-06  
                7.62706E-03      134.185E-06  
                7.63096E-03      134.85E-06   
                7.63876E-03      136.107E-06  
                7.64266E-03      136.7E-06    
                7.64657E-03      137.27E-06   
                7.65047E-03      137.816E-06  
                7.65827E-03      138.84E-06   
                7.66217E-03      139.319E-06  
                7.66607E-03      139.776E-06  
                7.67387E-03      140.626E-06  
                7.67778E-03      141.02E-06   
                7.68168E-03      141.394E-06  
                7.68558E-03      141.748E-06  
                7.69338E-03      142.399E-06  
                7.69728E-03      142.697E-06  
                7.70118E-03      142.976E-06  
                7.70508E-03      143.238E-06  
                7.71289E-03      143.71E-06   
                7.71679E-03      143.921E-06  
                7.72069E-03      144.116E-06  
                7.72849E-03      144.458E-06  
                7.73239E-03      144.607E-06  
                7.7363E-03       144.74E-06   
                7.7402E-03       144.858E-06  
                7.748E-03        145.05E-06   
                7.7519E-03       145.125E-06  
                7.7558E-03       145.185E-06  
                7.7636E-03       145.262E-06  
                7.76751E-03      145.279E-06  
                7.77141E-03      145.282E-06  
                7.77531E-03      145.27E-06   
                7.78311E-03      145.202E-06  
                7.78701E-03      145.146E-06  
                7.79091E-03      145.075E-06  
                7.79872E-03      144.887E-06  
                7.80262E-03      144.77E-06   
                7.80652E-03      144.636E-06  
                7.81042E-03      144.487E-06  
                7.81822E-03      144.139E-06  
                7.82212E-03      143.939E-06  
                7.82603E-03      143.722E-06  
                7.83383E-03      143.235E-06  
                7.83773E-03      142.965E-06  
                7.84163E-03      142.676E-06  
                7.84553E-03      142.368E-06  
                7.85333E-03      141.695E-06  
                7.85724E-03      141.329E-06  
                7.86114E-03      140.943E-06  
                7.86504E-03      140.537E-06  
                7.87284E-03      139.663E-06  
                7.87674E-03      139.195E-06  
                7.88064E-03      138.705E-06  
                7.88845E-03      137.662E-06  
                7.89235E-03      137.108E-06  
                7.89625E-03      136.532E-06  
                7.90015E-03      135.934E-06  
                7.90795E-03      134.672E-06  
                7.91185E-03      134.007E-06  
                7.91576E-03      133.32E-06   
                7.92356E-03      131.878E-06  
                7.92746E-03      131.123E-06  
                7.93136E-03      130.345E-06  
                7.93526E-03      129.546E-06  
                7.94306E-03      127.879E-06  
                7.94697E-03      127.012E-06  
                7.95087E-03      126.123E-06  
                7.95867E-03      124.279E-06  
                7.96257E-03      123.325E-06  
                7.96647E-03      122.349E-06  
                7.97037E-03      121.352E-06  
                7.97818E-03      119.296E-06  
                7.98208E-03      118.237E-06  
                7.98598E-03      117.158E-06  
                7.99378E-03      114.943E-06  
                7.99768E-03      113.806E-06  
                8.00159E-03      112.651E-06  
                8.00549E-03      111.478E-06  
                8.01329E-03      109.081E-06  
                8.01719E-03      107.857E-06  
                8.02109E-03      106.616E-06  
                8.02889E-03      104.09E-06   
                8.03279E-03      102.805E-06  
                8.0367E-03       101.505E-06  
                8.0406E-03       100.193E-06  
                8.0484E-03        97.5298E-06 
                8.0523E-03        96.1805E-06 
                8.0562E-03        94.8202E-06 
                8.0601E-03        93.4495E-06 
                8.06791E-03       90.6796E-06 
                8.07181E-03       89.2816E-06 
                8.07571E-03       87.8759E-06 
                8.08351E-03       85.0439E-06 
                8.08741E-03       83.619E-06  
                8.09131E-03       82.1892E-06 
                8.09522E-03       80.7551E-06 
                8.10302E-03       77.8775E-06 
                8.10692E-03       76.4354E-06 
                8.11082E-03       74.9923E-06 
                8.11862E-03       72.1059E-06 
                8.12253E-03       70.6644E-06 
                8.12643E-03       69.2251E-06 
                8.13033E-03       67.7888E-06 
                8.13813E-03       64.929E-06  
                8.14203E-03       63.5072E-06 
                8.14593E-03       62.0919E-06 
                8.15374E-03       59.2844E-06 
                8.15764E-03       57.8939E-06 
                8.16154E-03       56.5134E-06 
                8.16544E-03       55.1438E-06 
                8.17324E-03       52.4402E-06 
                8.17714E-03       51.1079E-06 
                8.18104E-03       49.7896E-06 
                8.18885E-03       47.198E-06  
                8.19275E-03       45.9262E-06 
                8.19665E-03       44.6712E-06 
                8.20055E-03       43.4336E-06 
                8.20835E-03       41.0134E-06 
                8.21226E-03       39.8318E-06 
                8.21616E-03       38.6699E-06 
                8.22006E-03       37.5282E-06 
                8.22786E-03       35.3072E-06 
                8.23176E-03       34.2287E-06 
                8.23566E-03       33.1719E-06 
                8.24347E-03       31.1251E-06 
                8.24737E-03       30.1355E-06 
                8.25127E-03       29.1688E-06 
                8.25517E-03       28.2253E-06 
                8.26297E-03       26.4082E-06 
                8.26687E-03       25.5348E-06 
                8.27077E-03       24.6851E-06 
                8.27858E-03       23.0569E-06 
                8.28248E-03       22.2783E-06 
                8.28638E-03       21.5235E-06 
                8.29028E-03       20.7923E-06 
                8.29808E-03       19.4006E-06 
                8.30199E-03       18.7399E-06 
                8.30589E-03       18.1023E-06 
                8.31369E-03       16.8959E-06 
                8.31759E-03       16.3266E-06 
                8.32149E-03       15.7796E-06 
                8.32539E-03       15.2546E-06 
                8.3332E-03        14.2693E-06 
                8.3371E-03        13.8083E-06 
                8.341E-03         13.3679E-06 
                8.3488E-03        12.5473E-06 
                8.3527E-03        12.1663E-06 
                8.3566E-03        11.8042E-06 
                8.36051E-03       11.4606E-06 
                8.36831E-03       10.8271E-06 
                8.37221E-03       10.5361E-06 
                8.37611E-03       10.2618E-06 
                8.38001E-03       10.0037E-06 
                8.38781E-03        9.53383E-06
                8.39172E-03        9.3212E-06 
                8.39562E-03        9.12279E-06
                8.40342E-03        8.76676E-06
                8.40732E-03        8.6082E-06 
                8.41122E-03        8.46199E-06
                8.41512E-03        8.32767E-06
                8.42293E-03        8.09287E-06
                8.42683E-03        7.99147E-06
                8.43073E-03        7.90013E-06
                8.43853E-03        7.74582E-06
                8.44243E-03        7.68193E-06
                8.44633E-03        7.62627E-06
                8.45024E-03        7.57838E-06
                8.45804E-03        7.50403E-06
                8.46194E-03        7.47662E-06
                8.46584E-03        7.45509E-06
                8.47364E-03        7.4277E-06 
                8.47754E-03        7.42086E-06
                8.48145E-03        7.41792E-06
                8.48535E-03        7.4184E-06 
                8.49315E-03        7.42758E-06
                8.49705E-03        7.43528E-06
                8.50095E-03        7.44439E-06
                8.50875E-03        7.46483E-06
                8.51266E-03        7.47519E-06
                8.51656E-03        7.48501E-06
                8.52046E-03        7.49383E-06
                8.52826E-03        7.50662E-06
                8.53216E-03        7.50974E-06
                8.53606E-03        7.51011E-06
                8.54387E-03        7.5011E-06 
                8.54777E-03        7.49099E-06
                8.55167E-03        7.47669E-06
                8.55557E-03        7.45789E-06
                8.56337E-03        7.4057E-06 
                8.56727E-03        7.3718E-06 
                8.57118E-03        7.33242E-06
                8.57508E-03        7.28735E-06
                8.58288E-03        7.17958E-06
                8.58678E-03        7.11662E-06
                8.59068E-03        7.0475E-06 
                8.59848E-03        6.89055E-06
                8.60239E-03        6.80267E-06
                8.60629E-03        6.70855E-06
                8.61019E-03        6.60822E-06
                8.61799E-03        6.38924E-06
                8.62189E-03        6.27079E-06
                8.62579E-03        6.14655E-06
                8.6336E-03         5.88135E-06
                8.6375E-03         5.74078E-06
                8.6414E-03         5.5952E-06 
                8.6453E-03         5.44485E-06
                8.6531E-03         5.13096E-06
                8.657E-03          4.96801E-06
                8.66091E-03        4.80149E-06
                8.66871E-03        4.45909E-06
                8.67261E-03        4.28394E-06
                8.67651E-03        4.10666E-06
                8.68041E-03        3.92765E-06
                8.68822E-03        3.56605E-06
                8.69212E-03        3.38429E-06
                8.69602E-03        3.20246E-06
                8.70382E-03        2.84026E-06
                8.70772E-03        2.66075E-06
                8.71162E-03        2.48287E-06
                8.71552E-03        2.30703E-06
                8.72333E-03        1.96311E-06
                8.72723E-03        1.79583E-06
                8.73113E-03        1.63219E-06
                8.73503E-03        1.47254E-06
                8.74283E-03        1.16662E-06
                8.74673E-03        1.021E-06  
                8.75064E-03      880.676E-09  
                8.75844E-03      616.959E-09  
                8.76234E-03      494.045E-09  
                8.76624E-03      377.371E-09  
                8.77014E-03      267.111E-09  
                8.77795E-03       66.4102E-09 
                8.78185E-03      -23.8107E-09 
                8.78575E-03     -107.175E-09  
                8.79355E-03     -253.181E-09  
                8.79745E-03     -315.809E-09  
                8.80135E-03     -371.553E-09  
                8.80525E-03     -420.467E-09  
                8.81306E-03     -498.133E-09  
                8.81696E-03     -527.1E-09    
                8.82086E-03     -549.666E-09  
                8.82866E-03     -576.231E-09  
                8.83256E-03     -580.584E-09  
                8.83646E-03     -579.245E-09  
                8.84037E-03     -572.423E-09  
                8.84817E-03     -543.219E-09  
                8.85207E-03     -521.304E-09  
                8.85597E-03     -494.835E-09  
                8.86377E-03     -429.236E-09  
                8.86768E-03     -390.616E-09  
                8.87158E-03     -348.46E-09   
                8.87548E-03     -303.031E-09  
                8.88328E-03     -203.407E-09  
                8.88718E-03     -149.743E-09  
                8.89108E-03      -93.8642E-09 
                8.89889E-03       23.4682E-09 
                8.90279E-03       84.3891E-09 
                8.90669E-03      146.458E-09  
                8.91059E-03      209.408E-09  
                8.91839E-03      336.893E-09  
                8.92229E-03      400.899E-09  
                8.9262E-03       464.731E-09  
                8.9301E-03       528.129E-09  
                8.9379E-03       652.598E-09  
                8.9418E-03       713.165E-09  
                8.9457E-03       772.294E-09  
                8.9535E-03       885.286E-09  
                8.95741E-03      938.695E-09  
                8.96131E-03      989.757E-09  
                8.96521E-03        1.03827E-06
                8.97301E-03        1.12688E-06
                8.97691E-03        1.16663E-06
                8.98081E-03        1.20314E-06
                8.98862E-03        1.26591E-06
                8.99252E-03        1.29193E-06
                8.99642E-03        1.31426E-06
                9.00032E-03        1.33283E-06
                9.00812E-03        1.35847E-06
                9.01202E-03        1.36549E-06
                9.01593E-03        1.36864E-06
                9.02373E-03        1.36336E-06
                9.02763E-03        1.355E-06  
                9.03153E-03        1.34291E-06
                9.03543E-03        1.32714E-06
                9.04323E-03        1.28493E-06
                9.04714E-03        1.25867E-06
                9.05104E-03        1.22912E-06
                9.05884E-03        1.16063E-06
                9.06274E-03        1.12195E-06
                9.06664E-03        1.08049E-06
                9.07054E-03        1.03639E-06
                9.07835E-03      940.9E-09    
                9.08225E-03      889.82E-09   
                9.08615E-03      836.736E-09  
                9.09005E-03      781.817E-09  
                9.09785E-03      667.189E-09  
                9.10175E-03      607.85E-09   
                9.10566E-03      547.416E-09  
                9.11346E-03      424.075E-09  
                9.11736E-03      361.588E-09  
                9.12126E-03      298.846E-09  
                9.12516E-03      236.073E-09  
                9.13296E-03      111.364E-09  
                9.13687E-03       49.9002E-09 
                9.14077E-03      -10.6486E-09 
                9.14857E-03     -128.03E-09   
                9.15247E-03     -184.378E-09  
                9.15637E-03     -238.844E-09  
                9.16027E-03     -291.196E-09  
                9.16808E-03     -388.655E-09  
                9.17198E-03     -433.335E-09  
                9.17588E-03     -475.052E-09  
                9.18368E-03     -548.88E-09   
                9.18758E-03     -580.68E-09   
                9.19148E-03     -608.891E-09  
                9.19539E-03     -633.404E-09  
                9.20319E-03     -671.008E-09  
                9.20709E-03     -683.99E-09   
                9.21099E-03     -693.058E-09  
                9.21879E-03     -699.479E-09  
                9.22269E-03     -696.905E-09  
                9.2266E-03      -690.558E-09  
                9.2305E-03      -680.529E-09  
                9.2383E-03      -649.871E-09  
                9.2422E-03      -629.513E-09  
                9.2461E-03      -606.008E-09  
                9.25E-03        -579.53E-09   
                9.25781E-03     -518.401E-09  
                9.26171E-03     -484.151E-09  
                9.26561E-03     -447.722E-09  
                9.27341E-03     -369.206E-09  
                9.27731E-03     -327.567E-09  
                9.28121E-03     -284.643E-09  
                9.28512E-03     -240.662E-09  
                9.29292E-03     -150.446E-09  
                9.29682E-03     -104.665E-09  
                9.30072E-03      -58.7338E-09 
                9.30852E-03       32.6971E-09 
                9.31242E-03       77.7659E-09 
                9.31633E-03      122.123E-09  
                9.32023E-03      165.565E-09  
                9.32803E-03      248.914E-09  
                9.33193E-03      288.441E-09  
                9.33583E-03      326.297E-09  
                9.34364E-03      396.313E-09  
                9.34754E-03      428.157E-09  
                9.35144E-03      457.696E-09  
                9.35534E-03      484.797E-09  
                9.36314E-03      531.212E-09  
                9.36704E-03      550.321E-09  
                9.37094E-03      566.584E-09  
                9.37875E-03      590.321E-09  
                9.38265E-03      597.71E-09   
                9.38655E-03      602.083E-09  
                9.39045E-03      603.44E-09   
                9.39825E-03      597.193E-09  
                9.40215E-03      589.677E-09  
                9.40606E-03      579.319E-09  
                9.41386E-03      550.448E-09  
                9.41776E-03      532.158E-09  
                9.42166E-03      511.472E-09  
                9.42556E-03      488.54E-09   
                9.43337E-03      436.591E-09  
                9.43727E-03      407.93E-09   
                9.44117E-03      377.729E-09  
                9.44507E-03      346.186E-09  
                9.45287E-03      279.89E-09   
                9.45677E-03      245.552E-09  
                9.46067E-03      210.698E-09  
                9.46848E-03      140.27E-09   
                9.47238E-03      105.102E-09  
                9.47628E-03       70.2249E-09 
                9.48018E-03       35.8285E-09 
                9.48798E-03      -30.8103E-09 
                9.49189E-03      -62.7186E-09 
                9.49579E-03      -93.4801E-09 
                9.50359E-03     -151.009E-09  
                9.50749E-03     -177.528E-09  
                9.51139E-03     -202.403E-09  
                9.51529E-03     -225.54E-09   
                9.5231E-03      -266.28E-09   
                9.527E-03       -283.752E-09  
                9.5309E-03      -299.223E-09  
                9.5387E-03      -324.027E-09  
                9.5426E-03      -333.318E-09  
                9.5465E-03      -340.522E-09  
                9.5504E-03      -345.645E-09  
                9.55821E-03     -349.707E-09  
                9.56211E-03     -348.697E-09  
                9.56601E-03     -345.708E-09  
                9.57381E-03     -333.982E-09  
                9.57771E-03     -325.356E-09  
                9.58162E-03     -314.973E-09  
                9.58552E-03     -302.904E-09  
                9.59332E-03     -274.014E-09  
                9.59722E-03     -257.358E-09  
                9.60112E-03     -239.347E-09  
                9.60502E-03     -220.071E-09  
                9.61283E-03     -178.111E-09  
                9.61673E-03     -155.625E-09  
                9.62063E-03     -132.27E-09   
                9.62843E-03      -83.3681E-09 
                9.63233E-03      -58.0308E-09 
                9.63623E-03      -32.2427E-09 
                9.64013E-03       -6.10927E-09
                9.64794E-03       46.7754E-09 
                9.65184E-03       73.3198E-09 
                9.65574E-03       99.7966E-09 
                9.66354E-03      152.152E-09  
                9.66744E-03      177.838E-09  
                9.67135E-03      203.073E-09  
                9.67525E-03      227.768E-09  
                9.68305E-03      275.205E-09  
                9.68695E-03      297.789E-09  
                9.69085E-03      319.519E-09  
                9.69865E-03      360.157E-09  
                9.70256E-03      378.95E-09   
                9.70646E-03      396.657E-09  
                9.71036E-03      413.237E-09  
                9.71816E-03      442.882E-09  
                9.72206E-03      455.898E-09  
                9.72596E-03      467.689E-09  
                9.73377E-03      487.585E-09  
                9.73767E-03      495.703E-09  
                9.74157E-03      502.623E-09  
                9.74547E-03      508.371E-09  
                9.75327E-03      516.49E-09   
                9.75717E-03      518.949E-09  
                9.76108E-03      520.412E-09  
                9.76888E-03      520.589E-09  
                9.77278E-03      519.439E-09  
                9.77668E-03      517.561E-09  
                9.78058E-03      515.032E-09  
                9.78838E-03      508.342E-09  
                9.79229E-03      504.349E-09  
                9.79619E-03      500.035E-09  
                9.80009E-03      495.485E-09  
                9.80789E-03      486.015E-09  
                9.81179E-03      481.261E-09  
                9.81569E-03      476.602E-09  
                9.8235E-03       467.882E-09  
                9.8274E-03       463.971E-09  
                9.8313E-03       460.457E-09  
                9.8352E-03       457.408E-09  
                9.843E-03        452.976E-09  
                9.8469E-03       451.72E-09   
                9.85081E-03      451.188E-09  
                9.85861E-03      452.528E-09  
                9.86251E-03      454.516E-09  
                9.86641E-03      457.456E-09  
                9.87031E-03      461.404E-09  
                9.87811E-03      472.528E-09  
                9.88202E-03      479.806E-09  
                9.88592E-03      488.291E-09  
                9.89372E-03      509.065E-09  
                9.89762E-03      521.435E-09  
                9.90152E-03      535.174E-09  
                9.90542E-03      550.314E-09  
                9.91323E-03      584.891E-09  
                9.91713E-03      604.36E-09   
                9.92103E-03      625.29E-09   
                9.92883E-03      671.515E-09  
                9.93273E-03      696.776E-09  
                9.93663E-03      723.431E-09  
                9.94054E-03      751.437E-09  
                9.94834E-03      811.289E-09  
                9.95224E-03      842.999E-09  
                9.95614E-03      875.791E-09  
                9.96004E-03      909.574E-09  
                9.96779E-03      979.206E-09  
                9.97159E-03        1.01431E-06
                9.97533E-03        1.04942E-06
                9.98264E-03        1.11914E-06
                9.98622E-03        1.15351E-06
                9.99322E-03        1.22071E-06
                9.99664E-03        1.25335E-06
               10.E-03             1.28524E-06





                  X               _temp_2     

                0.                 0.         
                7.80259E-06        1.11943E-06
               11.7039E-06         2.28434E-06
               15.6052E-06         3.59353E-06
               23.4078E-06         6.03406E-06
               27.309E-06          7.03467E-06
               31.2103E-06         7.91544E-06
               35.1116E-06         8.74567E-06
               42.9142E-06        10.5187E-06 
               46.8155E-06        11.5244E-06 
               50.7168E-06        12.5975E-06 
               58.5194E-06        14.7981E-06 
               62.4207E-06        15.8615E-06 
               66.322E-06         16.884E-06  
               70.2233E-06        17.8776E-06 
               78.0259E-06        19.8663E-06 
               81.9272E-06        20.9019E-06 
               85.8285E-06        21.9752E-06 
               93.631E-06         24.2019E-06 
               97.5323E-06        25.3232E-06 
              101.434E-06         26.4315E-06 
              105.335E-06         27.5183E-06 
              113.138E-06         29.6284E-06 
              117.039E-06         30.6594E-06 
              120.94E-06          31.6816E-06 
              128.743E-06         33.7053E-06 
              132.644E-06         34.7067E-06 
              136.545E-06         35.6991E-06 
              140.447E-06         36.6838E-06 
              148.249E-06         38.6303E-06 
              152.15E-06          39.5941E-06 
              156.052E-06         40.5498E-06 
              163.854E-06         42.4248E-06 
              167.756E-06         43.3304E-06 
              171.657E-06         44.2092E-06 
              175.558E-06         45.057E-06  
              183.361E-06         46.6665E-06 
              187.262E-06         47.4358E-06 
              191.163E-06         48.1926E-06 
              195.065E-06         48.943E-06  
              202.867E-06         50.4497E-06 
              206.769E-06         51.2112E-06 
              210.67E-06          51.9801E-06 
              218.472E-06         53.5267E-06 
              222.374E-06         54.2989E-06 
              226.275E-06         55.0653E-06 
              230.176E-06         55.8257E-06 
              237.979E-06         57.3176E-06 
              241.88E-06          58.0495E-06 
              245.782E-06         58.772E-06  
              253.584E-06         60.199E-06  
              257.485E-06         60.9035E-06 
              261.387E-06         61.6058E-06 
              265.288E-06         62.3049E-06 
              273.091E-06         63.697E-06  
              276.992E-06         64.3867E-06 
              280.893E-06         65.0731E-06 
              288.696E-06         66.4252E-06 
              292.597E-06         67.0897E-06 
              296.498E-06         67.744E-06  
              300.399E-06         68.3906E-06 
              308.202E-06         69.6527E-06 
              312.103E-06         70.2694E-06 
              316.005E-06         70.8755E-06 
              323.807E-06         72.0634E-06 
              327.708E-06         72.6422E-06 
              331.61E-06          73.2141E-06 
              335.511E-06         73.7776E-06 
              343.314E-06         74.8862E-06 
              347.215E-06         75.4285E-06 
              351.116E-06         75.9648E-06 
              355.017E-06         76.492E-06  
              362.82E-06          77.5145E-06 
              366.721E-06         78.0045E-06 
              370.623E-06         78.48E-06   
              378.425E-06         79.3735E-06 
              382.326E-06         79.7902E-06 
              386.228E-06         80.1846E-06 
              390.129E-06         80.5602E-06 
              397.932E-06         81.2482E-06 
              401.833E-06         81.5638E-06 
              405.734E-06         81.8608E-06 
              413.537E-06         82.4082E-06 
              417.438E-06         82.6558E-06 
              421.339E-06         82.8888E-06 
              425.24E-06          83.1045E-06 
              433.043E-06         83.486E-06  
              436.944E-06         83.6483E-06 
              440.846E-06         83.7938E-06 
              448.648E-06         84.0271E-06 
              452.549E-06         84.1164E-06 
              456.451E-06         84.1865E-06 
              460.352E-06         84.2416E-06 
              468.155E-06         84.3026E-06 
              472.056E-06         84.3123E-06 
              475.957E-06         84.3091E-06 
              483.76E-06          84.2781E-06 
              487.661E-06         84.2502E-06 
              491.562E-06         84.2197E-06 
              495.464E-06         84.1868E-06 
              503.266E-06         84.1262E-06 
              507.168E-06         84.0983E-06 
              511.069E-06         84.0759E-06 
              518.871E-06         84.0393E-06 
              522.773E-06         84.0238E-06 
              526.674E-06         84.0052E-06 
              530.575E-06         83.9845E-06 
              538.378E-06         83.9177E-06 
              542.279E-06         83.8677E-06 
              546.181E-06         83.8025E-06 
              550.082E-06         83.7242E-06 
              557.885E-06         83.5174E-06 
              561.786E-06         83.3909E-06 
              565.687E-06         83.2491E-06 
              573.49E-06          82.9292E-06 
              577.391E-06         82.7491E-06 
              581.292E-06         82.5586E-06 
              585.194E-06         82.3552E-06 
              592.996E-06         81.9089E-06 
              596.898E-06         81.6612E-06 
              600.799E-06         81.3978E-06 
              608.602E-06         80.8115E-06 
              612.503E-06         80.4878E-06 
              616.404E-06         80.1416E-06 
              620.306E-06         79.7761E-06 
              628.108E-06         78.9812E-06 
              632.009E-06         78.5546E-06 
              635.911E-06         78.1086E-06 
              643.713E-06         77.168E-06  
              647.615E-06         76.6707E-06 
              651.516E-06         76.1586E-06 
              655.417E-06         75.6298E-06 
              663.22E-06          74.5275E-06 
              667.121E-06         73.9519E-06 
              671.023E-06         73.3632E-06 
              678.825E-06         72.1438E-06 
              682.727E-06         71.5161E-06 
              686.628E-06         70.876E-06  
              690.529E-06         70.2277E-06 
              698.332E-06         68.9037E-06 
              702.233E-06         68.2305E-06 
              706.134E-06         67.5495E-06 
              710.036E-06         66.8638E-06 
              717.838E-06         65.4715E-06 
              721.74E-06          64.7663E-06 
              725.641E-06         64.0548E-06 
              733.444E-06         62.6188E-06 
              737.345E-06         61.8928E-06 
              741.246E-06         61.1643E-06 
              745.147E-06         60.4323E-06 
              752.95E-06          58.9627E-06 
              756.851E-06         58.2245E-06 
              760.753E-06         57.4862E-06 
              768.555E-06         56.0047E-06 
              772.457E-06         55.2618E-06 
              776.358E-06         54.5159E-06 
              780.259E-06         53.7688E-06 
              788.062E-06         52.2637E-06 
              791.963E-06         51.5056E-06 
              795.865E-06         50.7427E-06 
              803.667E-06         49.2047E-06 
              807.568E-06         48.4263E-06 
              811.47E-06          47.6425E-06 
              815.371E-06         46.8514E-06 
              823.174E-06         45.2462E-06 
              827.075E-06         44.4287E-06 
              830.976E-06         43.6013E-06 
              838.779E-06         41.91E-06   
              842.68E-06          41.045E-06  
              846.582E-06         40.1656E-06 
              850.483E-06         39.273E-06  
              858.285E-06         37.4449E-06 
              862.187E-06         36.5104E-06 
              866.088E-06         35.5623E-06 
              873.891E-06         33.6305E-06 
              877.792E-06         32.646E-06  
              881.693E-06         31.651E-06  
              885.595E-06         30.6451E-06 
              893.397E-06         28.6039E-06 
              897.299E-06         27.5684E-06 
              901.2E-06           26.5244E-06 
              905.101E-06         25.4719E-06 
              912.904E-06         23.3447E-06 
              916.805E-06         22.2714E-06 
              920.706E-06         21.1938E-06 
              928.509E-06         19.0287E-06 
              932.41E-06          17.944E-06  
              936.312E-06         16.859E-06  
              940.213E-06         15.7755E-06 
              948.016E-06         13.6148E-06 
              951.917E-06         12.539E-06  
              955.818E-06         11.4666E-06 
              963.621E-06          9.33366E-06
              967.522E-06          8.27276E-06
              971.423E-06          7.21587E-06
              975.325E-06          6.16281E-06
              983.127E-06          4.06861E-06
              987.029E-06          3.02763E-06
              990.93E-06           1.99115E-06
              998.733E-06        -67.3024E-09 
                1.00263E-03     -886.925E-09  
                1.00654E-03       -1.25158E-06
                1.01044E-03       -1.20858E-06
                1.01824E-03     -656.906E-09  
                1.02214E-03     -452.617E-09  
                1.02604E-03     -390.071E-09  
                1.03384E-03     -588.94E-09   
                1.03775E-03     -722.386E-09  
                1.04165E-03     -799.664E-09  
                1.04555E-03     -795.939E-09  
                1.05335E-03     -599.132E-09  
                1.05725E-03     -474.601E-09  
                1.06115E-03     -375.703E-09  
                1.06505E-03     -315.88E-09   
                1.07286E-03     -279.112E-09  
                1.07676E-03     -260.035E-09  
                1.08066E-03     -213.564E-09  
                1.08846E-03      -14.2184E-09 
                1.09236E-03      124.237E-09  
                1.09627E-03      268.848E-09  
                1.10017E-03      405.024E-09  
                1.10797E-03      619.471E-09  
                1.11187E-03      695.83E-09   
                1.11577E-03      756.521E-09  
                1.12357E-03      847.589E-09  
                1.12748E-03      881.902E-09  
                1.13138E-03      908.527E-09  
                1.13528E-03      926.633E-09  
                1.14308E-03      937.829E-09  
                1.14698E-03      933.467E-09  
                1.15088E-03      924.329E-09  
                1.15869E-03      889.882E-09  
                1.16259E-03      858.894E-09  
                1.16649E-03      812.691E-09  
                1.17039E-03      746.79E-09   
                1.17819E-03      547.5E-09    
                1.18209E-03      417.135E-09  
                1.186E-03        273.113E-09  
                1.1938E-03       -25.3525E-09 
                1.1977E-03      -164.773E-09  
                1.2016E-03      -290.075E-09  
                1.2055E-03      -398.371E-09  
                1.2133E-03      -563.538E-09  
                1.21721E-03     -624.251E-09  
                1.22111E-03     -674.278E-09  
                1.22501E-03     -716.572E-09  
                1.23281E-03     -786.818E-09  
                1.23671E-03     -817.134E-09  
                1.24061E-03     -844.407E-09  
                1.24842E-03     -886.171E-09  
                1.25232E-03     -897.807E-09  
                1.25622E-03     -901.178E-09  
                1.26012E-03     -894.932E-09  
                1.26792E-03     -850.508E-09  
                1.27182E-03     -812.283E-09  
                1.27573E-03     -764.339E-09  
                1.28353E-03     -644.718E-09  
                1.28743E-03     -576.191E-09  
                1.29133E-03     -503.888E-09  
                1.29523E-03     -429.11E-09   
                1.30303E-03     -276.164E-09  
                1.30694E-03     -199.498E-09  
                1.31084E-03     -123.442E-09  
                1.31864E-03       25.3985E-09 
                1.32254E-03       97.8154E-09 
                1.32644E-03      168.931E-09  
                1.33034E-03      238.981E-09  
                1.33815E-03      377.317E-09  
                1.34205E-03      446.247E-09  
                1.34595E-03      515.132E-09  
                1.35375E-03      650.972E-09  
                1.35765E-03      715.948E-09  
                1.36155E-03      776.986E-09  
                1.36546E-03      832.282E-09  
                1.37326E-03      918.36E-09   
                1.37716E-03      946.025E-09  
                1.38106E-03      962.029E-09  
                1.38886E-03      957.915E-09  
                1.39276E-03      938.508E-09  
                1.39667E-03      908.69E-09   
                1.40057E-03      869.637E-09  
                1.40837E-03      768.686E-09  
                1.41227E-03      708.891E-09  
                1.41617E-03      643.885E-09  
                1.42007E-03      574.071E-09  
                1.42788E-03      420.449E-09  
                1.43178E-03      336.512E-09  
                1.43568E-03      247.713E-09  
                1.44348E-03       55.8665E-09 
                1.44738E-03      -46.4997E-09 
                1.45128E-03     -152.323E-09  
                1.45519E-03     -260.695E-09  
                1.46299E-03     -480.543E-09  
                1.46689E-03     -589.373E-09  
                1.47079E-03     -695.494E-09  
                1.47859E-03     -892.928E-09  
                1.4825E-03      -980.579E-09  
                1.4864E-03        -1.05822E-06
                1.4903E-03        -1.12382E-06
                1.4981E-03        -1.21096E-06
                1.502E-03         -1.22911E-06
                1.5059E-03        -1.22871E-06
                1.51371E-03       -1.17096E-06
                1.51761E-03       -1.11476E-06
                1.52151E-03       -1.0423E-06 
                1.52541E-03     -955.846E-09  
                1.53321E-03     -752.005E-09  
                1.53711E-03     -640.49E-09   
                1.54101E-03     -526.245E-09  
                1.54882E-03     -298.004E-09  
                1.55272E-03     -186.735E-09  
                1.55662E-03      -78.1655E-09 
                1.56052E-03       27.7509E-09 
                1.56832E-03      233.225E-09  
                1.57223E-03      333.666E-09  
                1.57613E-03      432.823E-09  
                1.58003E-03      530.39E-09   
                1.58783E-03      717.147E-09  
                1.59173E-03      803.436E-09  
                1.59563E-03      882.57E-09   
                1.60344E-03        1.01174E-06
                1.60734E-03        1.05847E-06
                1.61124E-03        1.09172E-06
                1.61514E-03        1.11096E-06
                1.62294E-03        1.10775E-06
                1.62684E-03        1.08659E-06
                1.63074E-03        1.05375E-06
                1.63855E-03      957.83E-09   
                1.64245E-03      897.016E-09  
                1.64635E-03      828.914E-09  
                1.65025E-03      754.273E-09  
                1.65805E-03      587.717E-09  
                1.66196E-03      496.843E-09  
                1.66586E-03      401.663E-09  
                1.67366E-03      201.388E-09  
                1.67756E-03       98.1998E-09 
                1.68146E-03       -5.50824E-09
                1.68536E-03     -108.488E-09  
                1.69317E-03     -307.293E-09  
                1.69707E-03     -400.854E-09  
                1.70097E-03     -489.266E-09  
                1.70877E-03     -648.E-09     
                1.71267E-03     -717.428E-09  
                1.71657E-03     -779.844E-09  
                1.72048E-03     -835.042E-09  
                1.72828E-03     -922.944E-09  
                1.73218E-03     -955.135E-09  
                1.73608E-03     -979.067E-09  
                1.74388E-03       -1.0008E-06 
                1.74778E-03     -998.007E-09  
                1.75169E-03     -985.881E-09  
                1.75559E-03     -964.414E-09  
                1.76339E-03     -894.271E-09  
                1.76729E-03     -846.392E-09  
                1.77119E-03     -790.709E-09  
                1.77509E-03     -727.861E-09  
                1.7829E-03      -583.24E-09   
                1.7868E-03      -502.658E-09  
                1.7907E-03      -417.256E-09  
                1.7985E-03      -233.781E-09  
                1.8024E-03      -136.603E-09  
                1.8063E-03       -36.488E-09  
                1.81021E-03       65.8984E-09 
                1.81801E-03      273.975E-09  
                1.82191E-03      377.441E-09  
                1.82581E-03      478.756E-09  
                1.83361E-03      668.939E-09  
                1.83751E-03      754.743E-09  
                1.84142E-03      832.411E-09  
                1.84532E-03      900.662E-09  
                1.85312E-03        1.00484E-06
                1.85702E-03        1.03934E-06
                1.86092E-03        1.06158E-06
                1.86872E-03        1.06895E-06
                1.87263E-03        1.05437E-06
                1.87653E-03        1.02804E-06
                1.88043E-03      990.385E-09  
                1.88823E-03      883.255E-09  
                1.89213E-03      815.049E-09  
                1.89603E-03      738.079E-09  
                1.90384E-03      561.527E-09  
                1.90774E-03      464.109E-09  
                1.91164E-03      362.26E-09   
                1.91554E-03      257.373E-09  
                1.92334E-03       44.4076E-09 
                1.92724E-03      -60.6745E-09 
                1.93115E-03     -162.909E-09  
                1.93505E-03     -261.007E-09  
                1.94285E-03     -440.528E-09  
                1.94675E-03     -520.347E-09  
                1.95065E-03     -592.838E-09  
                1.95845E-03     -714.934E-09  
                1.96236E-03     -764.463E-09  
                1.96626E-03     -806.42E-09   
                1.97016E-03     -840.926E-09  
                1.97796E-03     -887.93E-09   
                1.98186E-03     -900.437E-09  
                1.98576E-03     -905.486E-09  
                1.99357E-03     -892.427E-09  
                1.99747E-03     -873.855E-09  
                2.00137E-03     -846.986E-09  
                2.00527E-03     -811.72E-09   
                2.01307E-03     -716.326E-09  
                2.01697E-03     -656.831E-09  
                2.02088E-03     -590.246E-09  
                2.02868E-03     -439.36E-09   
                2.03258E-03     -357.274E-09  
                2.03648E-03     -272.435E-09  
                2.04038E-03     -186.17E-09   
                2.04819E-03      -14.5209E-09 
                2.05209E-03       68.5268E-09 
                2.05599E-03      148.42E-09   
                2.06379E-03      295.991E-09  
                2.06769E-03      362.802E-09  
                2.07159E-03      424.696E-09  
                2.07549E-03      481.663E-09  
                2.0833E-03       581.22E-09   
                2.0872E-03       624.089E-09  
                2.0911E-03       662.497E-09  
                2.095E-03        696.459E-09  
                2.1028E-03       750.567E-09  
                2.1067E-03       770.181E-09  
                2.11061E-03      784.301E-09  
                2.11841E-03      794.042E-09  
                2.12231E-03      788.61E-09   
                2.12621E-03      775.668E-09  
                2.13011E-03      754.849E-09  
                2.13792E-03      688.839E-09  
                2.14182E-03      643.719E-09  
                2.14572E-03      590.899E-09  
                2.15352E-03      464.445E-09  
                2.15742E-03      392.391E-09  
                2.16132E-03      315.738E-09  
                2.16522E-03      235.572E-09  
                2.17303E-03       69.2662E-09 
                2.17693E-03      -14.593E-09  
                2.18083E-03      -97.4713E-09 
                2.18863E-03     -256.391E-09  
                2.19253E-03     -330.735E-09  
                2.19643E-03     -400.717E-09  
                2.20034E-03     -465.758E-09  
                2.20814E-03     -579.179E-09  
                2.21204E-03     -626.852E-09  
                2.21594E-03     -668.139E-09  
                2.22374E-03     -730.777E-09  
                2.22765E-03     -751.83E-09   
                2.23155E-03     -765.888E-09  
                2.23545E-03     -772.873E-09  
                2.24325E-03     -765.449E-09  
                2.24715E-03     -751.045E-09  
                2.25105E-03     -729.589E-09  
                2.25886E-03     -666.1E-09    
                2.26276E-03     -624.525E-09  
                2.26666E-03     -576.833E-09  
                2.27056E-03     -523.451E-09  
                2.27836E-03     -401.763E-09  
                2.28226E-03     -334.727E-09  
                2.28616E-03     -264.529E-09  
                2.29007E-03     -191.971E-09  
                2.29787E-03      -43.1707E-09 
                2.30177E-03       31.3241E-09 
                2.30567E-03      104.722E-09  
                2.31347E-03      244.92E-09   
                2.31738E-03      310.202E-09  
                2.32128E-03      371.377E-09  
                2.32518E-03      427.883E-09  
                2.33298E-03      525.107E-09  
                2.33688E-03      565.176E-09  
                2.34078E-03      599.274E-09  
                2.34859E-03      649.229E-09  
                2.35249E-03      665.097E-09  
                2.35639E-03      674.987E-09  
                2.36029E-03      679.021E-09  
                2.36809E-03      670.113E-09  
                2.37199E-03      657.496E-09  
                2.3759E-03       639.658E-09  
                2.3837E-03       588.977E-09  
                2.3876E-03       556.465E-09  
                2.3915E-03       519.404E-09  
                2.3954E-03       477.986E-09  
                2.4032E-03       382.968E-09  
                2.40711E-03      329.907E-09  
                2.41101E-03      273.578E-09  
                2.41881E-03      152.734E-09  
                2.42271E-03       89.1722E-09 
                2.42661E-03       24.2441E-09 
                2.43051E-03      -41.4397E-09 
                2.43832E-03     -172.43E-09   
                2.44222E-03     -236.342E-09  
                2.44612E-03     -298.25E-09   
                2.45002E-03     -357.443E-09  
                2.45782E-03     -464.978E-09  
                2.46172E-03     -512.067E-09  
                2.46563E-03     -553.965E-09  
                2.47343E-03     -620.408E-09  
                2.47733E-03     -644.27E-09   
                2.48123E-03     -661.584E-09  
                2.48513E-03     -672.232E-09  
                2.49293E-03     -673.476E-09  
                2.49684E-03     -664.241E-09  
                2.50074E-03     -648.662E-09  
                2.50854E-03     -599.475E-09  
                2.51244E-03     -566.472E-09  
                2.51634E-03     -528.317E-09  
                2.52024E-03     -485.376E-09  
                2.52805E-03     -386.688E-09  
                2.53195E-03     -331.751E-09  
                2.53585E-03     -273.656E-09  
                2.54365E-03     -149.827E-09  
                2.54755E-03      -85.0904E-09 
                2.55145E-03      -19.1964E-09 
                2.55536E-03       47.2596E-09 
                2.56316E-03      179.266E-09  
                2.56706E-03      243.424E-09  
                2.57096E-03      305.375E-09  
                2.57876E-03      419.65E-09   
                2.58266E-03      470.498E-09  
                2.58657E-03      516.224E-09  
                2.59047E-03      556.202E-09  
                2.59827E-03      616.836E-09  
                2.60217E-03      636.71E-09   
                2.60607E-03      649.294E-09  
                2.61388E-03      652.376E-09  
                2.61778E-03      643.077E-09  
                2.62168E-03      626.882E-09  
                2.62558E-03      604.169E-09  
                2.63338E-03      541.109E-09  
                2.63728E-03      501.873E-09  
                2.64118E-03      458.302E-09  
                2.64509E-03      411.02E-09   
                2.65289E-03      307.802E-09  
                2.65679E-03      253.061E-09  
                2.66069E-03      196.99E-09   
                2.66849E-03       82.9431E-09 
                2.67239E-03       25.9433E-09 
                2.6763E-03       -30.4322E-09 
                2.6802E-03       -85.751E-09  
                2.688E-03       -191.558E-09  
                2.6919E-03      -241.242E-09  
                2.6958E-03      -288.258E-09  
                2.70361E-03     -372.795E-09  
                2.70751E-03     -409.613E-09  
                2.71141E-03     -442.373E-09  
                2.71531E-03     -470.799E-09  
                2.72311E-03     -513.784E-09  
                2.72701E-03     -528.044E-09  
                2.73091E-03     -537.386E-09  
                2.73872E-03     -541.41E-09   
                2.74262E-03     -536.292E-09  
                2.74652E-03     -526.647E-09  
                2.75042E-03     -512.704E-09  
                2.75822E-03     -472.984E-09  
                2.76212E-03     -447.781E-09  
                2.76603E-03     -419.404E-09  
                2.77383E-03     -354.214E-09  
                2.77773E-03     -317.892E-09  
                2.78163E-03     -279.368E-09  
                2.78553E-03     -238.823E-09  
                2.79334E-03     -152.294E-09  
                2.79724E-03     -106.604E-09  
                2.80114E-03      -59.5048E-09 
                2.80504E-03      -11.1783E-09 
                2.81284E-03       88.2221E-09 
                2.81674E-03      138.693E-09  
                2.82064E-03      189.167E-09  
                2.82845E-03      288.185E-09  
                2.83235E-03      335.592E-09  
                2.83625E-03      380.75E-09   
                2.84015E-03      422.974E-09  
                2.84795E-03      495.832E-09  
                2.85186E-03      525.111E-09  
                2.85576E-03      548.799E-09  
                2.86356E-03      577.396E-09  
                2.86746E-03      581.575E-09  
                2.87136E-03      578.736E-09  
                2.87526E-03      568.851E-09  
                2.88307E-03      528.559E-09  
                2.88697E-03      498.81E-09   
                2.89087E-03      463.311E-09  
                2.89867E-03      377.627E-09  
                2.90257E-03      328.904E-09  
                2.90647E-03      277.305E-09  
                2.91037E-03      223.63E-09   
                2.91818E-03      113.138E-09  
                2.92208E-03       57.7591E-09 
                2.92598E-03        3.14703E-09
                2.93378E-03     -101.648E-09  
                2.93768E-03     -150.958E-09  
                2.94159E-03     -197.746E-09  
                2.94549E-03     -241.746E-09  
                2.95329E-03     -320.543E-09  
                2.95719E-03     -355.006E-09  
                2.96109E-03     -385.985E-09  
                2.96889E-03     -436.946E-09  
                2.9728E-03      -456.645E-09  
                2.9767E-03      -472.291E-09  
                2.9806E-03      -483.73E-09   
                2.9884E-03      -493.39E-09   
                2.9923E-03      -491.349E-09  
                2.9962E-03      -484.599E-09  
                3.0001E-03      -473.091E-09  
                3.00791E-03     -435.888E-09  
                3.01181E-03     -410.387E-09  
                3.01571E-03     -380.529E-09  
                3.02351E-03     -308.863E-09  
                3.02741E-03     -267.764E-09  
                3.03132E-03     -223.709E-09  
                3.03522E-03     -177.155E-09  
                3.04302E-03      -78.4593E-09 
                3.04692E-03      -27.2664E-09 
                3.05082E-03       24.5547E-09 
                3.05862E-03      128.479E-09  
                3.06253E-03      179.894E-09  
                3.06643E-03      230.569E-09  
                3.07033E-03      280.283E-09  
                3.07813E-03      376.184E-09  
                3.08203E-03      422.14E-09   
                3.08593E-03      466.659E-09  
                3.09374E-03      551.164E-09  
                3.09764E-03      591.047E-09  
                3.10154E-03      629.278E-09  
                3.10544E-03      665.793E-09  
                3.11324E-03      733.38E-09   
                3.11714E-03      764.294E-09  
                3.12105E-03      793.189E-09  
                3.12885E-03      844.718E-09  
                3.13275E-03      867.324E-09  
                3.13665E-03      887.879E-09  
                3.14055E-03      906.491E-09  
                3.14835E-03      938.663E-09  
                3.15226E-03      952.793E-09  
                3.15616E-03      966.127E-09  
                3.16006E-03      979.144E-09  
                3.16786E-03        1.00648E-06
                3.17176E-03        1.02207E-06
                3.17566E-03        1.03988E-06
                3.18347E-03        1.08516E-06
                3.18737E-03        1.11415E-06
                3.19127E-03        1.1484E-06 
                3.19517E-03        1.18866E-06
                3.20297E-03        1.29001E-06
                3.20687E-03        1.35243E-06
                3.21078E-03        1.42347E-06
                3.21858E-03        1.59355E-06
                3.22248E-03        1.69348E-06
                3.22638E-03        1.80384E-06
                3.23028E-03        1.92495E-06
                3.23808E-03        2.20035E-06
                3.24199E-03        2.355E-06  
                3.24589E-03        2.52108E-06
                3.25369E-03        2.88768E-06
                3.25759E-03        3.08813E-06
                3.26149E-03        3.29991E-06
                3.26539E-03        3.52285E-06
                3.2732E-03         4.00146E-06
                3.2771E-03         4.25662E-06
                3.281E-03          4.52196E-06
                3.2888E-03         5.08182E-06
                3.2927E-03         5.37561E-06
                3.2966E-03         5.67812E-06
                3.30051E-03        5.98895E-06
                3.30831E-03        6.63396E-06
                3.31221E-03        6.96735E-06
                3.31611E-03        7.30749E-06
                3.32001E-03        7.654E-06  
                3.32781E-03        8.36479E-06
                3.33172E-03        8.72844E-06
                3.33562E-03        9.0972E-06 
                3.34342E-03        9.84902E-06
                3.34732E-03       10.2316E-06 
                3.35122E-03       10.6183E-06 
                3.35512E-03       11.009E-06  
                3.36293E-03       11.8014E-06 
                3.36683E-03       12.2028E-06 
                3.37073E-03       12.6073E-06 
                3.37853E-03       13.4253E-06 
                3.38243E-03       13.8383E-06 
                3.38633E-03       14.2539E-06 
                3.39024E-03       14.6718E-06 
                3.39804E-03       15.5138E-06 
                3.40194E-03       15.9377E-06 
                3.40584E-03       16.3632E-06 
                3.41364E-03       17.2187E-06 
                3.41755E-03       17.6483E-06 
                3.42145E-03       18.0791E-06 
                3.42535E-03       18.5109E-06 
                3.43315E-03       19.377E-06  
                3.43705E-03       19.811E-06  
                3.44095E-03       20.2456E-06 
                3.44876E-03       21.1161E-06 
                3.45266E-03       21.5518E-06 
                3.45656E-03       21.9877E-06 
                3.46046E-03       22.4236E-06 
                3.46826E-03       23.2953E-06 
                3.47216E-03       23.7307E-06 
                3.47606E-03       24.1658E-06 
                3.48387E-03       25.034E-06  
                3.48777E-03       25.4667E-06 
                3.49167E-03       25.8983E-06 
                3.49557E-03       26.3285E-06 
                3.50337E-03       27.1831E-06 
                3.50728E-03       27.6069E-06 
                3.51118E-03       28.0278E-06 
                3.51508E-03       28.4453E-06 
                3.52288E-03       29.268E-06  
                3.52678E-03       29.6721E-06 
                3.53068E-03       30.0705E-06 
                3.53849E-03       30.8473E-06 
                3.54239E-03       31.2243E-06 
                3.54629E-03       31.5927E-06 
                3.55019E-03       31.9518E-06 
                3.55799E-03       32.6388E-06 
                3.56189E-03       32.9652E-06 
                3.56579E-03       33.2793E-06 
                3.5736E-03        33.8675E-06 
                3.5775E-03        34.1405E-06 
                3.5814E-03        34.3985E-06 
                3.5853E-03        34.641E-06  
                3.5931E-03        35.0781E-06 
                3.59701E-03       35.2719E-06 
                3.60091E-03       35.4487E-06 
                3.60871E-03       35.751E-06  
                3.61261E-03       35.8763E-06 
                3.61651E-03       35.9842E-06 
                3.62041E-03       36.0748E-06 
                3.62822E-03       36.2046E-06 
                3.63212E-03       36.2441E-06 
                3.63602E-03       36.2671E-06 
                3.64382E-03       36.2644E-06 
                3.64772E-03       36.2394E-06 
                3.65162E-03       36.1991E-06 
                3.65552E-03       36.1439E-06 
                3.66333E-03       35.9907E-06 
                3.66723E-03       35.8934E-06 
                3.67113E-03       35.7829E-06 
                3.67503E-03       35.6597E-06 
                3.68283E-03       35.3767E-06 
                3.68674E-03       35.2178E-06 
                3.69064E-03       35.0477E-06 
                3.69844E-03       34.6758E-06 
                3.70234E-03       34.4747E-06 
                3.70624E-03       34.2638E-06 
                3.71014E-03       34.0437E-06 
                3.71795E-03       33.5765E-06 
                3.72185E-03       33.33E-06   
                3.72575E-03       33.0753E-06 
                3.73355E-03       32.5418E-06 
                3.73745E-03       32.2635E-06 
                3.74135E-03       31.9777E-06 
                3.74525E-03       31.6845E-06 
                3.75306E-03       31.0764E-06 
                3.75696E-03       30.7617E-06 
                3.76086E-03       30.4399E-06 
                3.76866E-03       29.7751E-06 
                3.77256E-03       29.4319E-06 
                3.77647E-03       29.0816E-06 
                3.78037E-03       28.7238E-06 
                3.78817E-03       27.9857E-06 
                3.79207E-03       27.6049E-06 
                3.79597E-03       27.2161E-06 
                3.80377E-03       26.4133E-06 
                3.80768E-03       25.999E-06  
                3.81158E-03       25.5756E-06 
                3.81548E-03       25.1431E-06 
                3.82328E-03       24.2494E-06 
                3.82718E-03       23.788E-06  
                3.83108E-03       23.3165E-06 
                3.83889E-03       22.3431E-06 
                3.84279E-03       21.841E-06  
                3.84669E-03       21.3285E-06 
                3.85059E-03       20.8057E-06 
                3.85839E-03       19.7293E-06 
                3.86229E-03       19.1759E-06 
                3.8662E-03        18.6125E-06 
                3.8701E-03        18.0394E-06 
                3.8779E-03        16.8649E-06 
                3.8818E-03        16.264E-06  
                3.8857E-03        15.6546E-06 
                3.8935E-03        14.4116E-06 
                3.89741E-03       13.7788E-06 
                3.90131E-03       13.1392E-06 
                3.90521E-03       12.4932E-06 
                3.91301E-03       11.1843E-06 
                3.91691E-03       10.5226E-06 
                3.92081E-03        9.85691E-06
                3.92862E-03        8.51583E-06
                3.93252E-03        7.84179E-06
                3.93642E-03        7.16628E-06
                3.94032E-03        6.48996E-06
                3.94812E-03        5.13746E-06
                3.95202E-03        4.46255E-06
                3.95593E-03        3.78932E-06
                3.96373E-03        2.45022E-06
                3.96763E-03        1.78541E-06
                3.97153E-03        1.1244E-06 
                3.97543E-03      467.634E-09  
                3.98323E-03     -831.586E-09  
                3.98714E-03       -1.47336E-06
                3.99104E-03       -2.10951E-06
                3.99884E-03       -3.36403E-06
                4.00274E-03       -3.98201E-06
                4.00664E-03       -4.59361E-06
                4.01054E-03       -5.19873E-06
                4.01835E-03       -6.38925E-06
                4.02225E-03       -6.97458E-06
                4.02615E-03       -7.55331E-06
                4.03005E-03       -8.12546E-06
                4.03785E-03       -9.25031E-06
                4.04175E-03       -9.8032E-06 
                4.04566E-03      -10.3499E-06 
                4.05346E-03      -11.4254E-06 
                4.05736E-03      -11.9546E-06 
                4.06126E-03      -12.4783E-06 
                4.06516E-03      -12.9968E-06 
                4.07297E-03      -14.0192E-06 
                4.07687E-03      -14.5237E-06 
                4.08077E-03      -15.024E-06  
                4.08857E-03      -16.0134E-06 
                4.09247E-03      -16.5029E-06 
                4.09637E-03      -16.9895E-06 
                4.10027E-03      -17.4732E-06 
                4.10808E-03      -18.433E-06  
                4.11198E-03      -18.9095E-06 
                4.11588E-03      -19.3839E-06 
                4.12368E-03      -20.3269E-06 
                4.12758E-03      -20.7955E-06 
                4.13148E-03      -21.2623E-06 
                4.13539E-03      -21.7271E-06 
                4.14319E-03      -22.6504E-06 
                4.14709E-03      -23.1087E-06 
                4.15099E-03      -23.5645E-06 
                4.15879E-03      -24.4677E-06 
                4.1627E-03       -24.9145E-06 
                4.1666E-03       -25.3578E-06 
                4.1705E-03       -25.7971E-06 
                4.1783E-03       -26.6627E-06 
                4.1822E-03       -27.0882E-06 
                4.1861E-03       -27.5083E-06 
                4.19E-03         -27.9226E-06 
                4.19781E-03      -28.7319E-06 
                4.20171E-03      -29.1261E-06 
                4.20561E-03      -29.5127E-06 
                4.21341E-03      -30.2612E-06 
                4.21731E-03      -30.6223E-06 
                4.22121E-03      -30.9739E-06 
                4.22512E-03      -31.3156E-06 
                4.23292E-03      -31.9675E-06 
                4.23682E-03      -32.2768E-06 
                4.24072E-03      -32.5745E-06 
                4.24852E-03      -33.1332E-06 
                4.25243E-03      -33.3936E-06 
                4.25633E-03      -33.6408E-06 
                4.26023E-03      -33.8746E-06 
                4.26803E-03      -34.3007E-06 
                4.27193E-03      -34.4926E-06 
                4.27583E-03      -34.6702E-06 
                4.28364E-03      -34.9816E-06 
                4.28754E-03      -35.1152E-06 
                4.29144E-03      -35.234E-06  
                4.29534E-03      -35.338E-06  
                4.30314E-03      -35.5014E-06 
                4.30704E-03      -35.5608E-06 
                4.31095E-03      -35.6055E-06 
                4.31875E-03      -35.6508E-06 
                4.32265E-03      -35.6517E-06 
                4.32655E-03      -35.6381E-06 
                4.33045E-03      -35.6101E-06 
                4.33825E-03      -35.5116E-06 
                4.34216E-03      -35.4413E-06 
                4.34606E-03      -35.3571E-06 
                4.35386E-03      -35.1473E-06 
                4.35776E-03      -35.0219E-06 
                4.36166E-03      -34.883E-06  
                4.36556E-03      -34.7308E-06 
                4.37337E-03      -34.3864E-06 
                4.37727E-03      -34.1945E-06 
                4.38117E-03      -33.9896E-06 
                4.38507E-03      -33.7718E-06 
                4.39287E-03      -33.2981E-06 
                4.39677E-03      -33.0424E-06 
                4.40068E-03      -32.7744E-06 
                4.40848E-03      -32.2022E-06 
                4.41238E-03      -31.8984E-06 
                4.41628E-03      -31.5832E-06 
                4.42018E-03      -31.2567E-06 
                4.42798E-03      -30.5712E-06 
                4.43189E-03      -30.2129E-06 
                4.43579E-03      -29.8447E-06 
                4.44359E-03      -29.0799E-06 
                4.44749E-03      -28.6842E-06 
                4.45139E-03      -28.2802E-06 
                4.45529E-03      -27.8683E-06 
                4.4631E-03       -27.0228E-06 
                4.467E-03        -26.5901E-06 
                4.4709E-03       -26.1514E-06 
                4.4787E-03       -25.258E-06  
                4.4826E-03       -24.8042E-06 
                4.4865E-03       -24.3463E-06 
                4.49041E-03      -23.8848E-06 
                4.49821E-03      -22.9529E-06 
                4.50211E-03      -22.4835E-06 
                4.50601E-03      -22.0123E-06 
                4.51381E-03      -21.0666E-06 
                4.51771E-03      -20.593E-06  
                4.52162E-03      -20.1195E-06 
                4.52552E-03      -19.6466E-06 
                4.53332E-03      -18.7044E-06 
                4.53722E-03      -18.2361E-06 
                4.54112E-03      -17.7702E-06 
                4.54502E-03      -17.3073E-06 
                4.55283E-03      -16.3921E-06 
                4.55673E-03      -15.9409E-06 
                4.56063E-03      -15.4945E-06 
                4.56843E-03      -14.6183E-06 
                4.57233E-03      -14.1893E-06 
                4.57623E-03      -13.767E-06  
                4.58014E-03      -13.3518E-06 
                4.58794E-03      -12.5444E-06 
                4.59184E-03      -12.1529E-06 
                4.59574E-03      -11.77E-06   
                4.60354E-03      -11.0308E-06 
                4.60744E-03      -10.6749E-06 
                4.61135E-03      -10.3285E-06 
                4.61525E-03       -9.99162E-06
                4.62305E-03       -9.34651E-06
                4.62695E-03       -9.03827E-06
                4.63085E-03       -8.73947E-06
                4.63866E-03       -8.16962E-06
                4.64256E-03       -7.89818E-06
                4.64646E-03       -7.6354E-06 
                4.65036E-03       -7.38099E-06
                4.65816E-03       -6.89596E-06
                4.66206E-03       -6.66463E-06
                4.66596E-03       -6.44025E-06
                4.67377E-03       -6.01075E-06
                4.67767E-03       -5.80484E-06
                4.68157E-03       -5.6043E-06 
                4.68547E-03       -5.40873E-06
                4.69327E-03       -5.03106E-06
                4.69717E-03       -4.84828E-06
                4.70108E-03       -4.66912E-06
                4.70888E-03       -4.32057E-06
                4.71278E-03       -4.15072E-06
                4.71668E-03       -3.98356E-06
                4.72058E-03       -3.81895E-06
                4.72839E-03       -3.49691E-06
                4.73229E-03       -3.33934E-06
                4.73619E-03       -3.18403E-06
                4.74009E-03       -3.03099E-06
                4.74789E-03       -2.73181E-06
                4.75179E-03       -2.5858E-06 
                4.75569E-03       -2.44229E-06
                4.7635E-03        -2.16323E-06
                4.7674E-03        -2.02793E-06
                4.7713E-03        -1.89563E-06
                4.7752E-03        -1.76648E-06
                4.783E-03         -1.51826E-06
                4.7869E-03        -1.39952E-06
                4.79081E-03       -1.28456E-06
                4.79861E-03       -1.06671E-06
                4.80251E-03     -964.146E-09  
                4.80641E-03     -866.048E-09  
                4.81031E-03     -772.585E-09  
                4.81812E-03     -600.233E-09  
                4.82202E-03     -521.675E-09  
                4.82592E-03     -448.411E-09  
                4.83372E-03     -318.383E-09  
                4.83762E-03     -261.913E-09  
                4.84152E-03     -211.32E-09   
                4.84542E-03     -166.725E-09  
                4.85323E-03      -95.9423E-09 
                4.85713E-03      -69.9156E-09 
                4.86103E-03      -50.2042E-09 
                4.86883E-03      -29.7945E-09 
                4.87273E-03      -29.0584E-09 
                4.87664E-03      -34.5578E-09 
                4.88054E-03      -46.1928E-09 
                4.88834E-03      -87.2932E-09 
                4.89224E-03     -116.379E-09  
                4.89614E-03     -150.842E-09  
                4.90004E-03     -190.4E-09    
                4.90785E-03     -283.51E-09   
                4.91175E-03     -336.332E-09  
                4.91565E-03     -392.799E-09  
                4.92345E-03     -514.914E-09  
                4.92735E-03     -579.634E-09  
                4.93125E-03     -646.154E-09  
                4.93515E-03     -713.977E-09  
                4.94296E-03     -851.528E-09  
                4.94686E-03     -920.254E-09  
                4.95076E-03     -988.29E-09   
                4.95856E-03       -1.12038E-06
                4.96246E-03       -1.18352E-06
                4.96637E-03       -1.24414E-06
                4.97027E-03       -1.30185E-06
                4.97807E-03       -1.40702E-06
                4.98197E-03       -1.45382E-06
                4.98587E-03       -1.49636E-06
                4.99367E-03       -1.56768E-06
                4.99758E-03       -1.59604E-06
                5.00148E-03       -1.61932E-06
                5.00538E-03       -1.63739E-06
                5.01318E-03       -1.65757E-06
                5.01708E-03       -1.6596E-06 
                5.02098E-03       -1.65624E-06
                5.02879E-03       -1.63358E-06
                5.03269E-03       -1.61443E-06
                5.03659E-03       -1.59021E-06
                5.04049E-03       -1.56108E-06
                5.04829E-03       -1.48878E-06
                5.05219E-03       -1.44601E-06
                5.0561E-03        -1.39915E-06
                5.0639E-03        -1.29416E-06
                5.0678E-03        -1.23658E-06
                5.0717E-03        -1.17602E-06
                5.0756E-03        -1.11277E-06
                5.0834E-03      -979.52E-09   
                5.08731E-03     -910.18E-09   
                5.09121E-03     -839.48E-09   
                5.09511E-03     -767.762E-09  
                5.10291E-03     -622.642E-09  
                5.10681E-03     -549.92E-09   
                5.11071E-03     -477.538E-09  
                5.11852E-03     -335.096E-09  
                5.12242E-03     -265.666E-09  
                5.12632E-03     -197.832E-09  
                5.13022E-03     -131.878E-09  
                5.13802E-03       -6.67459E-09
                5.14192E-03       52.0864E-09 
                5.14583E-03      107.993E-09  
                5.15363E-03      210.483E-09  
                5.15753E-03      256.743E-09  
                5.16143E-03      299.502E-09  
                5.16533E-03      338.656E-09  
                5.17313E-03      405.86E-09   
                5.17704E-03      433.823E-09  
                5.18094E-03      458.011E-09  
                5.18874E-03      495.148E-09  
                5.19264E-03      508.197E-09  
                5.19654E-03      517.667E-09  
                5.20044E-03      523.658E-09  
                5.20825E-03      525.683E-09  
                5.21215E-03      521.997E-09  
                5.21605E-03      515.385E-09  
                5.22385E-03      494.068E-09  
                5.22775E-03      479.722E-09  
                5.23165E-03      463.166E-09  
                5.23556E-03      444.59E-09   
                5.24336E-03      402.144E-09  
                5.24726E-03      378.651E-09  
                5.25116E-03      353.891E-09  
                5.25506E-03      328.045E-09  
                5.26286E-03      273.776E-09  
                5.26677E-03      245.676E-09  
                5.27067E-03      217.136E-09  
                5.27847E-03      159.284E-09  
                5.28237E-03      130.223E-09  
                5.28627E-03      101.223E-09  
                5.29017E-03       72.3876E-09 
                5.29798E-03       15.5654E-09 
                5.30188E-03      -12.2629E-09 
                5.30578E-03      -39.6107E-09 
                5.31358E-03      -92.6318E-09 
                5.31748E-03     -118.203E-09  
                5.32138E-03     -143.088E-09  
                5.32529E-03     -167.247E-09  
                5.33309E-03     -213.235E-09  
                5.33699E-03     -234.992E-09  
                5.34089E-03     -255.878E-09  
                5.34869E-03     -294.883E-09  
                5.35259E-03     -312.925E-09  
                5.3565E-03      -329.936E-09  
                5.3604E-03      -345.873E-09  
                5.3682E-03      -374.324E-09  
                5.3721E-03      -386.736E-09  
                5.376E-03       -397.867E-09  
                5.38381E-03     -416.062E-09  
                5.38771E-03     -423.014E-09  
                5.39161E-03     -428.464E-09  
                5.39551E-03     -432.36E-09   
                5.40331E-03     -435.305E-09  
                5.40721E-03     -434.275E-09  
                5.41111E-03     -431.535E-09  
                5.41502E-03     -427.065E-09  
                5.42282E-03     -412.897E-09  
                5.42672E-03     -403.21E-09   
                5.43062E-03     -391.812E-09  
                5.43842E-03     -364.035E-09  
                5.44233E-03     -347.762E-09  
                5.44623E-03     -329.99E-09   
                5.45013E-03     -310.802E-09  
                5.45793E-03     -268.569E-09  
                5.46183E-03     -245.742E-09  
                5.46573E-03     -221.935E-09  
                5.47354E-03     -171.906E-09  
                5.47744E-03     -145.956E-09  
                5.48134E-03     -119.569E-09  
                5.48524E-03      -92.8869E-09 
                5.49304E-03      -39.1982E-09 
                5.49694E-03      -12.4649E-09 
                5.50084E-03       14.0192E-09 
                5.50865E-03       65.7481E-09 
                5.51255E-03       90.7638E-09 
                5.51645E-03      115.073E-09  
                5.52035E-03      138.58E-09   
                5.52815E-03      182.836E-09  
                5.53206E-03      203.428E-09  
                5.53596E-03      222.9E-09    
                5.54376E-03      258.23E-09   
                5.54766E-03      273.967E-09  
                5.55156E-03      288.343E-09  
                5.55546E-03      301.303E-09  
                5.56327E-03      322.756E-09  
                5.56717E-03      331.139E-09  
                5.57107E-03      337.888E-09  
                5.57887E-03      346.259E-09  
                5.58277E-03      347.774E-09  
                5.58667E-03      347.442E-09  
                5.59057E-03      345.216E-09  
                5.59838E-03      334.925E-09  
                5.60228E-03      326.805E-09  
                5.60618E-03      316.681E-09  
                5.61008E-03      304.554E-09  
                5.61788E-03      274.376E-09  
                5.62179E-03      256.409E-09  
                5.62569E-03      236.613E-09  
                5.63349E-03      191.921E-09  
                5.63739E-03      167.271E-09  
                5.64129E-03      141.284E-09  
                5.64519E-03      114.132E-09  
                5.653E-03         57.112E-09  
                5.6569E-03        27.6713E-09 
                5.6608E-03        -2.08563E-09
                5.6686E-03       -61.5881E-09 
                5.6725E-03       -90.8454E-09 
                5.6764E-03      -119.449E-09  
                5.68031E-03     -147.162E-09  
                5.68811E-03     -199.014E-09  
                5.69201E-03     -222.734E-09  
                5.69591E-03     -244.733E-09  
                5.70371E-03     -282.926E-09  
                5.70761E-03     -298.855E-09  
                5.71152E-03     -312.533E-09  
                5.71542E-03     -323.886E-09  
                5.72322E-03     -339.437E-09  
                5.72712E-03     -343.602E-09  
                5.73102E-03     -345.375E-09  
                5.73882E-03     -341.907E-09  
                5.74273E-03     -336.79E-09   
                5.74663E-03     -329.527E-09  
                5.75053E-03     -320.217E-09  
                5.75833E-03     -295.9E-09    
                5.76223E-03     -281.137E-09  
                5.76613E-03     -264.812E-09  
                5.77004E-03     -247.061E-09  
                5.77784E-03     -207.842E-09  
                5.78174E-03     -186.661E-09  
                5.78564E-03     -164.626E-09  
                5.79344E-03     -118.575E-09  
                5.79734E-03      -94.8523E-09 
                5.80125E-03      -70.8594E-09 
                5.80515E-03      -46.7424E-09 
                5.81295E-03        1.2825E-09 
                5.81685E-03       24.9012E-09 
                5.82075E-03       48.0662E-09 
                5.82855E-03       92.4715E-09 
                5.83246E-03      113.436E-09  
                5.83636E-03      133.397E-09  
                5.84026E-03      152.225E-09  
                5.84806E-03      186.004E-09  
                5.85196E-03      200.73E-09   
                5.85586E-03      213.88E-09   
                5.86367E-03      235.112E-09  
                5.86757E-03      243.055E-09  
                5.87147E-03      249.145E-09  
                5.87537E-03      253.348E-09  
                5.88317E-03      256.032E-09  
                5.88707E-03      254.524E-09  
                5.89098E-03      251.151E-09  
                5.89878E-03      239.014E-09  
                5.90268E-03      230.391E-09  
                5.90658E-03      220.186E-09  
                5.91048E-03      208.505E-09  
                5.91828E-03      181.206E-09  
                5.92219E-03      165.861E-09  
                5.92609E-03      149.58E-09   
                5.93389E-03      114.837E-09  
                5.93779E-03       96.6969E-09 
                5.94169E-03       78.2612E-09 
                5.94559E-03       59.6922E-09 
                5.9534E-03        22.7872E-09 
                5.9573E-03         4.75576E-09
                5.9612E-03       -12.8031E-09 
                5.9651E-03       -29.7557E-09 
                5.9729E-03       -61.3562E-09 
                5.9768E-03       -75.7883E-09 
                5.98071E-03      -89.1838E-09 
                5.98851E-03     -112.566E-09  
                5.99241E-03     -122.435E-09  
                5.99631E-03     -131.033E-09  
                6.00021E-03     -138.333E-09  
                6.00802E-03     -148.996E-09  
                6.01192E-03     -152.368E-09  
                6.01582E-03     -154.458E-09  
                6.02362E-03     -154.937E-09  
                6.02752E-03     -153.419E-09  
                6.03142E-03     -150.809E-09  
                6.03532E-03     -147.175E-09  
                6.04313E-03     -137.141E-09  
                6.04703E-03     -130.909E-09  
                6.05093E-03     -123.987E-09  
                6.05873E-03     -108.442E-09  
                6.06263E-03     -100.012E-09  
                6.06653E-03      -91.2693E-09 
                6.07044E-03      -82.3093E-09 
                6.07824E-03      -64.1009E-09 
                6.08214E-03      -55.0257E-09 
                6.08604E-03      -46.0775E-09 
                6.09384E-03      -28.8505E-09 
                6.09774E-03      -20.6997E-09 
                6.10165E-03      -12.9305E-09 
                6.10555E-03       -5.58835E-09
                6.11335E-03        7.67305E-09
                6.11725E-03       13.5411E-09 
                6.12115E-03       18.8798E-09 
                6.12505E-03       23.6825E-09 
                6.13286E-03       31.6891E-09 
                6.13676E-03       34.9133E-09 
                6.14066E-03       37.6411E-09 
                6.14846E-03       41.704E-09  
                6.15236E-03       43.0968E-09 
                6.15626E-03       44.107E-09  
                6.16017E-03       44.7696E-09 
                6.16797E-03       45.1976E-09 
                6.17187E-03       45.037E-09  
                6.17577E-03       44.6759E-09 
                6.18357E-03       43.4963E-09 
                6.18748E-03       42.7476E-09 
                6.19138E-03       41.9374E-09 
                6.19528E-03       41.0978E-09 
                6.20308E-03       39.4517E-09 
                6.20698E-03       38.7034E-09 
                6.21088E-03       38.0421E-09 
                6.21869E-03       37.0874E-09 
                6.22259E-03       36.8458E-09 
                6.22649E-03       36.7953E-09 
                6.23039E-03       36.9603E-09 
                6.23819E-03       38.0331E-09 
                6.24209E-03       38.9868E-09 
                6.246E-03         40.2476E-09 
                6.2538E-03        43.7682E-09 
                6.2577E-03        46.0615E-09 
                6.2616E-03        48.7281E-09 
                6.2655E-03        51.7774E-09 
                6.2733E-03        59.0415E-09 
                6.27721E-03       63.2535E-09 
                6.28111E-03       67.8418E-09 
                6.28501E-03       72.7917E-09 
                6.29281E-03       83.6893E-09 
                6.29671E-03       89.5788E-09 
                6.30061E-03       95.714E-09  
                6.30842E-03      108.547E-09  
                6.31232E-03      115.148E-09  
                6.31622E-03      121.801E-09  
                6.32012E-03      128.451E-09  
                6.32792E-03      141.524E-09  
                6.33182E-03      147.84E-09   
                6.33573E-03      153.945E-09  
                6.34353E-03      165.358E-09  
                6.34743E-03      170.604E-09  
                6.35133E-03      175.517E-09  
                6.35523E-03      180.094E-09  
                6.36303E-03      188.274E-09  
                6.36694E-03      191.932E-09  
                6.37084E-03      195.362E-09  
                6.37864E-03      201.798E-09  
                6.38254E-03      204.97E-09   
                6.38644E-03      208.244E-09  
                6.39034E-03      211.732E-09  
                6.39815E-03      219.857E-09  
                6.40205E-03      224.765E-09  
                6.40595E-03      230.425E-09  
                6.41375E-03      244.588E-09  
                6.41765E-03      253.381E-09  
                6.42155E-03      263.503E-09  
                6.42546E-03      275.088E-09  
                6.43326E-03      303.14E-09   
                6.43716E-03      319.826E-09  
                6.44106E-03      338.412E-09  
                6.44886E-03      381.579E-09  
                6.45276E-03      406.271E-09  
                6.45667E-03      433.085E-09  
                6.46057E-03      462.037E-09  
                6.46837E-03      526.361E-09  
                6.47227E-03      561.699E-09  
                6.47617E-03      599.113E-09  
                6.48007E-03      638.559E-09  
                6.48788E-03      723.329E-09  
                6.49178E-03      768.527E-09  
                6.49568E-03      815.51E-09   
                6.50348E-03      914.54E-09   
                6.50738E-03      966.441E-09  
                6.51128E-03        1.01984E-06
                6.51519E-03        1.07466E-06
                6.52299E-03        1.1883E-06 
                6.52689E-03        1.247E-06  
                6.53079E-03        1.30688E-06
                6.53859E-03        1.42992E-06
                6.54249E-03        1.49299E-06
                6.5464E-03         1.55703E-06
                6.5503E-03         1.62199E-06
                6.5581E-03         1.75447E-06
                6.562E-03          1.82191E-06
                6.5659E-03         1.89007E-06
                6.57371E-03        2.02839E-06
                6.57761E-03        2.09844E-06
                6.58151E-03        2.16902E-06
                6.58541E-03        2.24006E-06
                6.59321E-03        2.38334E-06
                6.59711E-03        2.45546E-06
                6.60101E-03        2.52784E-06
                6.60882E-03        2.67319E-06
                6.61272E-03        2.74608E-06
                6.61662E-03        2.81906E-06
                6.62052E-03        2.89213E-06
                6.62832E-03        3.03849E-06
                6.63222E-03        3.11178E-06
                6.63613E-03        3.18517E-06
                6.64003E-03        3.2587E-06 
                6.64783E-03        3.40637E-06
                6.65173E-03        3.48063E-06
                6.65563E-03        3.55528E-06
                6.66343E-03        3.70608E-06
                6.66734E-03        3.78243E-06
                6.67124E-03        3.85954E-06
                6.67514E-03        3.93752E-06
                6.68294E-03        4.09648E-06
                6.68684E-03        4.17764E-06
                6.69074E-03        4.26005E-06
                6.69855E-03        4.42885E-06
                6.70245E-03        4.51535E-06
                6.70635E-03        4.60329E-06
                6.71025E-03        4.69269E-06
                6.71805E-03        4.87578E-06
                6.72195E-03        4.9694E-06 
                6.72586E-03        5.06432E-06
                6.73366E-03        5.25768E-06
                6.73756E-03        5.35588E-06
                6.74146E-03        5.45492E-06
                6.74536E-03        5.55464E-06
                6.75317E-03        5.75538E-06
                6.75707E-03        5.85603E-06
                6.76097E-03        5.95659E-06
                6.76877E-03        6.1566E-06 
                6.77267E-03        6.25562E-06
                6.77657E-03        6.35368E-06
                6.78047E-03        6.45057E-06
                6.78828E-03        6.63999E-06
                6.79218E-03        6.73209E-06
                6.79608E-03        6.82218E-06
                6.80388E-03        6.99557E-06
                6.80778E-03        7.0785E-06 
                6.81169E-03        7.1587E-06 
                6.81559E-03        7.23601E-06
                6.82339E-03        7.38133E-06
                6.82729E-03        7.44909E-06
                6.83119E-03        7.5134E-06 
                6.83509E-03        7.57416E-06
                6.8429E-03         7.68464E-06
                6.8468E-03         7.73418E-06
                6.8507E-03         7.77983E-06
                6.8585E-03         7.85921E-06
                6.8624E-03         7.89286E-06
                6.8663E-03         7.92245E-06
                6.8702E-03         7.94797E-06
                6.87801E-03        7.98679E-06
                6.88191E-03        8.00014E-06
                6.88581E-03        8.00949E-06
                6.89361E-03        8.01647E-06
                6.89751E-03        8.01424E-06
                6.90141E-03        8.00833E-06
                6.90532E-03        7.99884E-06
                6.91312E-03        7.96966E-06
                6.91702E-03        7.95026E-06
                6.92092E-03        7.92787E-06
                6.92872E-03        7.87482E-06
                6.93263E-03        7.84454E-06
                6.93653E-03        7.81202E-06
                6.94043E-03        7.77748E-06
                6.94823E-03        7.70318E-06
                6.95213E-03        7.66388E-06
                6.95603E-03        7.62344E-06
                6.96384E-03        7.54007E-06
                6.96774E-03        7.4976E-06 
                6.97164E-03        7.45492E-06
                6.97554E-03        7.41224E-06
                6.98334E-03        7.32782E-06
                6.98724E-03        7.28652E-06
                6.99115E-03        7.24611E-06
                6.99505E-03        7.20681E-06
                7.00285E-03        7.13238E-06
                7.00675E-03        7.09767E-06
                7.01065E-03        7.06489E-06
                7.01845E-03        7.00594E-06
                7.02236E-03        6.98018E-06
                7.02626E-03        6.95715E-06
                7.03016E-03        6.93706E-06
                7.03796E-03        6.90652E-06
                7.04186E-03        6.89648E-06
                7.04576E-03        6.89022E-06
                7.05357E-03        6.8899E-06 
                7.05747E-03        6.89631E-06
                7.06137E-03        6.90741E-06
                7.06527E-03        6.92346E-06
                7.07307E-03        6.97149E-06
                7.07697E-03        7.00403E-06
                7.08088E-03        7.04264E-06
                7.08868E-03        7.13936E-06
                7.09258E-03        7.19814E-06
                7.09648E-03        7.26434E-06
                7.10038E-03        7.33833E-06
                7.10818E-03        7.51125E-06
                7.11209E-03        7.611E-06  
                7.11599E-03        7.72019E-06
                7.12379E-03        7.96866E-06
                7.12769E-03        8.10888E-06
                7.13159E-03        8.2604E-06 
                7.13549E-03        8.42371E-06
                7.1433E-03         8.78769E-06
                7.1472E-03         8.98939E-06
                7.1511E-03         9.20491E-06
                7.155E-03          9.43476E-06
                7.1628E-03         9.93952E-06
                7.1667E-03        10.2154E-06 
                7.17061E-03       10.5077E-06 
                7.17841E-03       11.1433E-06 
                7.18231E-03       11.4875E-06 
                7.18621E-03       11.85E-06   
                7.19011E-03       12.2311E-06 
                7.19791E-03       13.0511E-06 
                7.20182E-03       13.4906E-06 
                7.20572E-03       13.9504E-06 
                7.21352E-03       14.9319E-06 
                7.21742E-03       15.4542E-06 
                7.22132E-03       15.998E-06  
                7.22522E-03       16.5634E-06 
                7.23303E-03       17.7601E-06 
                7.23693E-03       18.3918E-06 
                7.24083E-03       19.0459E-06 
                7.24863E-03       20.4218E-06 
                7.25253E-03       21.1439E-06 
                7.25643E-03       21.8887E-06 
                7.26034E-03       22.6564E-06 
                7.26814E-03       24.2603E-06 
                7.27204E-03       25.0965E-06 
                7.27594E-03       25.9554E-06 
                7.28374E-03       27.741E-06  
                7.28764E-03       28.6674E-06 
                7.29155E-03       29.6161E-06 
                7.29545E-03       30.5868E-06 
                7.30325E-03       32.5933E-06 
                7.30715E-03       33.6285E-06 
                7.31105E-03       34.6847E-06 
                7.31886E-03       36.8584E-06 
                7.32276E-03       37.9752E-06 
                7.32666E-03       39.1114E-06 
                7.33056E-03       40.2666E-06 
                7.33836E-03       42.6319E-06 
                7.34226E-03       43.841E-06  
                7.34616E-03       45.0671E-06 
                7.35007E-03       46.3096E-06 
                7.35787E-03       48.8415E-06 
                7.36177E-03       50.1297E-06 
                7.36567E-03       51.432E-06  
                7.37347E-03       54.0763E-06 
                7.37738E-03       55.4171E-06 
                7.38128E-03       56.7695E-06 
                7.38518E-03       58.1327E-06 
                7.39298E-03       60.8895E-06 
                7.39688E-03       62.2818E-06 
                7.40078E-03       63.6823E-06 
                7.40859E-03       66.5059E-06 
                7.41249E-03       67.9275E-06 
                7.41639E-03       69.3548E-06 
                7.42029E-03       70.7871E-06 
                7.42809E-03       73.6639E-06 
                7.43199E-03       75.1069E-06 
                7.43589E-03       76.5522E-06 
                7.4437E-03        79.4461E-06 
                7.4476E-03        80.8933E-06 
                7.4515E-03        82.3396E-06 
                7.4554E-03        83.7843E-06 
                7.4632E-03        86.6654E-06 
                7.4671E-03        88.1003E-06 
                7.47101E-03       89.5301E-06 
                7.47881E-03       92.3717E-06 
                7.48271E-03       93.7816E-06 
                7.48661E-03       95.1832E-06 
                7.49051E-03       96.5756E-06 
                7.49832E-03       99.3293E-06 
                7.50222E-03      100.689E-06  
                7.50612E-03      102.036E-06  
                7.51002E-03      103.37E-06   
                7.51782E-03      105.994E-06  
                7.52172E-03      107.283E-06  
                7.52562E-03      108.555E-06  
                7.53343E-03      111.048E-06  
                7.53733E-03      112.267E-06  
                7.54123E-03      113.467E-06  
                7.54513E-03      114.647E-06  
                7.55293E-03      116.946E-06  
                7.55684E-03      118.063E-06  
                7.56074E-03      119.16E-06   
                7.56854E-03      121.285E-06  
                7.57244E-03      122.313E-06  
                7.57634E-03      123.318E-06  
                7.58024E-03      124.3E-06    
                7.58805E-03      126.192E-06  
                7.59195E-03      127.102E-06  
                7.59585E-03      127.987E-06  
                7.60365E-03      129.684E-06  
                7.60755E-03      130.496E-06  
                7.61145E-03      131.283E-06  
                7.61536E-03      132.045E-06  
                7.62316E-03      133.497E-06  
                7.62706E-03      134.185E-06  
                7.63096E-03      134.85E-06   
                7.63876E-03      136.107E-06  
                7.64266E-03      136.7E-06    
                7.64657E-03      137.27E-06   
                7.65047E-03      137.816E-06  
                7.65827E-03      138.84E-06   
                7.66217E-03      139.319E-06  
                7.66607E-03      139.776E-06  
                7.67387E-03      140.626E-06  
                7.67778E-03      141.02E-06   
                7.68168E-03      141.394E-06  
                7.68558E-03      141.748E-06  
                7.69338E-03      142.399E-06  
                7.69728E-03      142.697E-06  
                7.70118E-03      142.976E-06  
                7.70508E-03      143.238E-06  
                7.71289E-03      143.71E-06   
                7.71679E-03      143.921E-06  
                7.72069E-03      144.116E-06  
                7.72849E-03      144.458E-06  
                7.73239E-03      144.607E-06  
                7.7363E-03       144.74E-06   
                7.7402E-03       144.858E-06  
                7.748E-03        145.05E-06   
                7.7519E-03       145.125E-06  
                7.7558E-03       145.185E-06  
                7.7636E-03       145.262E-06  
                7.76751E-03      145.279E-06  
                7.77141E-03      145.282E-06  
                7.77531E-03      145.27E-06   
                7.78311E-03      145.202E-06  
                7.78701E-03      145.146E-06  
                7.79091E-03      145.075E-06  
                7.79872E-03      144.887E-06  
                7.80262E-03      144.77E-06   
                7.80652E-03      144.636E-06  
                7.81042E-03      144.487E-06  
                7.81822E-03      144.139E-06  
                7.82212E-03      143.939E-06  
                7.82603E-03      143.722E-06  
                7.83383E-03      143.235E-06  
                7.83773E-03      142.965E-06  
                7.84163E-03      142.676E-06  
                7.84553E-03      142.368E-06  
                7.85333E-03      141.695E-06  
                7.85724E-03      141.329E-06  
                7.86114E-03      140.943E-06  
                7.86504E-03      140.537E-06  
                7.87284E-03      139.663E-06  
                7.87674E-03      139.195E-06  
                7.88064E-03      138.705E-06  
                7.88845E-03      137.662E-06  
                7.89235E-03      137.108E-06  
                7.89625E-03      136.532E-06  
                7.90015E-03      135.934E-06  
                7.90795E-03      134.672E-06  
                7.91185E-03      134.007E-06  
                7.91576E-03      133.32E-06   
                7.92356E-03      131.878E-06  
                7.92746E-03      131.123E-06  
                7.93136E-03      130.345E-06  
                7.93526E-03      129.546E-06  
                7.94306E-03      127.879E-06  
                7.94697E-03      127.012E-06  
                7.95087E-03      126.123E-06  
                7.95867E-03      124.279E-06  
                7.96257E-03      123.325E-06  
                7.96647E-03      122.349E-06  
                7.97037E-03      121.352E-06  
                7.97818E-03      119.296E-06  
                7.98208E-03      118.237E-06  
                7.98598E-03      117.158E-06  
                7.99378E-03      114.943E-06  
                7.99768E-03      113.806E-06  
                8.00159E-03      112.651E-06  
                8.00549E-03      111.478E-06  
                8.01329E-03      109.081E-06  
                8.01719E-03      107.857E-06  
                8.02109E-03      106.616E-06  
                8.02889E-03      104.09E-06   
                8.03279E-03      102.805E-06  
                8.0367E-03       101.505E-06  
                8.0406E-03       100.193E-06  
                8.0484E-03        97.5298E-06 
                8.0523E-03        96.1805E-06 
                8.0562E-03        94.8202E-06 
                8.0601E-03        93.4495E-06 
                8.06791E-03       90.6796E-06 
                8.07181E-03       89.2816E-06 
                8.07571E-03       87.8759E-06 
                8.08351E-03       85.0439E-06 
                8.08741E-03       83.619E-06  
                8.09131E-03       82.1892E-06 
                8.09522E-03       80.7551E-06 
                8.10302E-03       77.8775E-06 
                8.10692E-03       76.4354E-06 
                8.11082E-03       74.9923E-06 
                8.11862E-03       72.1059E-06 
                8.12253E-03       70.6644E-06 
                8.12643E-03       69.2251E-06 
                8.13033E-03       67.7888E-06 
                8.13813E-03       64.929E-06  
                8.14203E-03       63.5072E-06 
                8.14593E-03       62.0919E-06 
                8.15374E-03       59.2844E-06 
                8.15764E-03       57.8939E-06 
                8.16154E-03       56.5134E-06 
                8.16544E-03       55.1438E-06 
                8.17324E-03       52.4402E-06 
                8.17714E-03       51.1079E-06 
                8.18104E-03       49.7896E-06 
                8.18885E-03       47.198E-06  
                8.19275E-03       45.9262E-06 
                8.19665E-03       44.6712E-06 
                8.20055E-03       43.4336E-06 
                8.20835E-03       41.0134E-06 
                8.21226E-03       39.8318E-06 
                8.21616E-03       38.6699E-06 
                8.22006E-03       37.5282E-06 
                8.22786E-03       35.3072E-06 
                8.23176E-03       34.2287E-06 
                8.23566E-03       33.1719E-06 
                8.24347E-03       31.1251E-06 
                8.24737E-03       30.1355E-06 
                8.25127E-03       29.1688E-06 
                8.25517E-03       28.2253E-06 
                8.26297E-03       26.4082E-06 
                8.26687E-03       25.5348E-06 
                8.27077E-03       24.6851E-06 
                8.27858E-03       23.0569E-06 
                8.28248E-03       22.2783E-06 
                8.28638E-03       21.5235E-06 
                8.29028E-03       20.7923E-06 
                8.29808E-03       19.4006E-06 
                8.30199E-03       18.7399E-06 
                8.30589E-03       18.1023E-06 
                8.31369E-03       16.8959E-06 
                8.31759E-03       16.3266E-06 
                8.32149E-03       15.7796E-06 
                8.32539E-03       15.2546E-06 
                8.3332E-03        14.2693E-06 
                8.3371E-03        13.8083E-06 
                8.341E-03         13.3679E-06 
                8.3488E-03        12.5473E-06 
                8.3527E-03        12.1663E-06 
                8.3566E-03        11.8042E-06 
                8.36051E-03       11.4606E-06 
                8.36831E-03       10.8271E-06 
                8.37221E-03       10.5361E-06 
                8.37611E-03       10.2618E-06 
                8.38001E-03       10.0037E-06 
                8.38781E-03        9.53383E-06
                8.39172E-03        9.3212E-06 
                8.39562E-03        9.12279E-06
                8.40342E-03        8.76676E-06
                8.40732E-03        8.6082E-06 
                8.41122E-03        8.46199E-06
                8.41512E-03        8.32767E-06
                8.42293E-03        8.09287E-06
                8.42683E-03        7.99147E-06
                8.43073E-03        7.90013E-06
                8.43853E-03        7.74582E-06
                8.44243E-03        7.68193E-06
                8.44633E-03        7.62627E-06
                8.45024E-03        7.57838E-06
                8.45804E-03        7.50403E-06
                8.46194E-03        7.47662E-06
                8.46584E-03        7.45509E-06
                8.47364E-03        7.4277E-06 
                8.47754E-03        7.42086E-06
                8.48145E-03        7.41792E-06
                8.48535E-03        7.4184E-06 
                8.49315E-03        7.42758E-06
                8.49705E-03        7.43528E-06
                8.50095E-03        7.44439E-06
                8.50875E-03        7.46483E-06
                8.51266E-03        7.47519E-06
                8.51656E-03        7.48501E-06
                8.52046E-03        7.49383E-06
                8.52826E-03        7.50662E-06
                8.53216E-03        7.50974E-06
                8.53606E-03        7.51011E-06
                8.54387E-03        7.5011E-06 
                8.54777E-03        7.49099E-06
                8.55167E-03        7.47669E-06
                8.55557E-03        7.45789E-06
                8.56337E-03        7.4057E-06 
                8.56727E-03        7.3718E-06 
                8.57118E-03        7.33242E-06
                8.57508E-03        7.28735E-06
                8.58288E-03        7.17958E-06
                8.58678E-03        7.11662E-06
                8.59068E-03        7.0475E-06 
                8.59848E-03        6.89055E-06
                8.60239E-03        6.80267E-06
                8.60629E-03        6.70855E-06
                8.61019E-03        6.60822E-06
                8.61799E-03        6.38924E-06
                8.62189E-03        6.27079E-06
                8.62579E-03        6.14655E-06
                8.6336E-03         5.88135E-06
                8.6375E-03         5.74078E-06
                8.6414E-03         5.5952E-06 
                8.6453E-03         5.44485E-06
                8.6531E-03         5.13096E-06
                8.657E-03          4.96801E-06
                8.66091E-03        4.80149E-06
                8.66871E-03        4.45909E-06
                8.67261E-03        4.28394E-06
                8.67651E-03        4.10666E-06
                8.68041E-03        3.92765E-06
                8.68822E-03        3.56605E-06
                8.69212E-03        3.38429E-06
                8.69602E-03        3.20246E-06
                8.70382E-03        2.84026E-06
                8.70772E-03        2.66075E-06
                8.71162E-03        2.48287E-06
                8.71552E-03        2.30703E-06
                8.72333E-03        1.96311E-06
                8.72723E-03        1.79583E-06
                8.73113E-03        1.63219E-06
                8.73503E-03        1.47254E-06
                8.74283E-03        1.16662E-06
                8.74673E-03        1.021E-06  
                8.75064E-03      880.676E-09  
                8.75844E-03      616.959E-09  
                8.76234E-03      494.045E-09  
                8.76624E-03      377.371E-09  
                8.77014E-03      267.111E-09  
                8.77795E-03       66.4102E-09 
                8.78185E-03      -23.8107E-09 
                8.78575E-03     -107.175E-09  
                8.79355E-03     -253.181E-09  
                8.79745E-03     -315.809E-09  
                8.80135E-03     -371.553E-09  
                8.80525E-03     -420.467E-09  
                8.81306E-03     -498.133E-09  
                8.81696E-03     -527.1E-09    
                8.82086E-03     -549.666E-09  
                8.82866E-03     -576.231E-09  
                8.83256E-03     -580.584E-09  
                8.83646E-03     -579.245E-09  
                8.84037E-03     -572.423E-09  
                8.84817E-03     -543.219E-09  
                8.85207E-03     -521.304E-09  
                8.85597E-03     -494.835E-09  
                8.86377E-03     -429.236E-09  
                8.86768E-03     -390.616E-09  
                8.87158E-03     -348.46E-09   
                8.87548E-03     -303.031E-09  
                8.88328E-03     -203.407E-09  
                8.88718E-03     -149.743E-09  
                8.89108E-03      -93.8642E-09 
                8.89889E-03       23.4682E-09 
                8.90279E-03       84.3891E-09 
                8.90669E-03      146.458E-09  
                8.91059E-03      209.408E-09  
                8.91839E-03      336.893E-09  
                8.92229E-03      400.899E-09  
                8.9262E-03       464.731E-09  
                8.9301E-03       528.129E-09  
                8.9379E-03       652.598E-09  
                8.9418E-03       713.165E-09  
                8.9457E-03       772.294E-09  
                8.9535E-03       885.286E-09  
                8.95741E-03      938.695E-09  
                8.96131E-03      989.757E-09  
                8.96521E-03        1.03827E-06
                8.97301E-03        1.12688E-06
                8.97691E-03        1.16663E-06
                8.98081E-03        1.20314E-06
                8.98862E-03        1.26591E-06
                8.99252E-03        1.29193E-06
                8.99642E-03        1.31426E-06
                9.00032E-03        1.33283E-06
                9.00812E-03        1.35847E-06
                9.01202E-03        1.36549E-06
                9.01593E-03        1.36864E-06
                9.02373E-03        1.36336E-06
                9.02763E-03        1.355E-06  
                9.03153E-03        1.34291E-06
                9.03543E-03        1.32714E-06
                9.04323E-03        1.28493E-06
                9.04714E-03        1.25867E-06
                9.05104E-03        1.22912E-06
                9.05884E-03        1.16063E-06
                9.06274E-03        1.12195E-06
                9.06664E-03        1.08049E-06
                9.07054E-03        1.03639E-06
                9.07835E-03      940.9E-09    
                9.08225E-03      889.82E-09   
                9.08615E-03      836.736E-09  
                9.09005E-03      781.817E-09  
                9.09785E-03      667.189E-09  
                9.10175E-03      607.85E-09   
                9.10566E-03      547.416E-09  
                9.11346E-03      424.075E-09  
                9.11736E-03      361.588E-09  
                9.12126E-03      298.846E-09  
                9.12516E-03      236.073E-09  
                9.13296E-03      111.364E-09  
                9.13687E-03       49.9002E-09 
                9.14077E-03      -10.6486E-09 
                9.14857E-03     -128.03E-09   
                9.15247E-03     -184.378E-09  
                9.15637E-03     -238.844E-09  
                9.16027E-03     -291.196E-09  
                9.16808E-03     -388.655E-09  
                9.17198E-03     -433.335E-09  
                9.17588E-03     -475.052E-09  
                9.18368E-03     -548.88E-09   
                9.18758E-03     -580.68E-09   
                9.19148E-03     -608.891E-09  
                9.19539E-03     -633.404E-09  
                9.20319E-03     -671.008E-09  
                9.20709E-03     -683.99E-09   
                9.21099E-03     -693.058E-09  
                9.21879E-03     -699.479E-09  
                9.22269E-03     -696.905E-09  
                9.2266E-03      -690.558E-09  
                9.2305E-03      -680.529E-09  
                9.2383E-03      -649.871E-09  
                9.2422E-03      -629.513E-09  
                9.2461E-03      -606.008E-09  
                9.25E-03        -579.53E-09   
                9.25781E-03     -518.401E-09  
                9.26171E-03     -484.151E-09  
                9.26561E-03     -447.722E-09  
                9.27341E-03     -369.206E-09  
                9.27731E-03     -327.567E-09  
                9.28121E-03     -284.643E-09  
                9.28512E-03     -240.662E-09  
                9.29292E-03     -150.446E-09  
                9.29682E-03     -104.665E-09  
                9.30072E-03      -58.7338E-09 
                9.30852E-03       32.6971E-09 
                9.31242E-03       77.7659E-09 
                9.31633E-03      122.123E-09  
                9.32023E-03      165.565E-09  
                9.32803E-03      248.914E-09  
                9.33193E-03      288.441E-09  
                9.33583E-03      326.297E-09  
                9.34364E-03      396.313E-09  
                9.34754E-03      428.157E-09  
                9.35144E-03      457.696E-09  
                9.35534E-03      484.797E-09  
                9.36314E-03      531.212E-09  
                9.36704E-03      550.321E-09  
                9.37094E-03      566.584E-09  
                9.37875E-03      590.321E-09  
                9.38265E-03      597.71E-09   
                9.38655E-03      602.083E-09  
                9.39045E-03      603.44E-09   
                9.39825E-03      597.193E-09  
                9.40215E-03      589.677E-09  
                9.40606E-03      579.319E-09  
                9.41386E-03      550.448E-09  
                9.41776E-03      532.158E-09  
                9.42166E-03      511.472E-09  
                9.42556E-03      488.54E-09   
                9.43337E-03      436.591E-09  
                9.43727E-03      407.93E-09   
                9.44117E-03      377.729E-09  
                9.44507E-03      346.186E-09  
                9.45287E-03      279.89E-09   
                9.45677E-03      245.552E-09  
                9.46067E-03      210.698E-09  
                9.46848E-03      140.27E-09   
                9.47238E-03      105.102E-09  
                9.47628E-03       70.2249E-09 
                9.48018E-03       35.8285E-09 
                9.48798E-03      -30.8103E-09 
                9.49189E-03      -62.7186E-09 
                9.49579E-03      -93.4801E-09 
                9.50359E-03     -151.009E-09  
                9.50749E-03     -177.528E-09  
                9.51139E-03     -202.403E-09  
                9.51529E-03     -225.54E-09   
                9.5231E-03      -266.28E-09   
                9.527E-03       -283.752E-09  
                9.5309E-03      -299.223E-09  
                9.5387E-03      -324.027E-09  
                9.5426E-03      -333.318E-09  
                9.5465E-03      -340.522E-09  
                9.5504E-03      -345.645E-09  
                9.55821E-03     -349.707E-09  
                9.56211E-03     -348.697E-09  
                9.56601E-03     -345.708E-09  
                9.57381E-03     -333.982E-09  
                9.57771E-03     -325.356E-09  
                9.58162E-03     -314.973E-09  
                9.58552E-03     -302.904E-09  
                9.59332E-03     -274.014E-09  
                9.59722E-03     -257.358E-09  
                9.60112E-03     -239.347E-09  
                9.60502E-03     -220.071E-09  
                9.61283E-03     -178.111E-09  
                9.61673E-03     -155.625E-09  
                9.62063E-03     -132.27E-09   
                9.62843E-03      -83.3681E-09 
                9.63233E-03      -58.0308E-09 
                9.63623E-03      -32.2427E-09 
                9.64013E-03       -6.10927E-09
                9.64794E-03       46.7754E-09 
                9.65184E-03       73.3198E-09 
                9.65574E-03       99.7966E-09 
                9.66354E-03      152.152E-09  
                9.66744E-03      177.838E-09  
                9.67135E-03      203.073E-09  
                9.67525E-03      227.768E-09  
                9.68305E-03      275.205E-09  
                9.68695E-03      297.789E-09  
                9.69085E-03      319.519E-09  
                9.69865E-03      360.157E-09  
                9.70256E-03      378.95E-09   
                9.70646E-03      396.657E-09  
                9.71036E-03      413.237E-09  
                9.71816E-03      442.882E-09  
                9.72206E-03      455.898E-09  
                9.72596E-03      467.689E-09  
                9.73377E-03      487.585E-09  
                9.73767E-03      495.703E-09  
                9.74157E-03      502.623E-09  
                9.74547E-03      508.371E-09  
                9.75327E-03      516.49E-09   
                9.75717E-03      518.949E-09  
                9.76108E-03      520.412E-09  
                9.76888E-03      520.589E-09  
                9.77278E-03      519.439E-09  
                9.77668E-03      517.561E-09  
                9.78058E-03      515.032E-09  
                9.78838E-03      508.342E-09  
                9.79229E-03      504.349E-09  
                9.79619E-03      500.035E-09  
                9.80009E-03      495.485E-09  
                9.80789E-03      486.015E-09  
                9.81179E-03      481.261E-09  
                9.81569E-03      476.602E-09  
                9.8235E-03       467.882E-09  
                9.8274E-03       463.971E-09  
                9.8313E-03       460.457E-09  
                9.8352E-03       457.408E-09  
                9.843E-03        452.976E-09  
                9.8469E-03       451.72E-09   
                9.85081E-03      451.188E-09  
                9.85861E-03      452.528E-09  
                9.86251E-03      454.516E-09  
                9.86641E-03      457.456E-09  
                9.87031E-03      461.404E-09  
                9.87811E-03      472.528E-09  
                9.88202E-03      479.806E-09  
                9.88592E-03      488.291E-09  
                9.89372E-03      509.065E-09  
                9.89762E-03      521.435E-09  
                9.90152E-03      535.174E-09  
                9.90542E-03      550.314E-09  
                9.91323E-03      584.891E-09  
                9.91713E-03      604.36E-09   
                9.92103E-03      625.29E-09   
                9.92883E-03      671.515E-09  
                9.93273E-03      696.776E-09  
                9.93663E-03      723.431E-09  
                9.94054E-03      751.437E-09  
                9.94834E-03      811.289E-09  
                9.95224E-03      842.999E-09  
                9.95614E-03      875.791E-09  
                9.96004E-03      909.574E-09  
                9.96779E-03      979.206E-09  
                9.97159E-03        1.01431E-06
                9.97533E-03        1.04942E-06
                9.98264E-03        1.11914E-06
                9.98622E-03        1.15351E-06
                9.99322E-03        1.22071E-06
                9.99664E-03        1.25335E-06
               10.E-03             1.28524E-06




