
                  X               _temp_1     

                0.                 0.         
                6.14249E-06     -617.262E-09  
               12.285E-06         -2.46241E-06
               15.3562E-06        -3.44279E-06
               20.E-06            -5.14075E-06
               26.1425E-06        -6.7728E-06 
               32.285E-06         -8.21814E-06
               35.3562E-06        -8.77983E-06
               40.E-06            -9.91567E-06
               46.1425E-06       -11.2951E-06 
               52.285E-06        -13.0435E-06 
               55.3562E-06       -13.8502E-06 
               60.E-06           -15.3076E-06 
               66.1425E-06       -16.8477E-06 
               72.285E-06        -18.4565E-06 
               75.3562E-06       -19.1489E-06 
               80.E-06           -20.4677E-06 
               86.1425E-06       -22.0033E-06 
               92.285E-06        -23.7981E-06 
               95.3562E-06       -24.6148E-06 
              100.E-06           -26.0933E-06 
              106.142E-06        -27.7227E-06 
              112.285E-06        -29.4511E-06 
              115.356E-06        -30.1963E-06 
              120.E-06           -31.5439E-06 
              126.142E-06        -33.022E-06  
              132.285E-06        -34.639E-06  
              135.356E-06        -35.3445E-06 
              140.E-06           -36.6348E-06 
              146.142E-06        -38.0494E-06 
              152.285E-06        -39.6005E-06 
              155.356E-06        -40.2768E-06 
              160.E-06           -41.5156E-06 
              166.142E-06        -42.859E-06  
              172.285E-06        -44.3017E-06 
              175.356E-06        -44.9096E-06 
              183.071E-06        -46.5771E-06 
              186.142E-06        -47.1757E-06 
              192.285E-06        -48.4403E-06 
              195.356E-06        -48.9789E-06 
              200.E-06           -50.0014E-06 
              206.142E-06        -51.1106E-06 
              212.285E-06        -52.3611E-06 
              215.356E-06        -52.9028E-06 
              220.E-06           -53.9196E-06 
              226.142E-06        -55.0223E-06 
              232.285E-06        -56.2468E-06 
              235.356E-06        -56.7768E-06 
              240.E-06           -57.7648E-06 
              246.142E-06        -58.8427E-06 
              252.285E-06        -60.0336E-06 
              255.356E-06        -60.5486E-06 
              260.E-06           -61.4977E-06 
              266.142E-06        -62.5258E-06 
              272.285E-06        -63.6475E-06 
              275.356E-06        -64.1293E-06 
              280.E-06           -65.0141E-06 
              286.142E-06        -65.9697E-06 
              292.285E-06        -67.0123E-06 
              295.356E-06        -67.4612E-06 
              300.E-06           -68.2877E-06 
              306.142E-06        -69.1925E-06 
              312.285E-06        -70.1935E-06 
              315.356E-06        -70.6342E-06 
              320.E-06           -71.4435E-06 
              326.142E-06        -72.35E-06   
              332.285E-06        -73.3408E-06 
              335.356E-06        -73.7749E-06 
              340.E-06           -74.5465E-06 
              346.142E-06        -75.3853E-06 
              352.285E-06        -76.2576E-06 
              355.356E-06        -76.6242E-06 
              363.071E-06        -77.5982E-06 
              366.142E-06        -77.9407E-06 
              372.285E-06        -78.6438E-06 
              375.356E-06        -78.939E-06  
              380.E-06           -79.472E-06  
              386.142E-06        -80.0442E-06 
              392.285E-06        -80.6601E-06 
              395.356E-06        -80.9225E-06 
              400.E-06           -81.3908E-06 
              406.142E-06        -81.8833E-06 
              412.285E-06        -82.3831E-06 
              415.356E-06        -82.5809E-06 
              420.E-06           -82.9198E-06 
              426.142E-06        -83.2333E-06 
              432.285E-06        -83.5241E-06 
              435.356E-06        -83.6208E-06 
              440.E-06           -83.7934E-06 
              446.142E-06        -83.918E-06  
              452.285E-06        -84.0343E-06 
              455.356E-06        -84.0619E-06 
              460.E-06           -84.1302E-06 
              466.142E-06        -84.166E-06  
              472.285E-06        -84.2148E-06 
              475.356E-06        -84.2253E-06 
              480.E-06           -84.2618E-06 
              486.142E-06        -84.2861E-06 
              492.285E-06        -84.3158E-06 
              495.356E-06        -84.3209E-06 
              500.E-06           -84.327E-06  
              506.143E-06        -84.3138E-06 
              512.285E-06        -84.275E-06  
              515.356E-06        -84.2454E-06 
              520.E-06           -84.1767E-06 
              526.143E-06        -84.0788E-06 
              532.285E-06        -83.95E-06   
              535.356E-06        -83.8873E-06 
              540.E-06           -83.7626E-06 
              546.143E-06        -83.6304E-06 
              552.285E-06        -83.4782E-06 
              555.356E-06        -83.4159E-06 
              560.E-06           -83.2785E-06 
              566.143E-06        -83.143E-06  
              572.285E-06        -82.9569E-06 
              575.356E-06        -82.8722E-06 
              580.E-06           -82.6669E-06 
              586.143E-06        -82.4235E-06 
              592.285E-06        -82.0786E-06 
              595.356E-06        -81.9079E-06 
              600.E-06           -81.5448E-06 
              606.143E-06        -81.0973E-06 
              612.285E-06        -80.5364E-06 
              615.356E-06        -80.2676E-06 
              620.E-06           -79.7498E-06 
              626.143E-06        -79.1371E-06 
              632.285E-06        -78.4288E-06 
              635.356E-06        -78.1026E-06 
              640.E-06           -77.4939E-06 
              646.143E-06        -76.7932E-06 
              652.285E-06        -75.9948E-06 
              655.356E-06        -75.6289E-06 
              660.E-06           -74.9417E-06 
              666.143E-06        -74.1421E-06 
              672.285E-06        -73.2184E-06 
              675.356E-06        -72.7895E-06 
              680.E-06           -71.9871E-06 
              686.143E-06        -71.0457E-06 
              692.285E-06        -69.9738E-06 
              695.356E-06        -69.4808E-06 
              700.E-06           -68.5774E-06 
              706.142E-06        -67.5407E-06 
              712.285E-06        -66.3943E-06 
              715.356E-06        -65.8807E-06 
              723.071E-06        -64.4453E-06 
              726.142E-06        -63.9027E-06 
              732.285E-06        -62.7551E-06 
              735.356E-06        -62.2481E-06 
              740.E-06           -61.3107E-06 
              746.143E-06        -60.2713E-06 
              752.285E-06        -59.1077E-06 
              755.356E-06        -58.5923E-06 
              760.E-06           -57.6244E-06 
              766.143E-06        -56.5492E-06 
              772.285E-06        -55.3361E-06 
              775.356E-06        -54.8003E-06 
              783.071E-06        -53.2634E-06 
              786.142E-06        -52.6822E-06 
              792.285E-06        -51.436E-06  
              795.356E-06        -50.8911E-06 
              800.E-06           -49.862E-06  
              806.143E-06        -48.7387E-06 
              812.285E-06        -47.4699E-06 
              815.356E-06        -46.9144E-06 
              820.E-06           -45.854E-06  
              826.143E-06        -44.685E-06  
              832.285E-06        -43.3445E-06 
              835.356E-06        -42.7491E-06 
              840.E-06           -41.6105E-06 
              846.143E-06        -40.3333E-06 
              852.285E-06        -38.8676E-06 
              855.356E-06        -38.2105E-06 
              860.E-06           -36.9704E-06 
              866.143E-06        -35.5707E-06 
              872.285E-06        -33.9859E-06 
              875.356E-06        -33.2764E-06 
              880.E-06           -31.9565E-06 
              886.143E-06        -30.4708E-06 
              892.285E-06        -28.8083E-06 
              895.356E-06        -28.0669E-06 
              900.E-06           -26.6973E-06 
              906.143E-06        -25.1595E-06 
              912.285E-06        -23.4476E-06 
              915.356E-06        -22.6854E-06 
              920.E-06           -21.2818E-06 
              926.143E-06        -19.7082E-06 
              932.285E-06        -17.9625E-06 
              935.356E-06        -17.1876E-06 
              940.E-06           -15.7643E-06 
              946.143E-06        -14.1768E-06 
              952.285E-06        -12.4251E-06 
              955.356E-06        -11.6526E-06 
              960.E-06           -10.2358E-06 
              966.143E-06         -8.66984E-06
              972.285E-06         -6.94825E-06
              975.356E-06         -6.19514E-06
              980.E-06            -4.80896E-06
              986.143E-06         -3.28964E-06
              992.285E-06         -1.61569E-06
              995.356E-06       -886.851E-09  
                1.E-03           464.449E-09  
                1.00614E-03        1.3226E-06 
                1.01229E-03        1.1123E-06 
                1.01536E-03      842.78E-09   
                1.02E-03         470.948E-09  
                1.02614E-03      284.857E-09  
                1.03229E-03      447.875E-09  
                1.03536E-03      584.983E-09  
                1.04E-03         756.884E-09  
                1.04614E-03      802.594E-09  
                1.05229E-03      643.059E-09  
                1.05536E-03      527.269E-09  
                1.06E-03         365.38E-09   
                1.06614E-03      241.161E-09  
                1.07229E-03      216.152E-09  
                1.07536E-03      215.54E-09   
                1.08E-03         193.432E-09  
                1.08614E-03       84.3749E-09 
                1.09229E-03     -113.606E-09  
                1.09536E-03     -229.674E-09  
                1.1E-03         -401.727E-09  
                1.10614E-03     -587.793E-09  
                1.11229E-03     -709.47E-09   
                1.11536E-03     -749.417E-09  
                1.12E-03        -792.034E-09  
                1.12614E-03     -829.26E-09   
                1.13229E-03     -853.365E-09  
                1.13536E-03     -860.826E-09  
                1.14E-03        -865.744E-09  
                1.14614E-03     -861.505E-09  
                1.15228E-03     -847.979E-09  
                1.15536E-03     -837.844E-09  
                1.16E-03        -815.643E-09  
                1.16614E-03     -763.508E-09  
                1.17229E-03     -669.514E-09  
                1.17536E-03     -602.636E-09  
                1.18307E-03     -377.518E-09  
                1.18614E-03     -270.523E-09  
                1.19228E-03      -44.2674E-09 
                1.19536E-03       67.9649E-09 
                1.2E-03          228.152E-09  
                1.20614E-03      412.741E-09  
                1.21229E-03      561.734E-09  
                1.21536E-03      623.51E-09   
                1.22E-03         702.333E-09  
                1.22614E-03      781.239E-09  
                1.23229E-03      831.542E-09  
                1.23536E-03      845.922E-09  
                1.24E-03         854.34E-09   
                1.24614E-03      843.123E-09  
                1.25229E-03      811.966E-09  
                1.25536E-03      791.353E-09  
                1.26E-03         756.436E-09  
                1.26614E-03      707.063E-09  
                1.27229E-03      657.067E-09  
                1.27536E-03      632.23E-09   
                1.28E-03         594.731E-09  
                1.28614E-03      544.458E-09  
                1.29229E-03      491.127E-09  
                1.29536E-03      461.859E-09  
                1.3E-03          411.995E-09  
                1.30614E-03      330.907E-09  
                1.31229E-03      226.434E-09  
                1.31536E-03      163.794E-09  
                1.32E-03          55.539E-09  
                1.32614E-03     -109.185E-09  
                1.33229E-03     -288.655E-09  
                1.33536E-03     -379.324E-09  
                1.34E-03        -511.518E-09  
                1.34614E-03     -665.82E-09   
                1.35229E-03     -784.27E-09   
                1.35536E-03     -827.583E-09  
                1.36E-03        -872.426E-09  
                1.36614E-03     -896.797E-09  
                1.37229E-03     -890.185E-09  
                1.37536E-03     -879.283E-09  
                1.38E-03        -857.759E-09  
                1.38614E-03     -827.007E-09  
                1.39229E-03     -799.154E-09  
                1.39536E-03     -786.545E-09  
                1.4E-03         -767.544E-09  
                1.40614E-03     -737.27E-09   
                1.41228E-03     -692.422E-09  
                1.41536E-03     -661.396E-09  
                1.42E-03        -600.714E-09  
                1.42614E-03     -492.225E-09  
                1.43229E-03     -351.312E-09  
                1.43536E-03     -269.608E-09  
                1.44307E-03      -38.2176E-09 
                1.44614E-03       60.8746E-09 
                1.45228E-03      263.477E-09  
                1.45536E-03      364.E-09     
                1.46E-03         510.833E-09  
                1.46614E-03      687.869E-09  
                1.47229E-03      836.496E-09  
                1.47536E-03      897.963E-09  
                1.48E-03         973.16E-09   
                1.48614E-03        1.03913E-06
                1.49229E-03        1.06893E-06
                1.49536E-03        1.07184E-06
                1.5E-03            1.06347E-06
                1.50614E-03        1.03382E-06
                1.51229E-03      988.971E-09  
                1.51536E-03      962.27E-09   
                1.52E-03         917.05E-09   
                1.52614E-03      847.47E-09   
                1.53228E-03      763.292E-09  
                1.53536E-03      713.885E-09  
                1.54E-03         627.693E-09  
                1.54614E-03      489.49E-09   
                1.55229E-03      322.246E-09  
                1.55536E-03      228.227E-09  
                1.56307E-03      -32.0185E-09 
                1.56614E-03     -141.549E-09  
                1.57228E-03     -361.871E-09  
                1.57536E-03     -469.017E-09  
                1.58E-03        -622.112E-09  
                1.58614E-03     -799.217E-09  
                1.59229E-03     -937.931E-09  
                1.59536E-03     -990.906E-09  
                1.6E-03           -1.04947E-06
                1.60614E-03       -1.08816E-06
                1.61229E-03       -1.08726E-06
                1.61536E-03       -1.07443E-06
                1.62E-03          -1.04265E-06
                1.62614E-03     -984.029E-09  
                1.63229E-03     -914.084E-09  
                1.63536E-03     -876.871E-09  
                1.64E-03        -819.053E-09  
                1.64614E-03     -740.336E-09  
                1.65229E-03     -657.466E-09  
                1.65536E-03     -613.16E-09   
                1.66E-03        -540.568E-09  
                1.66614E-03     -430.742E-09  
                1.67229E-03     -301.551E-09  
                1.67536E-03     -228.948E-09  
                1.68E-03        -109.207E-09  
                1.68614E-03       64.7205E-09 
                1.69229E-03      249.727E-09  
                1.69536E-03      343.465E-09  
                1.7E-03          482.872E-09  
                1.70614E-03      655.082E-09  
                1.71229E-03      803.584E-09  
                1.71536E-03      866.283E-09  
                1.72E-03         944.398E-09  
                1.72614E-03        1.01496E-06
                1.73229E-03        1.04852E-06
                1.73536E-03        1.05248E-06
                1.74E-03           1.04414E-06
                1.74614E-03        1.01096E-06
                1.75229E-03      958.497E-09  
                1.75536E-03      926.857E-09  
                1.76E-03         873.684E-09  
                1.76614E-03      795.207E-09  
                1.77229E-03      708.02E-09   
                1.77536E-03      660.762E-09  
                1.78E-03         583.773E-09  
                1.78614E-03      469.967E-09  
                1.79228E-03      340.543E-09  
                1.79536E-03      269.507E-09  
                1.8E-03          154.169E-09  
                1.80614E-03      -11.2069E-09 
                1.81229E-03     -186.763E-09  
                1.81536E-03     -276.354E-09  
                1.82307E-03     -498.528E-09  
                1.82614E-03     -582.695E-09  
                1.83228E-03     -737.713E-09  
                1.83536E-03     -806.54E-09   
                1.84E-03        -897.199E-09  
                1.84614E-03     -988.805E-09  
                1.85229E-03       -1.04533E-06
                1.85536E-03       -1.0602E-06 
                1.86E-03          -1.06619E-06
                1.86614E-03       -1.04538E-06
                1.87229E-03     -995.373E-09  
                1.87536E-03     -960.888E-09  
                1.88E-03        -898.465E-09  
                1.88614E-03     -800.074E-09  
                1.89229E-03     -687.557E-09  
                1.89536E-03     -627.131E-09  
                1.9E-03         -531.506E-09  
                1.90614E-03     -398.843E-09  
                1.91229E-03     -261.036E-09  
                1.91536E-03     -190.69E-09   
                1.92E-03         -83.0202E-09 
                1.92614E-03       60.4542E-09 
                1.93229E-03      202.994E-09  
                1.93536E-03      273.162E-09  
                1.94E-03         376.84E-09   
                1.94614E-03      507.006E-09  
                1.95229E-03      625.613E-09  
                1.95536E-03      679.424E-09  
                1.96E-03         752.551E-09  
                1.96614E-03      831.639E-09  
                1.97229E-03      887.967E-09  
                1.97536E-03      907.024E-09  
                1.98E-03         923.967E-09  
                1.98614E-03      924.29E-09   
                1.99229E-03      900.102E-09  
                1.99536E-03      879.35E-09   
                2.E-03           837.816E-09  
                2.00614E-03      765.89E-09   
                2.01229E-03      677.228E-09  
                2.01536E-03      627.539E-09  
                2.02E-03         546.609E-09  
                2.02614E-03      430.724E-09  
                2.03228E-03      307.197E-09  
                2.03536E-03      243.305E-09  
                2.04E-03         144.814E-09  
                2.04614E-03       12.8882E-09 
                2.05228E-03     -118.278E-09  
                2.05536E-03     -182.718E-09  
                2.06E-03        -277.659E-09  
                2.06614E-03     -396.263E-09  
                2.07228E-03     -503.725E-09  
                2.07536E-03     -552.354E-09  
                2.08E-03        -618.487E-09  
                2.08614E-03     -690.609E-09  
                2.09229E-03     -743.633E-09  
                2.09536E-03     -762.783E-09  
                2.1E-03         -782.463E-09  
                2.10614E-03     -791.764E-09  
                2.11228E-03     -783.144E-09  
                2.11536E-03     -772.705E-09  
                2.12E-03        -749.869E-09  
                2.12614E-03     -707.89E-09   
                2.13228E-03     -653.964E-09  
                2.13536E-03     -622.905E-09  
                2.14307E-03     -533.45E-09   
                2.14614E-03     -493.447E-09  
                2.15228E-03     -405.841E-09  
                2.15536E-03     -358.201E-09  
                2.16E-03        -281.266E-09  
                2.16614E-03     -170.883E-09  
                2.17229E-03      -51.8815E-09 
                2.17536E-03       10.2737E-09 
                2.18E-03         106.632E-09  
                2.18614E-03      235.696E-09  
                2.19229E-03      362.166E-09  
                2.19536E-03      422.856E-09  
                2.2E-03          509.535E-09  
                2.20614E-03      611.14E-09   
                2.21229E-03      693.505E-09  
                2.21536E-03      726.361E-09  
                2.22E-03         764.648E-09  
                2.22614E-03      793.349E-09  
                2.23229E-03      797.145E-09  
                2.23536E-03      790.215E-09  
                2.24E-03         769.506E-09  
                2.24614E-03      725.447E-09  
                2.25229E-03      665.837E-09  
                2.25536E-03      631.436E-09  
                2.26E-03         574.882E-09  
                2.26614E-03      493.816E-09  
                2.27228E-03      407.85E-09   
                2.27536E-03      363.521E-09  
                2.28E-03         295.054E-09  
                2.28614E-03      202.111E-09  
                2.29228E-03      106.487E-09  
                2.29536E-03       57.5488E-09 
                2.3E-03          -17.9704E-09 
                2.30614E-03     -120.293E-09  
                2.31229E-03     -224.314E-09  
                2.31536E-03     -276.474E-09  
                2.32E-03        -354.681E-09  
                2.32614E-03     -454.544E-09  
                2.33228E-03     -546.626E-09  
                2.33536E-03     -588.485E-09  
                2.34E-03        -645.017E-09  
                2.34614E-03     -704.535E-09  
                2.35228E-03     -743.518E-09  
                2.35536E-03     -754.582E-09  
                2.36307E-03     -756.461E-09  
                2.36614E-03     -746.848E-09  
                2.37228E-03     -710.787E-09  
                2.37536E-03     -684.915E-09  
                2.38E-03        -636.935E-09  
                2.38614E-03     -559.598E-09  
                2.39229E-03     -470.139E-09  
                2.39536E-03     -422.128E-09  
                2.4E-03         -346.708E-09  
                2.40614E-03     -244.101E-09  
                2.41228E-03     -140.943E-09  
                2.41536E-03      -89.8069E-09 
                2.42307E-03       35.9705E-09 
                2.42614E-03       84.468E-09  
                2.43228E-03      178.421E-09  
                2.43536E-03      223.75E-09   
                2.44E-03         290.066E-09  
                2.44614E-03      373.038E-09  
                2.45229E-03      449.533E-09  
                2.45536E-03      484.993E-09  
                2.46E-03         534.549E-09  
                2.46614E-03      591.201E-09  
                2.47229E-03      635.75E-09   
                2.47536E-03      652.89E-09   
                2.48E-03         671.667E-09  
                2.48614E-03      682.206E-09  
                2.49229E-03      675.39E-09   
                2.49536E-03      665.316E-09  
                2.5E-03          641.657E-09  
                2.50614E-03      595.243E-09  
                2.51228E-03      532.771E-09  
                2.51536E-03      496.072E-09  
                2.52E-03         434.44E-09   
                2.52614E-03      343.407E-09  
                2.53229E-03      244.246E-09  
                2.53536E-03      192.539E-09  
                2.54E-03         112.714E-09  
                2.54614E-03        6.26093E-09
                2.55229E-03      -98.3497E-09 
                2.55536E-03     -149.138E-09  
                2.56E-03        -223.157E-09  
                2.56614E-03     -314.267E-09  
                2.57228E-03     -395.665E-09  
                2.57536E-03     -432.252E-09  
                2.58E-03        -481.946E-09  
                2.58614E-03     -536.507E-09  
                2.59228E-03     -577.612E-09  
                2.59536E-03     -593.052E-09  
                2.6E-03         -609.925E-09  
                2.60614E-03     -620.289E-09  
                2.61229E-03     -617.211E-09  
                2.61536E-03     -610.776E-09  
                2.62E-03        -595.009E-09  
                2.62614E-03     -563.305E-09  
                2.63229E-03     -519.693E-09  
                2.63536E-03     -493.588E-09  
                2.64E-03        -448.867E-09  
                2.64614E-03     -380.559E-09  
                2.65228E-03     -302.753E-09  
                2.65536E-03     -260.643E-09  
                2.66307E-03     -146.941E-09  
                2.66614E-03      -99.3057E-09 
                2.67228E-03       -1.50727E-09
                2.67536E-03       47.9851E-09 
                2.68E-03         122.579E-09  
                2.68614E-03      218.563E-09  
                2.69229E-03      308.457E-09  
                2.69536E-03      350.203E-09  
                2.7E-03          408.317E-09  
                2.70614E-03      474.196E-09  
                2.71229E-03      525.727E-09  
                2.71536E-03      545.761E-09  
                2.72E-03         568.623E-09  
                2.72614E-03      585.093E-09  
                2.73229E-03      586.38E-09   
                2.73536E-03      581.713E-09  
                2.74E-03         568.471E-09  
                2.74614E-03      540.633E-09  
                2.75229E-03      502.588E-09  
                2.75536E-03      480.26E-09   
                2.76E-03         442.813E-09  
                2.76614E-03      387.316E-09  
                2.77229E-03      325.915E-09  
                2.77536E-03      293.197E-09  
                2.78E-03         241.319E-09  
                2.78614E-03      168.623E-09  
                2.79228E-03       91.8367E-09 
                2.79536E-03       52.0768E-09 
                2.8E-03           -9.49238E-09
                2.80614E-03      -92.6517E-09 
                2.81228E-03     -176.128E-09  
                2.81536E-03     -217.391E-09  
                2.82E-03        -278.386E-09  
                2.82614E-03     -354.626E-09  
                2.83228E-03     -423.214E-09  
                2.83536E-03     -453.842E-09  
                2.84E-03        -494.667E-09  
                2.84614E-03     -537.003E-09  
                2.85229E-03     -564.442E-09  
                2.85536E-03     -572.255E-09  
                2.86E-03        -576.427E-09  
                2.86614E-03     -567.865E-09  
                2.87228E-03     -543.857E-09  
                2.87536E-03     -526.451E-09  
                2.88307E-03     -468.527E-09  
                2.88614E-03     -440.492E-09  
                2.89228E-03     -377.357E-09  
                2.89536E-03     -342.801E-09  
                2.9E-03         -287.5E-09    
                2.90614E-03     -210.156E-09  
                2.91229E-03     -129.845E-09  
                2.91536E-03      -89.0923E-09 
                2.92E-03         -27.2382E-09 
                2.92614E-03       53.9372E-09 
                2.93229E-03      133.009E-09  
                2.93536E-03      171.378E-09  
                2.94307E-03      263.098E-09  
                2.94614E-03      297.173E-09  
                2.95228E-03      360.289E-09  
                2.95536E-03      388.979E-09  
                2.96E-03         428.258E-09  
                2.96614E-03      471.605E-09  
                2.97229E-03      503.877E-09  
                2.97536E-03      515.54E-09   
                2.98E-03         527.216E-09  
                2.98614E-03      531.19E-09   
                2.99229E-03      521.808E-09  
                2.99536E-03      512.158E-09  
                3.E-03           491.461E-09  
                3.00614E-03      453.378E-09  
                3.01228E-03      404.192E-09  
                3.01536E-03      375.901E-09  
                3.02E-03         329.036E-09  
                3.02614E-03      260.816E-09  
                3.03228E-03      187.383E-09  
                3.03536E-03      149.327E-09  
                3.04E-03          90.7681E-09 
                3.04614E-03       12.8189E-09 
                3.05228E-03      -63.9169E-09 
                3.05536E-03     -101.333E-09  
                3.06E-03        -156.198E-09  
                3.06614E-03     -224.551E-09  
                3.07229E-03     -286.826E-09  
                3.07536E-03     -315.367E-09  
                3.08E-03        -354.915E-09  
                3.08614E-03     -399.857E-09  
                3.09228E-03     -435.568E-09  
                3.09536E-03     -449.781E-09  
                3.1E-03         -466.479E-09  
                3.10614E-03     -479.343E-09  
                3.11228E-03     -481.35E-09   
                3.11536E-03     -478.254E-09  
                3.12307E-03     -458.487E-09  
                3.12614E-03     -445.916E-09  
                3.13228E-03     -413.053E-09  
                3.13536E-03     -392.928E-09  
                3.14E-03        -358.104E-09  
                3.14614E-03     -304.67E-09   
                3.15229E-03     -244.024E-09  
                3.15536E-03     -211.426E-09  
                3.16E-03        -159.785E-09  
                3.16614E-03      -88.3495E-09 
                3.17228E-03      -15.0732E-09 
                3.17536E-03       21.7121E-09 
                3.18307E-03      112.789E-09  
                3.18614E-03      147.798E-09  
                3.19228E-03      214.58E-09   
                3.19536E-03      245.952E-09  
                3.2E-03          290.341E-09  
                3.20614E-03      342.426E-09  
                3.21229E-03      385.816E-09  
                3.21536E-03      403.993E-09  
                3.22E-03         426.805E-09  
                3.22614E-03      447.947E-09  
                3.23229E-03      458.49E-09   
                3.23536E-03      459.796E-09  
                3.24E-03         456.813E-09  
                3.24614E-03      443.899E-09  
                3.25229E-03      421.181E-09  
                3.25536E-03      406.344E-09  
                3.26E-03         379.753E-09  
                3.26614E-03      337.476E-09  
                3.27228E-03      287.966E-09  
                3.27536E-03      260.796E-09  
                3.28E-03         217.002E-09  
                3.28614E-03      154.903E-09  
                3.29229E-03       89.2462E-09 
                3.29536E-03       55.4655E-09 
                3.3E-03            3.63961E-09
                3.30614E-03      -65.2125E-09 
                3.31228E-03     -132.885E-09  
                3.31536E-03     -165.812E-09  
                3.32E-03        -213.909E-09  
                3.32614E-03     -273.221E-09  
                3.33228E-03     -326.081E-09  
                3.33536E-03     -349.661E-09  
                3.34E-03        -381.262E-09  
                3.34614E-03     -414.717E-09  
                3.35228E-03     -437.727E-09  
                3.35536E-03     -445.127E-09  
                3.36E-03        -450.986E-09  
                3.36614E-03     -448.769E-09  
                3.37229E-03     -435.311E-09  
                3.37536E-03     -424.513E-09  
                3.38E-03        -403.274E-09  
                3.38614E-03     -366.729E-09  
                3.39228E-03     -321.577E-09  
                3.39536E-03     -296.16E-09   
                3.4E-03         -254.595E-09  
                3.40614E-03     -194.853E-09  
                3.41228E-03     -131.126E-09  
                3.41536E-03      -98.2227E-09 
                3.42307E-03      -13.969E-09  
                3.42614E-03       19.6053E-09 
                3.43228E-03       85.8703E-09 
                3.43536E-03      118.206E-09  
                3.44E-03         165.635E-09  
                3.44614E-03      224.671E-09  
                3.45229E-03      278.234E-09  
                3.45536E-03      302.627E-09  
                3.46E-03         336.127E-09  
                3.46614E-03      373.453E-09  
                3.47229E-03      401.96E-09   
                3.47536E-03      412.711E-09  
                3.48E-03         424.354E-09  
                3.48614E-03      430.939E-09  
                3.49229E-03      427.275E-09  
                3.49536E-03      421.619E-09  
                3.5E-03          408.303E-09  
                3.50614E-03      382.182E-09  
                3.51229E-03      346.953E-09  
                3.51536E-03      326.179E-09  
                3.52E-03         291.111E-09  
                3.52614E-03      238.791E-09  
                3.53229E-03      180.954E-09  
                3.53536E-03      150.393E-09  
                3.54E-03         102.609E-09  
                3.54614E-03       37.6079E-09 
                3.55228E-03      -27.91E-09   
                3.55536E-03      -60.3973E-09 
                3.56E-03        -108.66E-09   
                3.56614E-03     -169.827E-09  
                3.57228E-03     -226.559E-09  
                3.57536E-03     -252.881E-09  
                3.58E-03        -289.697E-09  
                3.58614E-03     -332.07E-09   
                3.59229E-03     -366.288E-09  
                3.59536E-03     -380.114E-09  
                3.6E-03         -396.653E-09  
                3.60614E-03     -410.079E-09  
                3.61228E-03     -413.531E-09  
                3.61536E-03     -411.488E-09  
                3.62E-03        -403.643E-09  
                3.62614E-03     -384.625E-09  
                3.63228E-03     -356.15E-09   
                3.63536E-03     -338.565E-09  
                3.64307E-03     -285.391E-09  
                3.64614E-03     -261.034E-09  
                3.65228E-03     -207.693E-09  
                3.65536E-03     -179.057E-09  
                3.66E-03        -133.784E-09  
                3.66614E-03      -71.4108E-09 
                3.67229E-03       -7.82148E-09
                3.67536E-03       23.915E-09  
                3.68E-03          71.2548E-09 
                3.68614E-03      131.497E-09  
                3.69228E-03      187.543E-09  
                3.69536E-03      213.585E-09  
                3.70307E-03      272.062E-09  
                3.70614E-03      292.161E-09  
                3.71228E-03      326.453E-09  
                3.71536E-03      340.51E-09   
                3.72E-03         357.736E-09  
                3.72614E-03      372.893E-09  
                3.73229E-03      379.282E-09  
                3.73536E-03      379.249E-09  
                3.74E-03         375.214E-09  
                3.74614E-03      362.742E-09  
                3.75229E-03      342.541E-09  
                3.75536E-03      329.712E-09  
                3.76E-03         307.063E-09  
                3.76614E-03      271.549E-09  
                3.77228E-03      230.377E-09  
                3.77536E-03      207.9E-09    
                3.78E-03         171.798E-09  
                3.78614E-03      120.797E-09  
                3.79228E-03       67.0665E-09 
                3.79536E-03       39.494E-09  
                3.8E-03           -2.71294E-09
                3.80614E-03      -58.5951E-09 
                3.81229E-03     -113.29E-09   
                3.81536E-03     -139.809E-09  
                3.82E-03        -178.42E-09   
                3.82614E-03     -225.805E-09  
                3.83229E-03     -267.783E-09  
                3.83536E-03     -286.415E-09  
                3.84E-03        -311.267E-09  
                3.84614E-03     -337.369E-09  
                3.85228E-03     -355.069E-09  
                3.85536E-03     -360.635E-09  
                3.86E-03        -364.802E-09  
                3.86614E-03     -362.383E-09  
                3.87228E-03     -351.012E-09  
                3.87536E-03     -342.08E-09   
                3.88E-03        -324.639E-09  
                3.88614E-03     -294.76E-09   
                3.89229E-03     -257.887E-09  
                3.89536E-03     -237.121E-09  
                3.9E-03         -203.132E-09  
                3.90614E-03     -154.201E-09  
                3.91228E-03     -101.911E-09  
                3.91536E-03      -74.8866E-09 
                3.92E-03         -33.337E-09  
                3.92614E-03       21.9102E-09 
                3.93228E-03       76.2246E-09 
                3.93536E-03      102.653E-09  
                3.94E-03         141.284E-09  
                3.94614E-03      189.026E-09  
                3.95228E-03      231.86E-09   
                3.95535E-03      251.145E-09  
                3.96E-03         277.322E-09  
                3.96614E-03      305.829E-09  
                3.97228E-03      326.752E-09  
                3.97536E-03      334.246E-09  
                3.98E-03         341.733E-09  
                3.98614E-03      344.408E-09  
                3.99228E-03      338.858E-09  
                3.99536E-03      333.076E-09  
                4.E-03           320.654E-09  
                4.00614E-03      297.783E-09  
                4.01228E-03      268.16E-09   
                4.01536E-03      251.055E-09  
                4.02E-03         222.574E-09  
                4.02614E-03      180.751E-09  
                4.03228E-03      135.15E-09   
                4.03536E-03      111.251E-09  
                4.04E-03          74.076E-09  
                4.04614E-03       23.8279E-09 
                4.05228E-03      -26.5743E-09 
                4.05536E-03      -51.5053E-09 
                4.06E-03         -88.5044E-09 
                4.06614E-03     -135.336E-09  
                4.07228E-03     -178.751E-09  
                4.07536E-03     -198.892E-09  
                4.08E-03        -227.068E-09  
                4.08614E-03     -259.461E-09  
                4.09228E-03     -285.548E-09  
                4.09536E-03     -296.044E-09  
                4.1E-03         -308.521E-09  
                4.10614E-03     -318.431E-09  
                4.11228E-03     -320.568E-09  
                4.11536E-03     -318.708E-09  
                4.12E-03        -312.22E-09   
                4.12614E-03     -297.01E-09   
                4.13228E-03     -274.622E-09  
                4.13535E-03     -260.922E-09  
                4.14E-03        -237.276E-09  
                4.14614E-03     -201.216E-09  
                4.15228E-03     -160.622E-09  
                4.15535E-03     -138.95E-09   
                4.16E-03        -104.811E-09  
                4.16614E-03      -57.9954E-09 
                4.17228E-03      -10.4066E-09 
                4.17535E-03       13.334E-09  
                4.18E-03          48.7996E-09 
                4.18614E-03       94.1117E-09 
                4.19228E-03      136.643E-09  
                4.19535E-03      156.61E-09   
                4.2E-03          184.905E-09  
                4.20614E-03      218.261E-09  
                4.21228E-03      246.369E-09  
                4.21535E-03      258.316E-09  
                4.22E-03         273.584E-09  
                4.22614E-03      288.325E-09  
                4.23228E-03      296.578E-09  
                4.23536E-03      298.234E-09  
                4.24E-03         297.588E-09  
                4.24614E-03      290.895E-09  
                4.25228E-03      277.625E-09  
                4.25535E-03      268.592E-09  
                4.26E-03         251.994E-09  
                4.26614E-03      224.925E-09  
                4.27228E-03      192.54E-09   
                4.27535E-03      174.557E-09  
                4.28307E-03      124.887E-09  
                4.28614E-03      103.688E-09  
                4.29228E-03       59.5139E-09 
                4.29535E-03       36.8124E-09 
                4.3E-03            2.0834E-09 
                4.30614E-03      -43.7017E-09 
                4.31228E-03      -88.1698E-09 
                4.31535E-03     -109.565E-09  
                4.32E-03        -140.491E-09  
                4.32614E-03     -177.974E-09  
                4.33228E-03     -210.661E-09  
                4.33535E-03     -224.979E-09  
                4.34307E-03     -254.415E-09  
                4.34614E-03     -263.317E-09  
                4.35228E-03     -276.144E-09  
                4.35535E-03     -280.031E-09  
                4.36E-03        -282.712E-09  
                4.36614E-03     -280.396E-09  
                4.37228E-03     -271.59E-09   
                4.37536E-03     -264.867E-09  
                4.38E-03        -251.909E-09  
                4.38614E-03     -229.97E-09   
                4.39228E-03     -203.086E-09  
                4.39536E-03     -187.98E-09   
                4.4E-03         -163.248E-09  
                4.40614E-03     -127.566E-09  
                4.41228E-03      -89.2113E-09 
                4.41536E-03      -69.2589E-09 
                4.42E-03         -38.3629E-09 
                4.42614E-03        3.19976E-09
                4.43228E-03       44.7185E-09 
                4.43536E-03       65.2042E-09 
                4.44E-03          95.5466E-09 
                4.44614E-03      133.811E-09  
                4.45228E-03      169.075E-09  
                4.45536E-03      185.33E-09   
                4.46E-03         207.898E-09  
                4.46614E-03      233.455E-09  
                4.47228E-03      253.455E-09  
                4.47536E-03      261.21E-09   
                4.48E-03         269.948E-09  
                4.48614E-03      275.735E-09  
                4.49228E-03      274.774E-09  
                4.49536E-03      271.768E-09  
                4.5E-03          264.077E-09  
                4.50614E-03      248.294E-09  
                4.51228E-03      226.524E-09  
                4.51536E-03      213.573E-09  
                4.52E-03         191.602E-09  
                4.52614E-03      158.709E-09  
                4.53228E-03      122.268E-09  
                4.53536E-03      102.996E-09  
                4.54E-03          72.8413E-09 
                4.54614E-03       31.8178E-09 
                4.55228E-03       -9.562E-09  
                4.55536E-03      -30.0998E-09 
                4.56E-03         -60.6569E-09 
                4.56614E-03      -99.475E-09  
                4.57228E-03     -135.641E-09  
                4.57536E-03     -152.503E-09  
                4.58E-03        -176.221E-09  
                4.58614E-03     -203.791E-09  
                4.59228E-03     -226.451E-09  
                4.59536E-03     -235.798E-09  
                4.6E-03         -247.289E-09  
                4.60614E-03     -257.334E-09  
                4.61228E-03     -261.259E-09  
                4.61536E-03     -260.895E-09  
                4.62E-03        -257.391E-09  
                4.62614E-03     -247.345E-09  
                4.63228E-03     -231.314E-09  
                4.63535E-03     -221.156E-09  
                4.64E-03        -203.228E-09  
                4.64614E-03     -175.183E-09  
                4.65228E-03     -142.84E-09   
                4.65535E-03     -125.293E-09  
                4.66307E-03      -78.0222E-09 
                4.66614E-03      -58.3098E-09 
                4.67228E-03      -18.0165E-09 
                4.67535E-03        2.30277E-09
                4.68E-03          32.898E-09  
                4.68614E-03       72.3371E-09 
                4.69228E-03      109.629E-09  
                4.69535E-03      127.187E-09  
                4.7E-03          152.075E-09  
                4.70614E-03      181.321E-09  
                4.71228E-03      205.728E-09  
                4.71535E-03      215.964E-09  
                4.72307E-03      235.537E-09  
                4.72614E-03      240.758E-09  
                4.73228E-03      246.755E-09  
                4.73535E-03      247.536E-09  
                4.74E-03         245.953E-09  
                4.74614E-03      238.891E-09  
                4.75228E-03      226.452E-09  
                4.75535E-03      218.347E-09  
                4.76E-03         203.867E-09  
                4.76614E-03      180.989E-09  
                4.77228E-03      154.411E-09  
                4.77536E-03      139.923E-09  
                4.78307E-03      100.62E-09   
                4.78614E-03       84.0829E-09 
                4.79228E-03       49.9192E-09 
                4.79535E-03       32.4627E-09 
                4.8E-03            5.81174E-09
                4.80614E-03      -29.3699E-09 
                4.81228E-03      -63.7925E-09 
                4.81535E-03      -80.5182E-09 
                4.82E-03        -104.974E-09  
                4.82614E-03     -135.249E-09  
                4.83228E-03     -162.507E-09  
                4.83536E-03     -174.822E-09  
                4.84307E-03     -201.332E-09  
                4.84614E-03     -209.893E-09  
                4.85228E-03     -223.314E-09  
                4.85535E-03     -228.073E-09  
                4.86E-03        -232.691E-09  
                4.86614E-03     -233.859E-09  
                4.87228E-03     -229.281E-09  
                4.87535E-03     -224.846E-09  
                4.88E-03        -215.472E-09  
                4.88614E-03     -198.337E-09  
                4.89228E-03     -176.187E-09  
                4.89536E-03     -163.394E-09  
                4.9E-03         -142.092E-09  
                4.90614E-03     -110.848E-09  
                4.91228E-03      -76.9E-09    
                4.91536E-03      -59.1853E-09 
                4.92E-03         -31.7735E-09 
                4.92614E-03        4.91643E-09
                4.93228E-03       41.1757E-09 
                4.93536E-03       58.8628E-09 
                4.94E-03          84.7502E-09 
                4.94614E-03      116.778E-09  
                4.95228E-03      145.545E-09  
                4.95536E-03      158.513E-09  
                4.96E-03         176.148E-09  
                4.96614E-03      195.458E-09  
                4.97228E-03      209.836E-09  
                4.97536E-03      215.113E-09  
                4.98E-03         220.633E-09  
                4.98614E-03      223.334E-09  
                4.99228E-03      220.828E-09  
                4.99536E-03      217.675E-09  
                5.E-03           210.582E-09  
                5.00614E-03      197.109E-09  
                5.01228E-03      179.308E-09  
                5.01536E-03      168.918E-09  
                5.02E-03         151.48E-09   
                5.02614E-03      125.617E-09  
                5.03228E-03       97.1085E-09 
                5.03536E-03       82.0472E-09 
                5.04E-03          58.4602E-09 
                5.04614E-03       26.2753E-09 
                5.05228E-03       -6.36006E-09
                5.05536E-03      -22.6359E-09 
                5.06E-03         -46.9583E-09 
                5.06614E-03      -78.0508E-09 
                5.07228E-03     -107.223E-09  
                5.07536E-03     -120.889E-09  
                5.08E-03        -140.182E-09  
                5.08614E-03     -162.697E-09  
                5.09228E-03     -181.259E-09  
                5.09536E-03     -188.926E-09  
                5.1E-03         -198.349E-09  
                5.10614E-03     -206.57E-09   
                5.11228E-03     -209.753E-09  
                5.11536E-03     -209.435E-09  
                5.12E-03        -206.543E-09  
                5.12614E-03     -198.339E-09  
                5.13228E-03     -185.343E-09  
                5.13535E-03     -177.151E-09  
                5.14E-03        -162.759E-09  
                5.14614E-03     -140.377E-09  
                5.15228E-03     -114.721E-09  
                5.15535E-03     -100.857E-09  
                5.16E-03         -78.8078E-09 
                5.16614E-03      -48.1687E-09 
                5.17228E-03      -16.56E-09   
                5.17535E-03     -616.88E-12   
                5.18E-03          23.4214E-09 
                5.18614E-03       54.5231E-09 
                5.19228E-03       84.137E-09  
                5.19535E-03       98.1849E-09 
                5.2E-03          118.257E-09  
                5.20614E-03      142.181E-09  
                5.21228E-03      162.583E-09  
                5.21536E-03      171.329E-09  
                5.22E-03         182.583E-09  
                5.22614E-03      193.57E-09   
                5.23228E-03      199.87E-09   
                5.23535E-03      201.226E-09  
                5.24E-03         200.991E-09  
                5.24614E-03      196.47E-09   
                5.25228E-03      187.266E-09  
                5.25535E-03      180.985E-09  
                5.26307E-03      160.599E-09  
                5.26614E-03      150.805E-09  
                5.27228E-03      128.684E-09  
                5.27535E-03      116.5E-09    
                5.28E-03          96.8569E-09 
                5.28614E-03       69.119E-09  
                5.29228E-03       40.0444E-09 
                5.29535E-03       25.2218E-09 
                5.3E-03            2.6844E-09 
                5.30614E-03      -26.8125E-09 
                5.31228E-03      -55.2833E-09 
                5.31535E-03      -68.9407E-09 
                5.32307E-03     -100.977E-09  
                5.32614E-03     -112.591E-09  
                5.33228E-03     -133.573E-09  
                5.33535E-03     -142.836E-09  
                5.34E-03        -155.174E-09  
                5.34614E-03     -168.17E-09   
                5.35228E-03     -177.147E-09  
                5.35535E-03     -180.092E-09  
                5.36E-03        -182.57E-09   
                5.36614E-03     -182.17E-09   
                5.37228E-03     -177.612E-09  
                5.37536E-03     -173.817E-09  
                5.38E-03        -166.216E-09  
                5.38614E-03     -152.894E-09  
                5.39228E-03     -136.119E-09  
                5.39536E-03     -126.545E-09  
                5.4E-03         -110.696E-09  
                5.40614E-03      -87.5406E-09 
                5.41228E-03      -62.366E-09  
                5.41536E-03      -49.1843E-09 
                5.42E-03         -28.6873E-09 
                5.42614E-03     -999.931E-12  
                5.43228E-03       26.7301E-09 
                5.43536E-03       40.42E-09   
                5.44E-03          60.6858E-09 
                5.44614E-03       86.2032E-09 
                5.45228E-03      109.648E-09  
                5.45536E-03      120.422E-09  
                5.46E-03         135.34E-09   
                5.46614E-03      152.159E-09  
                5.47228E-03      165.255E-09  
                5.47536E-03      170.314E-09  
                5.48E-03         176.E-09     
                5.48614E-03      179.76E-09   
                5.49228E-03      179.161E-09  
                5.49536E-03      177.242E-09  
                5.5E-03          172.334E-09  
                5.50614E-03      162.276E-09  
                5.51228E-03      148.418E-09  
                5.51536E-03      140.178E-09  
                5.52E-03         126.2E-09    
                5.52614E-03      105.259E-09  
                5.53228E-03       82.0195E-09 
                5.53536E-03       69.7076E-09 
                5.54E-03          50.4075E-09 
                5.54614E-03       24.0646E-09 
                5.55228E-03       -2.61985E-09
                5.55536E-03      -15.9104E-09 
                5.56E-03         -35.7478E-09 
                5.56614E-03      -61.0583E-09 
                5.57228E-03      -84.7629E-09 
                5.57536E-03      -95.858E-09  
                5.58E-03        -111.515E-09  
                5.58614E-03     -129.796E-09  
                5.59228E-03     -144.901E-09  
                5.59536E-03     -151.161E-09  
                5.6E-03         -158.893E-09  
                5.60614E-03     -165.73E-09   
                5.61228E-03     -168.532E-09  
                5.61536E-03     -168.401E-09  
                5.62E-03        -166.259E-09  
                5.62614E-03     -159.884E-09  
                5.63228E-03     -149.614E-09  
                5.63535E-03     -143.095E-09  
                5.64E-03        -131.596E-09  
                5.64614E-03     -113.634E-09  
                5.65228E-03      -92.9758E-09 
                5.65535E-03      -81.7949E-09 
                5.66E-03         -63.9981E-09 
                5.66614E-03      -39.2657E-09 
                5.67228E-03      -13.775E-09  
                5.67535E-03     -936.786E-12  
                5.68E-03          18.3852E-09 
                5.68614E-03       43.3035E-09 
                5.69228E-03       66.921E-09  
                5.69535E-03       78.0798E-09 
                5.7E-03           93.9655E-09 
                5.70614E-03      112.804E-09  
                5.71228E-03      128.776E-09  
                5.71535E-03      135.596E-09  
                5.72E-03         144.351E-09  
                5.72614E-03      152.89E-09   
                5.73228E-03      157.823E-09  
                5.73535E-03      158.927E-09  
                5.74E-03         158.874E-09  
                5.74614E-03      155.649E-09  
                5.75228E-03      148.929E-09  
                5.75535E-03      144.314E-09  
                5.76307E-03      129.252E-09  
                5.76614E-03      121.978E-09  
                5.77228E-03      105.456E-09  
                5.77535E-03       96.2996E-09 
                5.78E-03          81.4463E-09 
                5.78614E-03       60.2638E-09 
                5.79228E-03       37.7735E-09 
                5.79535E-03       26.1841E-09 
                5.8E-03            8.38969E-09
                5.80614E-03      -15.2401E-09 
                5.81228E-03      -38.4531E-09 
                5.81536E-03      -49.7439E-09 
                5.82307E-03      -76.6708E-09 
                5.82614E-03      -86.6055E-09 
                5.83228E-03     -104.826E-09  
                5.83535E-03     -113.001E-09  
                5.84E-03        -124.042E-09  
                5.84614E-03     -135.933E-09  
                5.85228E-03     -144.441E-09  
                5.85535E-03     -147.365E-09  
                5.86307E-03     -150.681E-09  
                5.86614E-03     -150.363E-09  
                5.87228E-03     -146.957E-09  
                5.87535E-03     -143.896E-09  
                5.88307E-03     -132.396E-09  
                5.88614E-03     -126.392E-09  
                5.89228E-03     -112.166E-09  
                5.89535E-03     -104.038E-09  
                5.9E-03          -90.6038E-09 
                5.90614E-03      -71.065E-09  
                5.91228E-03      -49.9797E-09 
                5.91536E-03      -39.0139E-09 
                5.92E-03         -22.0727E-09 
                5.92614E-03      599.636E-12  
                5.93228E-03       23.0585E-09 
                5.93536E-03       34.0547E-09 
                5.94E-03          50.2253E-09 
                5.94614E-03       70.4041E-09 
                5.95228E-03       88.7723E-09 
                5.95536E-03       97.1613E-09 
                5.96E-03         108.724E-09  
                5.96614E-03      121.693E-09  
                5.97228E-03      131.745E-09  
                5.97536E-03      135.618E-09  
                5.98E-03         139.967E-09  
                5.98614E-03      142.843E-09  
                5.99228E-03      142.39E-09   
                5.99536E-03      140.926E-09  
                6.E-03           137.172E-09  
                6.00614E-03      129.456E-09  
                6.01228E-03      118.787E-09  
                6.01536E-03      112.423E-09  
                6.02E-03         101.599E-09  
                6.02614E-03       85.3211E-09 
                6.03228E-03       67.1798E-09 
                6.03536E-03       57.5397E-09 
                6.04E-03          42.3923E-09 
                6.04614E-03       21.6556E-09 
                6.05228E-03      588.355E-12  
                6.05536E-03       -9.92444E-09
                6.06E-03         -25.638E-09  
                6.06614E-03      -45.7233E-09 
                6.07228E-03      -64.5746E-09 
                6.07536E-03      -73.4152E-09 
                6.08E-03         -85.9164E-09 
                6.08614E-03     -100.578E-09  
                6.09228E-03     -112.796E-09  
                6.09536E-03     -117.914E-09  
                6.1E-03         -124.333E-09  
                6.10614E-03     -130.242E-09  
                6.11228E-03     -133.087E-09  
                6.11536E-03     -133.346E-09  
                6.12E-03        -132.262E-09  
                6.12614E-03     -128.121E-09  
                6.13228E-03     -120.97E-09   
                6.13535E-03     -116.312E-09  
                6.14E-03        -107.96E-09   
                6.14614E-03      -94.6705E-09 
                6.15228E-03      -79.0991E-09 
                6.15535E-03      -70.5592E-09 
                6.16E-03         -56.8137E-09 
                6.16614E-03      -37.41E-09   
                6.17228E-03      -17.0466E-09 
                6.17535E-03       -6.64875E-09
                6.18E-03           9.18288E-09
                6.18614E-03       29.9334E-09 
                6.19228E-03       49.9655E-09 
                6.19536E-03       59.5597E-09 
                6.2E-03           73.3682E-09 
                6.20614E-03       89.9875E-09 
                6.21228E-03      104.311E-09  
                6.21535E-03      110.501E-09  
                6.22E-03         118.526E-09  
                6.22614E-03      126.47E-09   
                6.23228E-03      131.188E-09  
                6.23535E-03      132.311E-09  
                6.24307E-03      131.488E-09  
                6.24614E-03      129.724E-09  
                6.25228E-03      123.843E-09  
                6.25535E-03      119.779E-09  
                6.26E-03         112.303E-09  
                6.26614E-03      100.183E-09  
                6.27228E-03       85.8602E-09 
                6.27535E-03       77.9975E-09 
                6.28E-03          65.3631E-09 
                6.28614E-03       47.6035E-09 
                6.29228E-03       29.0764E-09 
                6.29535E-03       19.6589E-09 
                6.30307E-03       -4.03891E-09
                6.30614E-03      -13.3188E-09 
                6.31228E-03      -31.3688E-09 
                6.31535E-03      -40.0486E-09 
                6.32E-03         -52.6284E-09 
                6.32614E-03      -68.0129E-09 
                6.33228E-03      -81.6864E-09 
                6.33535E-03      -87.8118E-09 
                6.34E-03         -96.105E-09  
                6.34614E-03     -105.125E-09  
                6.35228E-03     -111.755E-09  
                6.35536E-03     -114.14E-09   
                6.36307E-03     -117.309E-09  
                6.36614E-03     -117.413E-09  
                6.37228E-03     -115.637E-09  
                6.37535E-03     -113.759E-09  
                6.38E-03        -109.681E-09  
                6.38614E-03     -102.065E-09  
                6.39228E-03      -92.0429E-09 
                6.39535E-03      -86.186E-09  
                6.4E-03          -76.3331E-09 
                6.40614E-03      -61.6692E-09 
                6.41228E-03      -45.4549E-09 
                6.41536E-03      -36.8758E-09 
                6.42E-03         -23.436E-09  
                6.42614E-03       -5.12118E-09
                6.43228E-03       13.3728E-09 
                6.43536E-03       22.5491E-09 
                6.44E-03          36.1821E-09 
                6.44614E-03       53.4178E-09 
                6.45228E-03       69.3188E-09 
                6.45536E-03       76.6475E-09 
                6.46E-03          86.8176E-09 
                6.46614E-03       98.3325E-09 
                6.47228E-03      107.362E-09  
                6.47536E-03      110.883E-09  
                6.48E-03         114.895E-09  
                6.48614E-03      117.695E-09  
                6.49228E-03      117.593E-09  
                6.49536E-03      116.467E-09  
                6.5E-03          113.431E-09  
                6.50614E-03      107.048E-09  
                6.51228E-03       98.1427E-09 
                6.51536E-03       92.8181E-09 
                6.52E-03          83.7553E-09 
                6.52614E-03       70.1232E-09 
                6.53228E-03       54.9353E-09 
                6.53536E-03       46.8663E-09 
                6.54E-03          34.1852E-09 
                6.54614E-03       16.8144E-09 
                6.55228E-03     -865.478E-12  
                6.55536E-03       -9.70714E-09
                6.56E-03         -22.9562E-09 
                6.56614E-03      -39.9725E-09 
                6.57228E-03      -56.0643E-09 
                6.57536E-03      -63.6669E-09 
                6.58E-03         -74.5014E-09 
                6.58614E-03      -87.392E-09  
                6.59228E-03      -98.3941E-09 
                6.59536E-03     -103.129E-09  
                6.6E-03         -109.266E-09  
                6.60614E-03     -115.39E-09   
                6.61228E-03     -119.163E-09  
                6.61536E-03     -120.165E-09  
                6.62E-03        -120.573E-09  
                6.62614E-03     -119.117E-09  
                6.63228E-03     -115.508E-09  
                6.63536E-03     -112.956E-09  
                6.64E-03        -108.232E-09  
                6.64614E-03     -100.586E-09  
                6.65228E-03      -91.6553E-09 
                6.65535E-03      -86.8204E-09 
                6.66E-03         -79.1754E-09 
                6.66614E-03      -68.7584E-09 
                6.67228E-03      -58.4205E-09 
                6.67535E-03      -53.4214E-09 
                6.68E-03         -46.2366E-09 
                6.68614E-03      -37.7752E-09 
                6.69228E-03      -30.959E-09  
                6.69535E-03      -28.308E-09  
                6.7E-03          -25.4118E-09 
                6.70614E-03      -23.9615E-09 
                6.71228E-03      -25.632E-09  
                6.71535E-03      -27.7562E-09 
                6.72E-03         -32.7296E-09 
                6.72614E-03      -42.8126E-09 
                6.73228E-03      -57.2012E-09 
                6.73535E-03      -66.0975E-09 
                6.74E-03         -81.7992E-09 
                6.74614E-03     -106.885E-09  
                6.75228E-03     -137.091E-09  
                6.75535E-03     -154.169E-09  
                6.76E-03        -182.561E-09  
                6.76614E-03     -224.924E-09  
                6.77228E-03     -272.875E-09  
                6.77535E-03     -298.979E-09  
                6.78E-03        -341.193E-09  
                6.78614E-03     -402.1E-09    
                6.79228E-03     -468.849E-09  
                6.79536E-03     -504.443E-09  
                6.8E-03         -561.12E-09   
                6.80614E-03     -641.385E-09  
                6.81228E-03     -727.779E-09  
                6.81535E-03     -773.329E-09  
                6.82E-03        -845.28E-09   
                6.82614E-03     -946.204E-09  
                6.83228E-03       -1.05394E-06
                6.83535E-03       -1.11048E-06
                6.84307E-03       -1.26084E-06
                6.84614E-03       -1.32413E-06
                6.85228E-03       -1.45701E-06
                6.85535E-03       -1.52676E-06
                6.86E-03          -1.63672E-06
                6.86614E-03       -1.79088E-06
                6.87228E-03       -1.95584E-06
                6.87535E-03       -2.04267E-06
                6.88E-03          -2.17989E-06
                6.88614E-03       -2.37302E-06
                6.89228E-03       -2.58053E-06
                6.89535E-03       -2.69008E-06
                6.90307E-03       -2.98375E-06
                6.90614E-03       -3.10846E-06
                6.91228E-03       -3.37223E-06
                6.91535E-03       -3.51168E-06
                6.92E-03          -3.73273E-06
                6.92614E-03       -4.04478E-06
                6.93228E-03       -4.38083E-06
                6.93536E-03       -4.55836E-06
                6.94E-03          -4.83949E-06
                6.94614E-03       -5.23568E-06
                6.95228E-03       -5.66122E-06
                6.95536E-03       -5.8855E-06 
                6.96E-03          -6.23984E-06
                6.96614E-03       -6.73758E-06
                6.97228E-03       -7.26995E-06
                6.97536E-03       -7.54961E-06
                6.98E-03          -7.99022E-06
                6.98614E-03       -8.60647E-06
                6.99228E-03       -9.26235E-06
                6.99536E-03       -9.60561E-06
                7.E-03           -10.1447E-06 
                7.00614E-03      -10.8953E-06 
                7.01228E-03      -11.69E-06   
                7.01536E-03      -12.1043E-06 
                7.02E-03         -12.7528E-06 
                7.02614E-03      -13.6518E-06 
                7.03228E-03      -14.5988E-06 
                7.03536E-03      -15.0906E-06 
                7.04E-03         -15.8582E-06 
                7.04614E-03      -16.9174E-06 
                7.05228E-03      -18.0278E-06 
                7.05536E-03      -18.6025E-06 
                7.06E-03         -19.4966E-06 
                7.06614E-03      -20.7255E-06 
                7.07228E-03      -22.0079E-06 
                7.07536E-03      -22.6694E-06 
                7.08E-03         -23.6958E-06 
                7.08614E-03      -25.101E-06  
                7.09228E-03      -26.5613E-06 
                7.09536E-03      -27.3122E-06 
                7.1E-03          -28.4743E-06 
                7.10614E-03      -30.0598E-06 
                7.11228E-03      -31.7011E-06 
                7.11536E-03      -32.5425E-06 
                7.12E-03         -33.8416E-06 
                7.12614E-03      -35.6084E-06 
                7.13228E-03      -37.4305E-06 
                7.13535E-03      -38.3622E-06 
                7.14E-03         -39.7974E-06 
                7.14614E-03      -41.743E-06  
                7.15228E-03      -43.7425E-06 
                7.15535E-03      -44.7622E-06 
                7.16E-03         -46.3296E-06 
                7.16614E-03      -48.4477E-06 
                7.17228E-03      -50.6168E-06 
                7.17536E-03      -51.7201E-06 
                7.18E-03         -53.4118E-06 
                7.18614E-03      -55.691E-06  
                7.19228E-03      -58.0166E-06 
                7.19535E-03      -59.1961E-06 
                7.2E-03          -61.0007E-06 
                7.20614E-03      -63.4234E-06 
                7.21228E-03      -65.8857E-06 
                7.21535E-03      -67.1309E-06 
                7.22307E-03      -70.2977E-06 
                7.22614E-03      -71.5726E-06 
                7.23228E-03      -74.1449E-06 
                7.23535E-03      -75.4415E-06 
                7.24E-03         -77.4146E-06 
                7.24614E-03      -80.0436E-06 
                7.25228E-03      -82.692E-06  
                7.25535E-03      -84.0223E-06 
                7.26E-03         -86.0407E-06 
                7.26614E-03      -88.7187E-06 
                7.27228E-03      -91.4033E-06 
                7.27535E-03      -92.7468E-06 
                7.28307E-03      -96.1213E-06 
                7.28614E-03      -97.4626E-06 
                7.29228E-03     -100.139E-06  
                7.29535E-03     -101.474E-06  
                7.3E-03         -103.485E-06  
                7.30614E-03     -106.129E-06  
                7.31228E-03     -108.752E-06  
                7.31535E-03     -110.054E-06  
                7.32E-03        -112.01E-06   
                7.32614E-03     -114.568E-06  
                7.33228E-03     -117.091E-06  
                7.33535E-03     -118.338E-06  
                7.34307E-03     -121.424E-06  
                7.34614E-03     -122.633E-06  
                7.35228E-03     -125.013E-06  
                7.35535E-03     -126.183E-06  
                7.36E-03        -127.928E-06  
                7.36614E-03     -130.186E-06  
                7.37228E-03     -132.384E-06  
                7.37535E-03     -133.46E-06   
                7.38E-03        -135.057E-06  
                7.38614E-03     -137.11E-06   
                7.39228E-03     -139.094E-06  
                7.39536E-03     -140.059E-06  
                7.40307E-03     -142.405E-06  
                7.40614E-03     -143.306E-06  
                7.41228E-03     -145.052E-06  
                7.41535E-03     -145.897E-06  
                7.42E-03        -147.137E-06  
                7.42614E-03     -148.708E-06  
                7.43228E-03     -150.2E-06    
                7.43535E-03     -150.916E-06  
                7.44E-03        -151.962E-06  
                7.44614E-03     -153.274E-06  
                7.45228E-03     -154.505E-06  
                7.45536E-03     -155.091E-06  
                7.46E-03        -155.939E-06  
                7.46614E-03     -156.989E-06  
                7.47228E-03     -157.961E-06  
                7.47536E-03     -158.417E-06  
                7.48E-03        -159.07E-06   
                7.48614E-03     -159.864E-06  
                7.49228E-03     -160.582E-06  
                7.49536E-03     -160.912E-06  
                7.5E-03         -161.376E-06  
                7.50614E-03     -161.924E-06  
                7.51228E-03     -162.398E-06  
                7.51536E-03     -162.608E-06  
                7.52E-03        -162.892E-06  
                7.52614E-03     -163.205E-06  
                7.53228E-03     -163.45E-06   
                7.53536E-03     -163.547E-06  
                7.54E-03        -163.662E-06  
                7.54614E-03     -163.757E-06  
                7.55228E-03     -163.787E-06  
                7.55536E-03     -163.779E-06  
                7.56E-03        -163.738E-06  
                7.56614E-03     -163.63E-06   
                7.57228E-03     -163.463E-06  
                7.57536E-03     -163.358E-06  
                7.58E-03        -163.173E-06  
                7.58614E-03     -162.879E-06  
                7.59228E-03     -162.531E-06  
                7.59536E-03     -162.337E-06  
                7.6E-03         -162.019E-06  
                7.60614E-03     -161.555E-06  
                7.61228E-03     -161.04E-06   
                7.61536E-03     -160.764E-06  
                7.62E-03        -160.325E-06  
                7.62614E-03     -159.702E-06  
                7.63228E-03     -159.032E-06  
                7.63535E-03     -158.68E-06   
                7.64E-03        -158.125E-06  
                7.64614E-03     -157.353E-06  
                7.65228E-03     -156.536E-06  
                7.65535E-03     -156.11E-06   
                7.66E-03        -155.447E-06  
                7.66614E-03     -154.53E-06   
                7.67228E-03     -153.571E-06  
                7.67535E-03     -153.074E-06  
                7.68E-03        -152.303E-06  
                7.68614E-03     -151.246E-06  
                7.69228E-03     -150.145E-06  
                7.69535E-03     -149.578E-06  
                7.7E-03         -148.7E-06    
                7.70614E-03     -147.501E-06  
                7.71228E-03     -146.258E-06  
                7.71535E-03     -145.619E-06  
                7.72E-03        -144.633E-06  
                7.72614E-03     -143.289E-06  
                7.73228E-03     -141.899E-06  
                7.73535E-03     -141.187E-06  
                7.74E-03        -140.088E-06  
                7.74614E-03     -138.594E-06  
                7.75228E-03     -137.053E-06  
                7.75535E-03     -136.264E-06  
                7.76E-03        -135.048E-06  
                7.76614E-03     -133.399E-06  
                7.77228E-03     -131.7E-06    
                7.77536E-03     -130.833E-06  
                7.78E-03        -129.497E-06  
                7.78614E-03     -127.688E-06  
                7.79228E-03     -125.829E-06  
                7.79535E-03     -124.882E-06  
                7.8E-03         -123.425E-06  
                7.80614E-03     -121.456E-06  
                7.81228E-03     -119.438E-06  
                7.81536E-03     -118.412E-06  
                7.82E-03        -116.837E-06  
                7.82614E-03     -114.713E-06  
                7.83229E-03     -112.544E-06  
                7.83536E-03     -111.443E-06  
                7.84E-03        -109.758E-06  
                7.84614E-03     -107.491E-06  
                7.85229E-03     -105.185E-06  
                7.85536E-03     -104.017E-06  
                7.86307E-03     -101.043E-06  
                7.86614E-03      -99.8439E-06 
                7.87229E-03      -97.4204E-06 
                7.87536E-03      -96.197E-06  
                7.88E-03         -94.3339E-06 
                7.88614E-03      -91.8451E-06 
                7.89229E-03      -89.3321E-06 
                7.89536E-03      -88.0675E-06 
                7.9E-03          -86.1468E-06 
                7.90614E-03      -83.5907E-06 
                7.91229E-03      -81.021E-06  
                7.91536E-03      -79.7321E-06 
                7.92E-03         -77.78E-06   
                7.92614E-03      -75.1923E-06 
                7.93229E-03      -72.6025E-06 
                7.93536E-03      -71.3079E-06 
                7.94E-03         -69.3528E-06 
                7.94614E-03      -66.7715E-06 
                7.95229E-03      -64.1998E-06 
                7.95536E-03      -62.9186E-06 
                7.96E-03         -60.9893E-06 
                7.96614E-03      -58.4523E-06 
                7.97229E-03      -55.9361E-06 
                7.97536E-03      -54.6869E-06 
                7.98E-03         -52.8109E-06 
                7.98614E-03      -50.3536E-06 
                7.99229E-03      -47.9274E-06 
                7.99536E-03      -46.7268E-06 
                8.E-03           -44.9289E-06 
                8.00614E-03      -42.5829E-06 
                8.01229E-03      -40.2767E-06 
                8.01536E-03      -39.1393E-06 
                8.02E-03         -37.4409E-06 
                8.02614E-03      -35.2329E-06 
                8.03229E-03      -33.0718E-06 
                8.03536E-03      -32.0095E-06 
                8.04E-03         -30.4274E-06 
                8.04614E-03      -28.3789E-06 
                8.05229E-03      -26.3829E-06 
                8.05536E-03      -25.4051E-06 
                8.06E-03         -23.9531E-06 
                8.06614E-03      -22.0807E-06 
                8.07229E-03      -20.2652E-06 
                8.07536E-03      -19.379E-06  
                8.08E-03         -18.0672E-06 
                8.08614E-03      -16.3833E-06 
                8.09229E-03      -14.7591E-06 
                8.09536E-03      -13.9696E-06 
                8.10307E-03      -12.054E-06  
                8.10614E-03      -11.318E-06  
                8.11229E-03       -9.89239E-06
                8.11536E-03       -9.20279E-06
                8.12E-03          -8.18993E-06
                8.12614E-03       -6.90457E-06
                8.13229E-03       -5.68184E-06
                8.13536E-03       -5.09402E-06
                8.14E-03          -4.23533E-06
                8.14614E-03       -3.15446E-06
                8.15229E-03       -2.1366E-06 
                8.15536E-03       -1.65131E-06
                8.16E-03        -947.622E-09  
                8.16614E-03      -71.7576E-09 
                8.17229E-03      741.377E-09  
                8.17536E-03        1.1245E-06 
                8.18307E-03        2.01808E-06
                8.18614E-03        2.34673E-06
                8.19228E-03        2.95794E-06
                8.19536E-03        3.24066E-06
                8.2E-03            3.63936E-06
                8.20614E-03        4.11418E-06
                8.21229E-03        4.52988E-06
                8.21536E-03        4.71588E-06
                8.22E-03           4.96979E-06
                8.22614E-03        5.25621E-06
                8.23229E-03        5.48743E-06
                8.23536E-03        5.58281E-06
                8.24E-03           5.70197E-06
                8.24614E-03        5.81459E-06
                8.25229E-03        5.87756E-06
                8.25536E-03        5.89106E-06
                8.26E-03           5.88945E-06
                8.26614E-03        5.84811E-06
                8.27229E-03        5.76422E-06
                8.27536E-03        5.7071E-06 
                8.28E-03           5.60246E-06
                8.28614E-03        5.4319E-06 
                8.29229E-03        5.22728E-06
                8.29536E-03        5.11308E-06
                8.3E-03            4.92643E-06
                8.30614E-03        4.65555E-06
                8.31229E-03        4.36015E-06
                8.31536E-03        4.20423E-06
                8.32E-03           3.95925E-06
                8.32614E-03        3.62004E-06
                8.33229E-03        3.26656E-06
                8.33536E-03        3.08548E-06
                8.34E-03           2.8074E-06 
                8.34614E-03        2.43354E-06
                8.35229E-03        2.05581E-06
                8.35536E-03        1.86647E-06
                8.36E-03           1.58082E-06
                8.36614E-03        1.20571E-06
                8.37229E-03      836.55E-09   
                8.37536E-03      655.089E-09  
                8.38E-03         385.648E-09  
                8.38614E-03       40.0027E-09 
                8.39229E-03     -291.163E-09  
                8.39536E-03     -450.598E-09  
                8.4E-03         -683.013E-09  
                8.40614E-03     -973.507E-09  
                8.41229E-03       -1.24294E-06
                8.41536E-03       -1.36926E-06
                8.42E-03          -1.54906E-06
                8.42614E-03       -1.76556E-06
                8.43229E-03       -1.95677E-06
                8.43536E-03       -2.04262E-06
                8.44E-03          -2.15981E-06
                8.44614E-03       -2.29132E-06
                8.45229E-03       -2.39577E-06
                8.45536E-03       -2.43782E-06
                8.46E-03          -2.48854E-06
                8.46614E-03       -2.5321E-06 
                8.47229E-03       -2.54926E-06
                8.47536E-03       -2.54813E-06
                8.48E-03          -2.53443E-06
                8.48614E-03       -2.49474E-06
                8.49229E-03       -2.43151E-06
                8.49536E-03       -2.39146E-06
                8.5E-03           -2.32072E-06
                8.50614E-03       -2.20935E-06
                8.51229E-03       -2.0792E-06 
                8.51536E-03       -2.00763E-06
                8.52E-03          -1.89194E-06
                8.52614E-03       -1.72619E-06
                8.53229E-03       -1.54789E-06
                8.53536E-03       -1.45469E-06
                8.54E-03          -1.30948E-06
                8.54614E-03       -1.11079E-06
                8.55229E-03     -906.631E-09  
                8.55536E-03     -803.21E-09   
                8.56307E-03     -541.835E-09  
                8.56614E-03     -437.801E-09  
                8.57228E-03     -231.325E-09  
                8.57536E-03     -129.414E-09  
                8.58E-03          22.2428E-09 
                8.58614E-03      217.075E-09  
                8.59229E-03      403.617E-09  
                8.59536E-03      493.212E-09  
                8.6E-03          623.366E-09  
                8.60614E-03      784.874E-09  
                8.61229E-03      932.882E-09  
                8.61536E-03        1.00142E-06
                8.62E-03           1.0977E-06 
                8.62614E-03        1.2109E-06 
                8.63229E-03        1.30721E-06
                8.63536E-03        1.34881E-06
                8.64E-03           1.40324E-06
                8.64614E-03        1.45937E-06
                8.65229E-03        1.49725E-06
                8.65536E-03        1.50933E-06
                8.66E-03           1.51898E-06
                8.66614E-03        1.51598E-06
                8.67229E-03        1.49541E-06
                8.67536E-03        1.47873E-06
                8.68307E-03        1.41882E-06
                8.68614E-03        1.38806E-06
                8.69228E-03        1.31547E-06
                8.69536E-03        1.27392E-06
                8.7E-03            1.20491E-06
                8.70614E-03        1.10305E-06
                8.71229E-03      990.44E-09   
                8.71536E-03      930.597E-09  
                8.72E-03         836.241E-09  
                8.72614E-03      705.294E-09  
                8.73229E-03      568.953E-09  
                8.73536E-03      499.318E-09  
                8.74E-03         392.869E-09  
                8.74614E-03      250.947E-09  
                8.75229E-03      109.444E-09  
                8.75536E-03       39.4074E-09 
                8.76E-03         -64.9594E-09 
                8.76614E-03     -199.093E-09  
                8.77229E-03     -327.297E-09  
                8.77536E-03     -388.698E-09  
                8.78E-03        -477.566E-09  
                8.78614E-03     -587.025E-09  
                8.79229E-03     -686.111E-09  
                8.79536E-03     -731.427E-09  
                8.8E-03         -794.247E-09  
                8.80614E-03     -866.32E-09   
                8.81229E-03     -925.216E-09  
                8.81536E-03     -949.568E-09  
                8.82E-03        -979.81E-09   
                8.82614E-03       -1.00754E-06
                8.83229E-03       -1.02122E-06
                8.83536E-03       -1.02283E-06
                8.84E-03          -1.01874E-06
                8.84614E-03       -1.00152E-06
                8.85229E-03     -971.316E-09  
                8.85536E-03     -951.553E-09  
                8.86E-03        -916.073E-09  
                8.86614E-03     -859.325E-09  
                8.87229E-03     -792.317E-09  
                8.87536E-03     -755.311E-09  
                8.88E-03        -695.351E-09  
                8.88614E-03     -609.45E-09   
                8.89229E-03     -517.244E-09  
                8.89536E-03     -469.207E-09  
                8.9E-03         -394.668E-09  
                8.90614E-03     -293.392E-09  
                8.91229E-03     -190.44E-09   
                8.91536E-03     -138.794E-09  
                8.92E-03         -61.0264E-09 
                8.92614E-03       40.3575E-09 
                8.93229E-03      138.753E-09  
                8.93536E-03      186.41E-09   
                8.94307E-03      300.282E-09  
                8.94614E-03      342.916E-09  
                8.95228E-03      422.797E-09  
                8.95536E-03      459.793E-09  
                8.96E-03         511.681E-09  
                8.96614E-03      572.3E-09    
                8.97229E-03      623.171E-09  
                8.97536E-03      644.786E-09  
                8.98E-03         672.476E-09  
                8.98614E-03      699.735E-09  
                8.99229E-03      716.184E-09  
                8.99536E-03      720.361E-09  
                9.E-03           721.603E-09  
                9.00614E-03      714.052E-09  
                9.01229E-03      696.388E-09  
                9.01536E-03      683.926E-09  
                9.02E-03         660.717E-09  
                9.02614E-03      622.406E-09  
                9.03229E-03      576.172E-09  
                9.03536E-03      550.361E-09  
                9.04E-03         508.272E-09  
                9.04614E-03      447.575E-09  
                9.05229E-03      382.127E-09  
                9.05536E-03      347.958E-09  
                9.06307E-03      259.015E-09  
                9.06614E-03      222.718E-09  
                9.07228E-03      149.379E-09  
                9.07536E-03      112.611E-09  
                9.08E-03          57.2768E-09 
                9.08614E-03      -14.7429E-09 
                9.09229E-03      -84.4962E-09 
                9.09536E-03     -118.221E-09  
                9.1E-03         -167.408E-09  
                9.10614E-03     -228.63E-09   
                9.11229E-03     -284.722E-09  
                9.11536E-03     -310.621E-09  
                9.12E-03        -346.824E-09  
                9.12614E-03     -388.909E-09  
                9.13229E-03     -423.946E-09  
                9.13536E-03     -438.705E-09  
                9.14E-03        -457.425E-09  
                9.14614E-03     -475.442E-09  
                9.15229E-03     -485.703E-09  
                9.15536E-03     -487.934E-09  
                9.16E-03        -487.681E-09  
                9.16614E-03     -480.798E-09  
                9.17229E-03     -466.753E-09  
                9.17536E-03     -457.172E-09  
                9.18307E-03     -426.099E-09  
                9.18614E-03     -411.131E-09  
                9.19229E-03     -377.202E-09  
                9.19536E-03     -358.416E-09  
                9.2E-03         -327.967E-09  
                9.20614E-03     -284.433E-09  
                9.21229E-03     -237.924E-09  
                9.21536E-03     -213.81E-09   
                9.22E-03        -176.561E-09  
                9.22614E-03     -126.353E-09  
                9.23229E-03      -75.8278E-09 
                9.23536E-03      -50.6903E-09 
                9.24E-03         -13.1263E-09 
                9.24614E-03       35.3185E-09 
                9.25229E-03       81.7082E-09 
                9.25536E-03      103.936E-09  
                9.26E-03         136.11E-09   
                9.26614E-03      175.681E-09  
                9.27229E-03      211.425E-09  
                9.27536E-03      227.733E-09  
                9.28E-03         250.273E-09  
                9.28614E-03      276.021E-09  
                9.29229E-03      296.92E-09   
                9.29536E-03      305.497E-09  
                9.3E-03          316.052E-09  
                9.30614E-03      325.538E-09  
                9.31229E-03      329.943E-09  
                9.31536E-03      330.263E-09  
                9.32307E-03      325.667E-09  
                9.32614E-03      321.762E-09  
                9.33228E-03      310.574E-09  
                9.33536E-03      303.368E-09  
                9.34E-03         290.552E-09  
                9.34614E-03      270.315E-09  
                9.35229E-03      246.734E-09  
                9.35536E-03      233.834E-09  
                9.36E-03         213.109E-09  
                9.36614E-03      183.754E-09  
                9.37229E-03      152.689E-09  
                9.37536E-03      136.684E-09  
                9.38E-03         112.086E-09  
                9.38614E-03       79.147E-09  
                9.39229E-03       46.2347E-09 
                9.39536E-03       29.9479E-09 
                9.4E-03            5.71613E-09
                9.40614E-03      -25.3321E-09 
                9.41229E-03      -54.8527E-09 
                9.41536E-03      -68.9184E-09 
                9.42E-03         -89.1763E-09 
                9.42614E-03     -113.93E-09   
                9.43229E-03     -136.123E-09  
                9.43536E-03     -146.187E-09  
                9.44307E-03     -168.252E-09  
                9.44614E-03     -175.726E-09  
                9.45228E-03     -188.364E-09  
                9.45536E-03     -193.513E-09  
                9.46E-03        -199.806E-09  
                9.46614E-03     -205.384E-09  
                9.47229E-03     -207.875E-09  
                9.47536E-03     -207.982E-09  
                9.48E-03        -206.735E-09  
                9.48614E-03     -202.563E-09  
                9.49229E-03     -195.652E-09  
                9.49536E-03     -191.221E-09  
                9.5E-03         -183.355E-09  
                9.50614E-03     -170.926E-09  
                9.51229E-03     -156.401E-09  
                9.51536E-03     -148.43E-09   
                9.52E-03        -135.578E-09  
                9.52614E-03     -117.271E-09  
                9.53229E-03      -97.7365E-09 
                9.53536E-03      -87.6047E-09 
                9.54E-03         -71.9396E-09 
                9.54614E-03      -50.767E-09  
                9.55229E-03      -29.3626E-09 
                9.55536E-03      -18.6733E-09 
                9.56307E-03        7.81584E-09
                9.56614E-03       18.1353E-09 
                9.57229E-03       38.1822E-09 
                9.57536E-03       47.8428E-09 
                9.58E-03          61.8975E-09 
                9.58614E-03       79.3244E-09 
                9.59229E-03       95.2453E-09 
                9.59536E-03      102.581E-09  
                9.6E-03          112.821E-09  
                9.60614E-03      124.724E-09  
                9.61229E-03      134.66E-09   
                9.61536E-03      138.866E-09  
                9.62E-03         144.238E-09  
                9.62614E-03      149.508E-09  
                9.63229E-03      152.682E-09  
                9.63536E-03      153.488E-09  
                9.64E-03         153.731E-09  
                9.64614E-03      152.284E-09  
                9.65229E-03      148.882E-09  
                9.65536E-03      146.476E-09  
                9.66E-03         141.983E-09  
                9.66614E-03      134.524E-09  
                9.67229E-03      125.445E-09  
                9.67536E-03      120.342E-09  
                9.68307E-03      106.025E-09  
                9.68614E-03       99.7682E-09 
                9.69229E-03       86.4246E-09 
                9.69536E-03       79.3818E-09 
                9.7E-03           68.334E-09  
                9.70614E-03       53.0935E-09 
                9.71229E-03       37.3155E-09 
                9.71536E-03       29.2924E-09 
                9.72E-03          17.0733E-09 
                9.72614E-03      876.884E-12  
                9.73229E-03      -15.1579E-09 
                9.73536E-03      -23.0427E-09 
                9.74E-03         -34.7128E-09 
                9.74614E-03      -49.5501E-09 
                9.75229E-03      -63.5089E-09 
                9.75536E-03      -70.0933E-09 
                9.76E-03         -79.4774E-09 
                9.76614E-03      -90.7197E-09 
                9.77229E-03     -100.475E-09  
                9.77536E-03     -104.749E-09  
                9.78E-03        -110.404E-09  
                9.78614E-03     -116.323E-09  
                9.79229E-03     -120.386E-09  
                9.79536E-03     -121.706E-09  
                9.8E-03         -122.794E-09  
                9.80614E-03     -122.545E-09  
                9.81229E-03     -120.39E-09   
                9.81536E-03     -118.614E-09  
                9.82E-03        -115.073E-09  
                9.82614E-03     -108.86E-09   
                9.83228E-03     -101.E-09     
                9.83536E-03      -96.4955E-09 
                9.84E-03         -89.0139E-09 
                9.84614E-03      -77.977E-09  
                9.85229E-03      -65.7938E-09 
                9.85536E-03      -59.3325E-09 
                9.86E-03         -49.1705E-09 
                9.86614E-03      -35.1188E-09 
                9.87229E-03      -20.5631E-09 
                9.87536E-03      -13.1638E-09 
                9.88E-03          -1.90199E-09
                9.88614E-03       12.998E-09  
                9.89229E-03       27.7025E-09 
                9.89536E-03       34.9138E-09 
                9.9E-03           45.5615E-09 
                9.90614E-03       59.0402E-09 
                9.91229E-03       71.638E-09  
                9.91536E-03       77.5459E-09 
                9.92E-03          85.917E-09  
                9.92614E-03       95.8359E-09 
                9.93229E-03      104.283E-09  
                9.93536E-03      107.911E-09  
                9.94E-03         112.594E-09  
                9.94614E-03      117.236E-09  
                9.95229E-03      120.017E-09  
                9.95536E-03      120.691E-09  
                9.96E-03         120.794E-09  
                9.96614E-03      119.22E-09   
                9.97229E-03      115.709E-09  
                9.97536E-03      113.243E-09  
                9.98E-03         108.647E-09  
                9.98614E-03      101.022E-09  
                9.99229E-03       91.7573E-09 
                9.99536E-03       86.5612E-09 
               10.E-03            78.0596E-09 





                  X               _temp_1     

                0.                 0.         
                6.14249E-06     -617.262E-09  
               12.285E-06         -2.46241E-06
               15.3562E-06        -3.44279E-06
               20.E-06            -5.14075E-06
               26.1425E-06        -6.7728E-06 
               32.285E-06         -8.21814E-06
               35.3562E-06        -8.77983E-06
               40.E-06            -9.91567E-06
               46.1425E-06       -11.2951E-06 
               52.285E-06        -13.0435E-06 
               55.3562E-06       -13.8502E-06 
               60.E-06           -15.3076E-06 
               66.1425E-06       -16.8477E-06 
               72.285E-06        -18.4565E-06 
               75.3562E-06       -19.1489E-06 
               80.E-06           -20.4677E-06 
               86.1425E-06       -22.0033E-06 
               92.285E-06        -23.7981E-06 
               95.3562E-06       -24.6148E-06 
              100.E-06           -26.0933E-06 
              106.142E-06        -27.7227E-06 
              112.285E-06        -29.4511E-06 
              115.356E-06        -30.1963E-06 
              120.E-06           -31.5439E-06 
              126.142E-06        -33.022E-06  
              132.285E-06        -34.639E-06  
              135.356E-06        -35.3445E-06 
              140.E-06           -36.6348E-06 
              146.142E-06        -38.0494E-06 
              152.285E-06        -39.6005E-06 
              155.356E-06        -40.2768E-06 
              160.E-06           -41.5156E-06 
              166.142E-06        -42.859E-06  
              172.285E-06        -44.3017E-06 
              175.356E-06        -44.9096E-06 
              183.071E-06        -46.5771E-06 
              186.142E-06        -47.1757E-06 
              192.285E-06        -48.4403E-06 
              195.356E-06        -48.9789E-06 
              200.E-06           -50.0014E-06 
              206.142E-06        -51.1106E-06 
              212.285E-06        -52.3611E-06 
              215.356E-06        -52.9028E-06 
              220.E-06           -53.9196E-06 
              226.142E-06        -55.0223E-06 
              232.285E-06        -56.2468E-06 
              235.356E-06        -56.7768E-06 
              240.E-06           -57.7648E-06 
              246.142E-06        -58.8427E-06 
              252.285E-06        -60.0336E-06 
              255.356E-06        -60.5486E-06 
              260.E-06           -61.4977E-06 
              266.142E-06        -62.5258E-06 
              272.285E-06        -63.6475E-06 
              275.356E-06        -64.1293E-06 
              280.E-06           -65.0141E-06 
              286.142E-06        -65.9697E-06 
              292.285E-06        -67.0123E-06 
              295.356E-06        -67.4612E-06 
              300.E-06           -68.2877E-06 
              306.142E-06        -69.1925E-06 
              312.285E-06        -70.1935E-06 
              315.356E-06        -70.6342E-06 
              320.E-06           -71.4435E-06 
              326.142E-06        -72.35E-06   
              332.285E-06        -73.3408E-06 
              335.356E-06        -73.7749E-06 
              340.E-06           -74.5465E-06 
              346.142E-06        -75.3853E-06 
              352.285E-06        -76.2576E-06 
              355.356E-06        -76.6242E-06 
              363.071E-06        -77.5982E-06 
              366.142E-06        -77.9407E-06 
              372.285E-06        -78.6438E-06 
              375.356E-06        -78.939E-06  
              380.E-06           -79.472E-06  
              386.142E-06        -80.0442E-06 
              392.285E-06        -80.6601E-06 
              395.356E-06        -80.9225E-06 
              400.E-06           -81.3908E-06 
              406.142E-06        -81.8833E-06 
              412.285E-06        -82.3831E-06 
              415.356E-06        -82.5809E-06 
              420.E-06           -82.9198E-06 
              426.142E-06        -83.2333E-06 
              432.285E-06        -83.5241E-06 
              435.356E-06        -83.6208E-06 
              440.E-06           -83.7934E-06 
              446.142E-06        -83.918E-06  
              452.285E-06        -84.0343E-06 
              455.356E-06        -84.0619E-06 
              460.E-06           -84.1302E-06 
              466.142E-06        -84.166E-06  
              472.285E-06        -84.2148E-06 
              475.356E-06        -84.2253E-06 
              480.E-06           -84.2618E-06 
              486.142E-06        -84.2861E-06 
              492.285E-06        -84.3158E-06 
              495.356E-06        -84.3209E-06 
              500.E-06           -84.327E-06  
              506.143E-06        -84.3138E-06 
              512.285E-06        -84.275E-06  
              515.356E-06        -84.2454E-06 
              520.E-06           -84.1767E-06 
              526.143E-06        -84.0788E-06 
              532.285E-06        -83.95E-06   
              535.356E-06        -83.8873E-06 
              540.E-06           -83.7626E-06 
              546.143E-06        -83.6304E-06 
              552.285E-06        -83.4782E-06 
              555.356E-06        -83.4159E-06 
              560.E-06           -83.2785E-06 
              566.143E-06        -83.143E-06  
              572.285E-06        -82.9569E-06 
              575.356E-06        -82.8722E-06 
              580.E-06           -82.6669E-06 
              586.143E-06        -82.4235E-06 
              592.285E-06        -82.0786E-06 
              595.356E-06        -81.9079E-06 
              600.E-06           -81.5448E-06 
              606.143E-06        -81.0973E-06 
              612.285E-06        -80.5364E-06 
              615.356E-06        -80.2676E-06 
              620.E-06           -79.7498E-06 
              626.143E-06        -79.1371E-06 
              632.285E-06        -78.4288E-06 
              635.356E-06        -78.1026E-06 
              640.E-06           -77.4939E-06 
              646.143E-06        -76.7932E-06 
              652.285E-06        -75.9948E-06 
              655.356E-06        -75.6289E-06 
              660.E-06           -74.9417E-06 
              666.143E-06        -74.1421E-06 
              672.285E-06        -73.2184E-06 
              675.356E-06        -72.7895E-06 
              680.E-06           -71.9871E-06 
              686.143E-06        -71.0457E-06 
              692.285E-06        -69.9738E-06 
              695.356E-06        -69.4808E-06 
              700.E-06           -68.5774E-06 
              706.142E-06        -67.5407E-06 
              712.285E-06        -66.3943E-06 
              715.356E-06        -65.8807E-06 
              723.071E-06        -64.4453E-06 
              726.142E-06        -63.9027E-06 
              732.285E-06        -62.7551E-06 
              735.356E-06        -62.2481E-06 
              740.E-06           -61.3107E-06 
              746.143E-06        -60.2713E-06 
              752.285E-06        -59.1077E-06 
              755.356E-06        -58.5923E-06 
              760.E-06           -57.6244E-06 
              766.143E-06        -56.5492E-06 
              772.285E-06        -55.3361E-06 
              775.356E-06        -54.8003E-06 
              783.071E-06        -53.2634E-06 
              786.142E-06        -52.6822E-06 
              792.285E-06        -51.436E-06  
              795.356E-06        -50.8911E-06 
              800.E-06           -49.862E-06  
              806.143E-06        -48.7387E-06 
              812.285E-06        -47.4699E-06 
              815.356E-06        -46.9144E-06 
              820.E-06           -45.854E-06  
              826.143E-06        -44.685E-06  
              832.285E-06        -43.3445E-06 
              835.356E-06        -42.7491E-06 
              840.E-06           -41.6105E-06 
              846.143E-06        -40.3333E-06 
              852.285E-06        -38.8676E-06 
              855.356E-06        -38.2105E-06 
              860.E-06           -36.9704E-06 
              866.143E-06        -35.5707E-06 
              872.285E-06        -33.9859E-06 
              875.356E-06        -33.2764E-06 
              880.E-06           -31.9565E-06 
              886.143E-06        -30.4708E-06 
              892.285E-06        -28.8083E-06 
              895.356E-06        -28.0669E-06 
              900.E-06           -26.6973E-06 
              906.143E-06        -25.1595E-06 
              912.285E-06        -23.4476E-06 
              915.356E-06        -22.6854E-06 
              920.E-06           -21.2818E-06 
              926.143E-06        -19.7082E-06 
              932.285E-06        -17.9625E-06 
              935.356E-06        -17.1876E-06 
              940.E-06           -15.7643E-06 
              946.143E-06        -14.1768E-06 
              952.285E-06        -12.4251E-06 
              955.356E-06        -11.6526E-06 
              960.E-06           -10.2358E-06 
              966.143E-06         -8.66984E-06
              972.285E-06         -6.94825E-06
              975.356E-06         -6.19514E-06
              980.E-06            -4.80896E-06
              986.143E-06         -3.28964E-06
              992.285E-06         -1.61569E-06
              995.356E-06       -886.851E-09  
                1.E-03           464.449E-09  
                1.00614E-03        1.3226E-06 
                1.01229E-03        1.1123E-06 
                1.01536E-03      842.78E-09   
                1.02E-03         470.948E-09  
                1.02614E-03      284.857E-09  
                1.03229E-03      447.875E-09  
                1.03536E-03      584.983E-09  
                1.04E-03         756.884E-09  
                1.04614E-03      802.594E-09  
                1.05229E-03      643.059E-09  
                1.05536E-03      527.269E-09  
                1.06E-03         365.38E-09   
                1.06614E-03      241.161E-09  
                1.07229E-03      216.152E-09  
                1.07536E-03      215.54E-09   
                1.08E-03         193.432E-09  
                1.08614E-03       84.3749E-09 
                1.09229E-03     -113.606E-09  
                1.09536E-03     -229.674E-09  
                1.1E-03         -401.727E-09  
                1.10614E-03     -587.793E-09  
                1.11229E-03     -709.47E-09   
                1.11536E-03     -749.417E-09  
                1.12E-03        -792.034E-09  
                1.12614E-03     -829.26E-09   
                1.13229E-03     -853.365E-09  
                1.13536E-03     -860.826E-09  
                1.14E-03        -865.744E-09  
                1.14614E-03     -861.505E-09  
                1.15228E-03     -847.979E-09  
                1.15536E-03     -837.844E-09  
                1.16E-03        -815.643E-09  
                1.16614E-03     -763.508E-09  
                1.17229E-03     -669.514E-09  
                1.17536E-03     -602.636E-09  
                1.18307E-03     -377.518E-09  
                1.18614E-03     -270.523E-09  
                1.19228E-03      -44.2674E-09 
                1.19536E-03       67.9649E-09 
                1.2E-03          228.152E-09  
                1.20614E-03      412.741E-09  
                1.21229E-03      561.734E-09  
                1.21536E-03      623.51E-09   
                1.22E-03         702.333E-09  
                1.22614E-03      781.239E-09  
                1.23229E-03      831.542E-09  
                1.23536E-03      845.922E-09  
                1.24E-03         854.34E-09   
                1.24614E-03      843.123E-09  
                1.25229E-03      811.966E-09  
                1.25536E-03      791.353E-09  
                1.26E-03         756.436E-09  
                1.26614E-03      707.063E-09  
                1.27229E-03      657.067E-09  
                1.27536E-03      632.23E-09   
                1.28E-03         594.731E-09  
                1.28614E-03      544.458E-09  
                1.29229E-03      491.127E-09  
                1.29536E-03      461.859E-09  
                1.3E-03          411.995E-09  
                1.30614E-03      330.907E-09  
                1.31229E-03      226.434E-09  
                1.31536E-03      163.794E-09  
                1.32E-03          55.539E-09  
                1.32614E-03     -109.185E-09  
                1.33229E-03     -288.655E-09  
                1.33536E-03     -379.324E-09  
                1.34E-03        -511.518E-09  
                1.34614E-03     -665.82E-09   
                1.35229E-03     -784.27E-09   
                1.35536E-03     -827.583E-09  
                1.36E-03        -872.426E-09  
                1.36614E-03     -896.797E-09  
                1.37229E-03     -890.185E-09  
                1.37536E-03     -879.283E-09  
                1.38E-03        -857.759E-09  
                1.38614E-03     -827.007E-09  
                1.39229E-03     -799.154E-09  
                1.39536E-03     -786.545E-09  
                1.4E-03         -767.544E-09  
                1.40614E-03     -737.27E-09   
                1.41228E-03     -692.422E-09  
                1.41536E-03     -661.396E-09  
                1.42E-03        -600.714E-09  
                1.42614E-03     -492.225E-09  
                1.43229E-03     -351.312E-09  
                1.43536E-03     -269.608E-09  
                1.44307E-03      -38.2176E-09 
                1.44614E-03       60.8746E-09 
                1.45228E-03      263.477E-09  
                1.45536E-03      364.E-09     
                1.46E-03         510.833E-09  
                1.46614E-03      687.869E-09  
                1.47229E-03      836.496E-09  
                1.47536E-03      897.963E-09  
                1.48E-03         973.16E-09   
                1.48614E-03        1.03913E-06
                1.49229E-03        1.06893E-06
                1.49536E-03        1.07184E-06
                1.5E-03            1.06347E-06
                1.50614E-03        1.03382E-06
                1.51229E-03      988.971E-09  
                1.51536E-03      962.27E-09   
                1.52E-03         917.05E-09   
                1.52614E-03      847.47E-09   
                1.53228E-03      763.292E-09  
                1.53536E-03      713.885E-09  
                1.54E-03         627.693E-09  
                1.54614E-03      489.49E-09   
                1.55229E-03      322.246E-09  
                1.55536E-03      228.227E-09  
                1.56307E-03      -32.0185E-09 
                1.56614E-03     -141.549E-09  
                1.57228E-03     -361.871E-09  
                1.57536E-03     -469.017E-09  
                1.58E-03        -622.112E-09  
                1.58614E-03     -799.217E-09  
                1.59229E-03     -937.931E-09  
                1.59536E-03     -990.906E-09  
                1.6E-03           -1.04947E-06
                1.60614E-03       -1.08816E-06
                1.61229E-03       -1.08726E-06
                1.61536E-03       -1.07443E-06
                1.62E-03          -1.04265E-06
                1.62614E-03     -984.029E-09  
                1.63229E-03     -914.084E-09  
                1.63536E-03     -876.871E-09  
                1.64E-03        -819.053E-09  
                1.64614E-03     -740.336E-09  
                1.65229E-03     -657.466E-09  
                1.65536E-03     -613.16E-09   
                1.66E-03        -540.568E-09  
                1.66614E-03     -430.742E-09  
                1.67229E-03     -301.551E-09  
                1.67536E-03     -228.948E-09  
                1.68E-03        -109.207E-09  
                1.68614E-03       64.7205E-09 
                1.69229E-03      249.727E-09  
                1.69536E-03      343.465E-09  
                1.7E-03          482.872E-09  
                1.70614E-03      655.082E-09  
                1.71229E-03      803.584E-09  
                1.71536E-03      866.283E-09  
                1.72E-03         944.398E-09  
                1.72614E-03        1.01496E-06
                1.73229E-03        1.04852E-06
                1.73536E-03        1.05248E-06
                1.74E-03           1.04414E-06
                1.74614E-03        1.01096E-06
                1.75229E-03      958.497E-09  
                1.75536E-03      926.857E-09  
                1.76E-03         873.684E-09  
                1.76614E-03      795.207E-09  
                1.77229E-03      708.02E-09   
                1.77536E-03      660.762E-09  
                1.78E-03         583.773E-09  
                1.78614E-03      469.967E-09  
                1.79228E-03      340.543E-09  
                1.79536E-03      269.507E-09  
                1.8E-03          154.169E-09  
                1.80614E-03      -11.2069E-09 
                1.81229E-03     -186.763E-09  
                1.81536E-03     -276.354E-09  
                1.82307E-03     -498.528E-09  
                1.82614E-03     -582.695E-09  
                1.83228E-03     -737.713E-09  
                1.83536E-03     -806.54E-09   
                1.84E-03        -897.199E-09  
                1.84614E-03     -988.805E-09  
                1.85229E-03       -1.04533E-06
                1.85536E-03       -1.0602E-06 
                1.86E-03          -1.06619E-06
                1.86614E-03       -1.04538E-06
                1.87229E-03     -995.373E-09  
                1.87536E-03     -960.888E-09  
                1.88E-03        -898.465E-09  
                1.88614E-03     -800.074E-09  
                1.89229E-03     -687.557E-09  
                1.89536E-03     -627.131E-09  
                1.9E-03         -531.506E-09  
                1.90614E-03     -398.843E-09  
                1.91229E-03     -261.036E-09  
                1.91536E-03     -190.69E-09   
                1.92E-03         -83.0202E-09 
                1.92614E-03       60.4542E-09 
                1.93229E-03      202.994E-09  
                1.93536E-03      273.162E-09  
                1.94E-03         376.84E-09   
                1.94614E-03      507.006E-09  
                1.95229E-03      625.613E-09  
                1.95536E-03      679.424E-09  
                1.96E-03         752.551E-09  
                1.96614E-03      831.639E-09  
                1.97229E-03      887.967E-09  
                1.97536E-03      907.024E-09  
                1.98E-03         923.967E-09  
                1.98614E-03      924.29E-09   
                1.99229E-03      900.102E-09  
                1.99536E-03      879.35E-09   
                2.E-03           837.816E-09  
                2.00614E-03      765.89E-09   
                2.01229E-03      677.228E-09  
                2.01536E-03      627.539E-09  
                2.02E-03         546.609E-09  
                2.02614E-03      430.724E-09  
                2.03228E-03      307.197E-09  
                2.03536E-03      243.305E-09  
                2.04E-03         144.814E-09  
                2.04614E-03       12.8882E-09 
                2.05228E-03     -118.278E-09  
                2.05536E-03     -182.718E-09  
                2.06E-03        -277.659E-09  
                2.06614E-03     -396.263E-09  
                2.07228E-03     -503.725E-09  
                2.07536E-03     -552.354E-09  
                2.08E-03        -618.487E-09  
                2.08614E-03     -690.609E-09  
                2.09229E-03     -743.633E-09  
                2.09536E-03     -762.783E-09  
                2.1E-03         -782.463E-09  
                2.10614E-03     -791.764E-09  
                2.11228E-03     -783.144E-09  
                2.11536E-03     -772.705E-09  
                2.12E-03        -749.869E-09  
                2.12614E-03     -707.89E-09   
                2.13228E-03     -653.964E-09  
                2.13536E-03     -622.905E-09  
                2.14307E-03     -533.45E-09   
                2.14614E-03     -493.447E-09  
                2.15228E-03     -405.841E-09  
                2.15536E-03     -358.201E-09  
                2.16E-03        -281.266E-09  
                2.16614E-03     -170.883E-09  
                2.17229E-03      -51.8815E-09 
                2.17536E-03       10.2737E-09 
                2.18E-03         106.632E-09  
                2.18614E-03      235.696E-09  
                2.19229E-03      362.166E-09  
                2.19536E-03      422.856E-09  
                2.2E-03          509.535E-09  
                2.20614E-03      611.14E-09   
                2.21229E-03      693.505E-09  
                2.21536E-03      726.361E-09  
                2.22E-03         764.648E-09  
                2.22614E-03      793.349E-09  
                2.23229E-03      797.145E-09  
                2.23536E-03      790.215E-09  
                2.24E-03         769.506E-09  
                2.24614E-03      725.447E-09  
                2.25229E-03      665.837E-09  
                2.25536E-03      631.436E-09  
                2.26E-03         574.882E-09  
                2.26614E-03      493.816E-09  
                2.27228E-03      407.85E-09   
                2.27536E-03      363.521E-09  
                2.28E-03         295.054E-09  
                2.28614E-03      202.111E-09  
                2.29228E-03      106.487E-09  
                2.29536E-03       57.5488E-09 
                2.3E-03          -17.9704E-09 
                2.30614E-03     -120.293E-09  
                2.31229E-03     -224.314E-09  
                2.31536E-03     -276.474E-09  
                2.32E-03        -354.681E-09  
                2.32614E-03     -454.544E-09  
                2.33228E-03     -546.626E-09  
                2.33536E-03     -588.485E-09  
                2.34E-03        -645.017E-09  
                2.34614E-03     -704.535E-09  
                2.35228E-03     -743.518E-09  
                2.35536E-03     -754.582E-09  
                2.36307E-03     -756.461E-09  
                2.36614E-03     -746.848E-09  
                2.37228E-03     -710.787E-09  
                2.37536E-03     -684.915E-09  
                2.38E-03        -636.935E-09  
                2.38614E-03     -559.598E-09  
                2.39229E-03     -470.139E-09  
                2.39536E-03     -422.128E-09  
                2.4E-03         -346.708E-09  
                2.40614E-03     -244.101E-09  
                2.41228E-03     -140.943E-09  
                2.41536E-03      -89.8069E-09 
                2.42307E-03       35.9705E-09 
                2.42614E-03       84.468E-09  
                2.43228E-03      178.421E-09  
                2.43536E-03      223.75E-09   
                2.44E-03         290.066E-09  
                2.44614E-03      373.038E-09  
                2.45229E-03      449.533E-09  
                2.45536E-03      484.993E-09  
                2.46E-03         534.549E-09  
                2.46614E-03      591.201E-09  
                2.47229E-03      635.75E-09   
                2.47536E-03      652.89E-09   
                2.48E-03         671.667E-09  
                2.48614E-03      682.206E-09  
                2.49229E-03      675.39E-09   
                2.49536E-03      665.316E-09  
                2.5E-03          641.657E-09  
                2.50614E-03      595.243E-09  
                2.51228E-03      532.771E-09  
                2.51536E-03      496.072E-09  
                2.52E-03         434.44E-09   
                2.52614E-03      343.407E-09  
                2.53229E-03      244.246E-09  
                2.53536E-03      192.539E-09  
                2.54E-03         112.714E-09  
                2.54614E-03        6.26093E-09
                2.55229E-03      -98.3497E-09 
                2.55536E-03     -149.138E-09  
                2.56E-03        -223.157E-09  
                2.56614E-03     -314.267E-09  
                2.57228E-03     -395.665E-09  
                2.57536E-03     -432.252E-09  
                2.58E-03        -481.946E-09  
                2.58614E-03     -536.507E-09  
                2.59228E-03     -577.612E-09  
                2.59536E-03     -593.052E-09  
                2.6E-03         -609.925E-09  
                2.60614E-03     -620.289E-09  
                2.61229E-03     -617.211E-09  
                2.61536E-03     -610.776E-09  
                2.62E-03        -595.009E-09  
                2.62614E-03     -563.305E-09  
                2.63229E-03     -519.693E-09  
                2.63536E-03     -493.588E-09  
                2.64E-03        -448.867E-09  
                2.64614E-03     -380.559E-09  
                2.65228E-03     -302.753E-09  
                2.65536E-03     -260.643E-09  
                2.66307E-03     -146.941E-09  
                2.66614E-03      -99.3057E-09 
                2.67228E-03       -1.50727E-09
                2.67536E-03       47.9851E-09 
                2.68E-03         122.579E-09  
                2.68614E-03      218.563E-09  
                2.69229E-03      308.457E-09  
                2.69536E-03      350.203E-09  
                2.7E-03          408.317E-09  
                2.70614E-03      474.196E-09  
                2.71229E-03      525.727E-09  
                2.71536E-03      545.761E-09  
                2.72E-03         568.623E-09  
                2.72614E-03      585.093E-09  
                2.73229E-03      586.38E-09   
                2.73536E-03      581.713E-09  
                2.74E-03         568.471E-09  
                2.74614E-03      540.633E-09  
                2.75229E-03      502.588E-09  
                2.75536E-03      480.26E-09   
                2.76E-03         442.813E-09  
                2.76614E-03      387.316E-09  
                2.77229E-03      325.915E-09  
                2.77536E-03      293.197E-09  
                2.78E-03         241.319E-09  
                2.78614E-03      168.623E-09  
                2.79228E-03       91.8367E-09 
                2.79536E-03       52.0768E-09 
                2.8E-03           -9.49238E-09
                2.80614E-03      -92.6517E-09 
                2.81228E-03     -176.128E-09  
                2.81536E-03     -217.391E-09  
                2.82E-03        -278.386E-09  
                2.82614E-03     -354.626E-09  
                2.83228E-03     -423.214E-09  
                2.83536E-03     -453.842E-09  
                2.84E-03        -494.667E-09  
                2.84614E-03     -537.003E-09  
                2.85229E-03     -564.442E-09  
                2.85536E-03     -572.255E-09  
                2.86E-03        -576.427E-09  
                2.86614E-03     -567.865E-09  
                2.87228E-03     -543.857E-09  
                2.87536E-03     -526.451E-09  
                2.88307E-03     -468.527E-09  
                2.88614E-03     -440.492E-09  
                2.89228E-03     -377.357E-09  
                2.89536E-03     -342.801E-09  
                2.9E-03         -287.5E-09    
                2.90614E-03     -210.156E-09  
                2.91229E-03     -129.845E-09  
                2.91536E-03      -89.0923E-09 
                2.92E-03         -27.2382E-09 
                2.92614E-03       53.9372E-09 
                2.93229E-03      133.009E-09  
                2.93536E-03      171.378E-09  
                2.94307E-03      263.098E-09  
                2.94614E-03      297.173E-09  
                2.95228E-03      360.289E-09  
                2.95536E-03      388.979E-09  
                2.96E-03         428.258E-09  
                2.96614E-03      471.605E-09  
                2.97229E-03      503.877E-09  
                2.97536E-03      515.54E-09   
                2.98E-03         527.216E-09  
                2.98614E-03      531.19E-09   
                2.99229E-03      521.808E-09  
                2.99536E-03      512.158E-09  
                3.E-03           491.461E-09  
                3.00614E-03      453.378E-09  
                3.01228E-03      404.192E-09  
                3.01536E-03      375.901E-09  
                3.02E-03         329.036E-09  
                3.02614E-03      260.816E-09  
                3.03228E-03      187.383E-09  
                3.03536E-03      149.327E-09  
                3.04E-03          90.7681E-09 
                3.04614E-03       12.8189E-09 
                3.05228E-03      -63.9169E-09 
                3.05536E-03     -101.333E-09  
                3.06E-03        -156.198E-09  
                3.06614E-03     -224.551E-09  
                3.07229E-03     -286.826E-09  
                3.07536E-03     -315.367E-09  
                3.08E-03        -354.915E-09  
                3.08614E-03     -399.857E-09  
                3.09228E-03     -435.568E-09  
                3.09536E-03     -449.781E-09  
                3.1E-03         -466.479E-09  
                3.10614E-03     -479.343E-09  
                3.11228E-03     -481.35E-09   
                3.11536E-03     -478.254E-09  
                3.12307E-03     -458.487E-09  
                3.12614E-03     -445.916E-09  
                3.13228E-03     -413.053E-09  
                3.13536E-03     -392.928E-09  
                3.14E-03        -358.104E-09  
                3.14614E-03     -304.67E-09   
                3.15229E-03     -244.024E-09  
                3.15536E-03     -211.426E-09  
                3.16E-03        -159.785E-09  
                3.16614E-03      -88.3495E-09 
                3.17228E-03      -15.0732E-09 
                3.17536E-03       21.7121E-09 
                3.18307E-03      112.789E-09  
                3.18614E-03      147.798E-09  
                3.19228E-03      214.58E-09   
                3.19536E-03      245.952E-09  
                3.2E-03          290.341E-09  
                3.20614E-03      342.426E-09  
                3.21229E-03      385.816E-09  
                3.21536E-03      403.993E-09  
                3.22E-03         426.805E-09  
                3.22614E-03      447.947E-09  
                3.23229E-03      458.49E-09   
                3.23536E-03      459.796E-09  
                3.24E-03         456.813E-09  
                3.24614E-03      443.899E-09  
                3.25229E-03      421.181E-09  
                3.25536E-03      406.344E-09  
                3.26E-03         379.753E-09  
                3.26614E-03      337.476E-09  
                3.27228E-03      287.966E-09  
                3.27536E-03      260.796E-09  
                3.28E-03         217.002E-09  
                3.28614E-03      154.903E-09  
                3.29229E-03       89.2462E-09 
                3.29536E-03       55.4655E-09 
                3.3E-03            3.63961E-09
                3.30614E-03      -65.2125E-09 
                3.31228E-03     -132.885E-09  
                3.31536E-03     -165.812E-09  
                3.32E-03        -213.909E-09  
                3.32614E-03     -273.221E-09  
                3.33228E-03     -326.081E-09  
                3.33536E-03     -349.661E-09  
                3.34E-03        -381.262E-09  
                3.34614E-03     -414.717E-09  
                3.35228E-03     -437.727E-09  
                3.35536E-03     -445.127E-09  
                3.36E-03        -450.986E-09  
                3.36614E-03     -448.769E-09  
                3.37229E-03     -435.311E-09  
                3.37536E-03     -424.513E-09  
                3.38E-03        -403.274E-09  
                3.38614E-03     -366.729E-09  
                3.39228E-03     -321.577E-09  
                3.39536E-03     -296.16E-09   
                3.4E-03         -254.595E-09  
                3.40614E-03     -194.853E-09  
                3.41228E-03     -131.126E-09  
                3.41536E-03      -98.2227E-09 
                3.42307E-03      -13.969E-09  
                3.42614E-03       19.6053E-09 
                3.43228E-03       85.8703E-09 
                3.43536E-03      118.206E-09  
                3.44E-03         165.635E-09  
                3.44614E-03      224.671E-09  
                3.45229E-03      278.234E-09  
                3.45536E-03      302.627E-09  
                3.46E-03         336.127E-09  
                3.46614E-03      373.453E-09  
                3.47229E-03      401.96E-09   
                3.47536E-03      412.711E-09  
                3.48E-03         424.354E-09  
                3.48614E-03      430.939E-09  
                3.49229E-03      427.275E-09  
                3.49536E-03      421.619E-09  
                3.5E-03          408.303E-09  
                3.50614E-03      382.182E-09  
                3.51229E-03      346.953E-09  
                3.51536E-03      326.179E-09  
                3.52E-03         291.111E-09  
                3.52614E-03      238.791E-09  
                3.53229E-03      180.954E-09  
                3.53536E-03      150.393E-09  
                3.54E-03         102.609E-09  
                3.54614E-03       37.6079E-09 
                3.55228E-03      -27.91E-09   
                3.55536E-03      -60.3973E-09 
                3.56E-03        -108.66E-09   
                3.56614E-03     -169.827E-09  
                3.57228E-03     -226.559E-09  
                3.57536E-03     -252.881E-09  
                3.58E-03        -289.697E-09  
                3.58614E-03     -332.07E-09   
                3.59229E-03     -366.288E-09  
                3.59536E-03     -380.114E-09  
                3.6E-03         -396.653E-09  
                3.60614E-03     -410.079E-09  
                3.61228E-03     -413.531E-09  
                3.61536E-03     -411.488E-09  
                3.62E-03        -403.643E-09  
                3.62614E-03     -384.625E-09  
                3.63228E-03     -356.15E-09   
                3.63536E-03     -338.565E-09  
                3.64307E-03     -285.391E-09  
                3.64614E-03     -261.034E-09  
                3.65228E-03     -207.693E-09  
                3.65536E-03     -179.057E-09  
                3.66E-03        -133.784E-09  
                3.66614E-03      -71.4108E-09 
                3.67229E-03       -7.82148E-09
                3.67536E-03       23.915E-09  
                3.68E-03          71.2548E-09 
                3.68614E-03      131.497E-09  
                3.69228E-03      187.543E-09  
                3.69536E-03      213.585E-09  
                3.70307E-03      272.062E-09  
                3.70614E-03      292.161E-09  
                3.71228E-03      326.453E-09  
                3.71536E-03      340.51E-09   
                3.72E-03         357.736E-09  
                3.72614E-03      372.893E-09  
                3.73229E-03      379.282E-09  
                3.73536E-03      379.249E-09  
                3.74E-03         375.214E-09  
                3.74614E-03      362.742E-09  
                3.75229E-03      342.541E-09  
                3.75536E-03      329.712E-09  
                3.76E-03         307.063E-09  
                3.76614E-03      271.549E-09  
                3.77228E-03      230.377E-09  
                3.77536E-03      207.9E-09    
                3.78E-03         171.798E-09  
                3.78614E-03      120.797E-09  
                3.79228E-03       67.0665E-09 
                3.79536E-03       39.494E-09  
                3.8E-03           -2.71294E-09
                3.80614E-03      -58.5951E-09 
                3.81229E-03     -113.29E-09   
                3.81536E-03     -139.809E-09  
                3.82E-03        -178.42E-09   
                3.82614E-03     -225.805E-09  
                3.83229E-03     -267.783E-09  
                3.83536E-03     -286.415E-09  
                3.84E-03        -311.267E-09  
                3.84614E-03     -337.369E-09  
                3.85228E-03     -355.069E-09  
                3.85536E-03     -360.635E-09  
                3.86E-03        -364.802E-09  
                3.86614E-03     -362.383E-09  
                3.87228E-03     -351.012E-09  
                3.87536E-03     -342.08E-09   
                3.88E-03        -324.639E-09  
                3.88614E-03     -294.76E-09   
                3.89229E-03     -257.887E-09  
                3.89536E-03     -237.121E-09  
                3.9E-03         -203.132E-09  
                3.90614E-03     -154.201E-09  
                3.91228E-03     -101.911E-09  
                3.91536E-03      -74.8866E-09 
                3.92E-03         -33.337E-09  
                3.92614E-03       21.9102E-09 
                3.93228E-03       76.2246E-09 
                3.93536E-03      102.653E-09  
                3.94E-03         141.284E-09  
                3.94614E-03      189.026E-09  
                3.95228E-03      231.86E-09   
                3.95535E-03      251.145E-09  
                3.96E-03         277.322E-09  
                3.96614E-03      305.829E-09  
                3.97228E-03      326.752E-09  
                3.97536E-03      334.246E-09  
                3.98E-03         341.733E-09  
                3.98614E-03      344.408E-09  
                3.99228E-03      338.858E-09  
                3.99536E-03      333.076E-09  
                4.E-03           320.654E-09  
                4.00614E-03      297.783E-09  
                4.01228E-03      268.16E-09   
                4.01536E-03      251.055E-09  
                4.02E-03         222.574E-09  
                4.02614E-03      180.751E-09  
                4.03228E-03      135.15E-09   
                4.03536E-03      111.251E-09  
                4.04E-03          74.076E-09  
                4.04614E-03       23.8279E-09 
                4.05228E-03      -26.5743E-09 
                4.05536E-03      -51.5053E-09 
                4.06E-03         -88.5044E-09 
                4.06614E-03     -135.336E-09  
                4.07228E-03     -178.751E-09  
                4.07536E-03     -198.892E-09  
                4.08E-03        -227.068E-09  
                4.08614E-03     -259.461E-09  
                4.09228E-03     -285.548E-09  
                4.09536E-03     -296.044E-09  
                4.1E-03         -308.521E-09  
                4.10614E-03     -318.431E-09  
                4.11228E-03     -320.568E-09  
                4.11536E-03     -318.708E-09  
                4.12E-03        -312.22E-09   
                4.12614E-03     -297.01E-09   
                4.13228E-03     -274.622E-09  
                4.13535E-03     -260.922E-09  
                4.14E-03        -237.276E-09  
                4.14614E-03     -201.216E-09  
                4.15228E-03     -160.622E-09  
                4.15535E-03     -138.95E-09   
                4.16E-03        -104.811E-09  
                4.16614E-03      -57.9954E-09 
                4.17228E-03      -10.4066E-09 
                4.17535E-03       13.334E-09  
                4.18E-03          48.7996E-09 
                4.18614E-03       94.1117E-09 
                4.19228E-03      136.643E-09  
                4.19535E-03      156.61E-09   
                4.2E-03          184.905E-09  
                4.20614E-03      218.261E-09  
                4.21228E-03      246.369E-09  
                4.21535E-03      258.316E-09  
                4.22E-03         273.584E-09  
                4.22614E-03      288.325E-09  
                4.23228E-03      296.578E-09  
                4.23536E-03      298.234E-09  
                4.24E-03         297.588E-09  
                4.24614E-03      290.895E-09  
                4.25228E-03      277.625E-09  
                4.25535E-03      268.592E-09  
                4.26E-03         251.994E-09  
                4.26614E-03      224.925E-09  
                4.27228E-03      192.54E-09   
                4.27535E-03      174.557E-09  
                4.28307E-03      124.887E-09  
                4.28614E-03      103.688E-09  
                4.29228E-03       59.5139E-09 
                4.29535E-03       36.8124E-09 
                4.3E-03            2.0834E-09 
                4.30614E-03      -43.7017E-09 
                4.31228E-03      -88.1698E-09 
                4.31535E-03     -109.565E-09  
                4.32E-03        -140.491E-09  
                4.32614E-03     -177.974E-09  
                4.33228E-03     -210.661E-09  
                4.33535E-03     -224.979E-09  
                4.34307E-03     -254.415E-09  
                4.34614E-03     -263.317E-09  
                4.35228E-03     -276.144E-09  
                4.35535E-03     -280.031E-09  
                4.36E-03        -282.712E-09  
                4.36614E-03     -280.396E-09  
                4.37228E-03     -271.59E-09   
                4.37536E-03     -264.867E-09  
                4.38E-03        -251.909E-09  
                4.38614E-03     -229.97E-09   
                4.39228E-03     -203.086E-09  
                4.39536E-03     -187.98E-09   
                4.4E-03         -163.248E-09  
                4.40614E-03     -127.566E-09  
                4.41228E-03      -89.2113E-09 
                4.41536E-03      -69.2589E-09 
                4.42E-03         -38.3629E-09 
                4.42614E-03        3.19976E-09
                4.43228E-03       44.7185E-09 
                4.43536E-03       65.2042E-09 
                4.44E-03          95.5466E-09 
                4.44614E-03      133.811E-09  
                4.45228E-03      169.075E-09  
                4.45536E-03      185.33E-09   
                4.46E-03         207.898E-09  
                4.46614E-03      233.455E-09  
                4.47228E-03      253.455E-09  
                4.47536E-03      261.21E-09   
                4.48E-03         269.948E-09  
                4.48614E-03      275.735E-09  
                4.49228E-03      274.774E-09  
                4.49536E-03      271.768E-09  
                4.5E-03          264.077E-09  
                4.50614E-03      248.294E-09  
                4.51228E-03      226.524E-09  
                4.51536E-03      213.573E-09  
                4.52E-03         191.602E-09  
                4.52614E-03      158.709E-09  
                4.53228E-03      122.268E-09  
                4.53536E-03      102.996E-09  
                4.54E-03          72.8413E-09 
                4.54614E-03       31.8178E-09 
                4.55228E-03       -9.562E-09  
                4.55536E-03      -30.0998E-09 
                4.56E-03         -60.6569E-09 
                4.56614E-03      -99.475E-09  
                4.57228E-03     -135.641E-09  
                4.57536E-03     -152.503E-09  
                4.58E-03        -176.221E-09  
                4.58614E-03     -203.791E-09  
                4.59228E-03     -226.451E-09  
                4.59536E-03     -235.798E-09  
                4.6E-03         -247.289E-09  
                4.60614E-03     -257.334E-09  
                4.61228E-03     -261.259E-09  
                4.61536E-03     -260.895E-09  
                4.62E-03        -257.391E-09  
                4.62614E-03     -247.345E-09  
                4.63228E-03     -231.314E-09  
                4.63535E-03     -221.156E-09  
                4.64E-03        -203.228E-09  
                4.64614E-03     -175.183E-09  
                4.65228E-03     -142.84E-09   
                4.65535E-03     -125.293E-09  
                4.66307E-03      -78.0222E-09 
                4.66614E-03      -58.3098E-09 
                4.67228E-03      -18.0165E-09 
                4.67535E-03        2.30277E-09
                4.68E-03          32.898E-09  
                4.68614E-03       72.3371E-09 
                4.69228E-03      109.629E-09  
                4.69535E-03      127.187E-09  
                4.7E-03          152.075E-09  
                4.70614E-03      181.321E-09  
                4.71228E-03      205.728E-09  
                4.71535E-03      215.964E-09  
                4.72307E-03      235.537E-09  
                4.72614E-03      240.758E-09  
                4.73228E-03      246.755E-09  
                4.73535E-03      247.536E-09  
                4.74E-03         245.953E-09  
                4.74614E-03      238.891E-09  
                4.75228E-03      226.452E-09  
                4.75535E-03      218.347E-09  
                4.76E-03         203.867E-09  
                4.76614E-03      180.989E-09  
                4.77228E-03      154.411E-09  
                4.77536E-03      139.923E-09  
                4.78307E-03      100.62E-09   
                4.78614E-03       84.0829E-09 
                4.79228E-03       49.9192E-09 
                4.79535E-03       32.4627E-09 
                4.8E-03            5.81174E-09
                4.80614E-03      -29.3699E-09 
                4.81228E-03      -63.7925E-09 
                4.81535E-03      -80.5182E-09 
                4.82E-03        -104.974E-09  
                4.82614E-03     -135.249E-09  
                4.83228E-03     -162.507E-09  
                4.83536E-03     -174.822E-09  
                4.84307E-03     -201.332E-09  
                4.84614E-03     -209.893E-09  
                4.85228E-03     -223.314E-09  
                4.85535E-03     -228.073E-09  
                4.86E-03        -232.691E-09  
                4.86614E-03     -233.859E-09  
                4.87228E-03     -229.281E-09  
                4.87535E-03     -224.846E-09  
                4.88E-03        -215.472E-09  
                4.88614E-03     -198.337E-09  
                4.89228E-03     -176.187E-09  
                4.89536E-03     -163.394E-09  
                4.9E-03         -142.092E-09  
                4.90614E-03     -110.848E-09  
                4.91228E-03      -76.9E-09    
                4.91536E-03      -59.1853E-09 
                4.92E-03         -31.7735E-09 
                4.92614E-03        4.91643E-09
                4.93228E-03       41.1757E-09 
                4.93536E-03       58.8628E-09 
                4.94E-03          84.7502E-09 
                4.94614E-03      116.778E-09  
                4.95228E-03      145.545E-09  
                4.95536E-03      158.513E-09  
                4.96E-03         176.148E-09  
                4.96614E-03      195.458E-09  
                4.97228E-03      209.836E-09  
                4.97536E-03      215.113E-09  
                4.98E-03         220.633E-09  
                4.98614E-03      223.334E-09  
                4.99228E-03      220.828E-09  
                4.99536E-03      217.675E-09  
                5.E-03           210.582E-09  
                5.00614E-03      197.109E-09  
                5.01228E-03      179.308E-09  
                5.01536E-03      168.918E-09  
                5.02E-03         151.48E-09   
                5.02614E-03      125.617E-09  
                5.03228E-03       97.1085E-09 
                5.03536E-03       82.0472E-09 
                5.04E-03          58.4602E-09 
                5.04614E-03       26.2753E-09 
                5.05228E-03       -6.36006E-09
                5.05536E-03      -22.6359E-09 
                5.06E-03         -46.9583E-09 
                5.06614E-03      -78.0508E-09 
                5.07228E-03     -107.223E-09  
                5.07536E-03     -120.889E-09  
                5.08E-03        -140.182E-09  
                5.08614E-03     -162.697E-09  
                5.09228E-03     -181.259E-09  
                5.09536E-03     -188.926E-09  
                5.1E-03         -198.349E-09  
                5.10614E-03     -206.57E-09   
                5.11228E-03     -209.753E-09  
                5.11536E-03     -209.435E-09  
                5.12E-03        -206.543E-09  
                5.12614E-03     -198.339E-09  
                5.13228E-03     -185.343E-09  
                5.13535E-03     -177.151E-09  
                5.14E-03        -162.759E-09  
                5.14614E-03     -140.377E-09  
                5.15228E-03     -114.721E-09  
                5.15535E-03     -100.857E-09  
                5.16E-03         -78.8078E-09 
                5.16614E-03      -48.1687E-09 
                5.17228E-03      -16.56E-09   
                5.17535E-03     -616.88E-12   
                5.18E-03          23.4214E-09 
                5.18614E-03       54.5231E-09 
                5.19228E-03       84.137E-09  
                5.19535E-03       98.1849E-09 
                5.2E-03          118.257E-09  
                5.20614E-03      142.181E-09  
                5.21228E-03      162.583E-09  
                5.21536E-03      171.329E-09  
                5.22E-03         182.583E-09  
                5.22614E-03      193.57E-09   
                5.23228E-03      199.87E-09   
                5.23535E-03      201.226E-09  
                5.24E-03         200.991E-09  
                5.24614E-03      196.47E-09   
                5.25228E-03      187.266E-09  
                5.25535E-03      180.985E-09  
                5.26307E-03      160.599E-09  
                5.26614E-03      150.805E-09  
                5.27228E-03      128.684E-09  
                5.27535E-03      116.5E-09    
                5.28E-03          96.8569E-09 
                5.28614E-03       69.119E-09  
                5.29228E-03       40.0444E-09 
                5.29535E-03       25.2218E-09 
                5.3E-03            2.6844E-09 
                5.30614E-03      -26.8125E-09 
                5.31228E-03      -55.2833E-09 
                5.31535E-03      -68.9407E-09 
                5.32307E-03     -100.977E-09  
                5.32614E-03     -112.591E-09  
                5.33228E-03     -133.573E-09  
                5.33535E-03     -142.836E-09  
                5.34E-03        -155.174E-09  
                5.34614E-03     -168.17E-09   
                5.35228E-03     -177.147E-09  
                5.35535E-03     -180.092E-09  
                5.36E-03        -182.57E-09   
                5.36614E-03     -182.17E-09   
                5.37228E-03     -177.612E-09  
                5.37536E-03     -173.817E-09  
                5.38E-03        -166.216E-09  
                5.38614E-03     -152.894E-09  
                5.39228E-03     -136.119E-09  
                5.39536E-03     -126.545E-09  
                5.4E-03         -110.696E-09  
                5.40614E-03      -87.5406E-09 
                5.41228E-03      -62.366E-09  
                5.41536E-03      -49.1843E-09 
                5.42E-03         -28.6873E-09 
                5.42614E-03     -999.931E-12  
                5.43228E-03       26.7301E-09 
                5.43536E-03       40.42E-09   
                5.44E-03          60.6858E-09 
                5.44614E-03       86.2032E-09 
                5.45228E-03      109.648E-09  
                5.45536E-03      120.422E-09  
                5.46E-03         135.34E-09   
                5.46614E-03      152.159E-09  
                5.47228E-03      165.255E-09  
                5.47536E-03      170.314E-09  
                5.48E-03         176.E-09     
                5.48614E-03      179.76E-09   
                5.49228E-03      179.161E-09  
                5.49536E-03      177.242E-09  
                5.5E-03          172.334E-09  
                5.50614E-03      162.276E-09  
                5.51228E-03      148.418E-09  
                5.51536E-03      140.178E-09  
                5.52E-03         126.2E-09    
                5.52614E-03      105.259E-09  
                5.53228E-03       82.0195E-09 
                5.53536E-03       69.7076E-09 
                5.54E-03          50.4075E-09 
                5.54614E-03       24.0646E-09 
                5.55228E-03       -2.61985E-09
                5.55536E-03      -15.9104E-09 
                5.56E-03         -35.7478E-09 
                5.56614E-03      -61.0583E-09 
                5.57228E-03      -84.7629E-09 
                5.57536E-03      -95.858E-09  
                5.58E-03        -111.515E-09  
                5.58614E-03     -129.796E-09  
                5.59228E-03     -144.901E-09  
                5.59536E-03     -151.161E-09  
                5.6E-03         -158.893E-09  
                5.60614E-03     -165.73E-09   
                5.61228E-03     -168.532E-09  
                5.61536E-03     -168.401E-09  
                5.62E-03        -166.259E-09  
                5.62614E-03     -159.884E-09  
                5.63228E-03     -149.614E-09  
                5.63535E-03     -143.095E-09  
                5.64E-03        -131.596E-09  
                5.64614E-03     -113.634E-09  
                5.65228E-03      -92.9758E-09 
                5.65535E-03      -81.7949E-09 
                5.66E-03         -63.9981E-09 
                5.66614E-03      -39.2657E-09 
                5.67228E-03      -13.775E-09  
                5.67535E-03     -936.786E-12  
                5.68E-03          18.3852E-09 
                5.68614E-03       43.3035E-09 
                5.69228E-03       66.921E-09  
                5.69535E-03       78.0798E-09 
                5.7E-03           93.9655E-09 
                5.70614E-03      112.804E-09  
                5.71228E-03      128.776E-09  
                5.71535E-03      135.596E-09  
                5.72E-03         144.351E-09  
                5.72614E-03      152.89E-09   
                5.73228E-03      157.823E-09  
                5.73535E-03      158.927E-09  
                5.74E-03         158.874E-09  
                5.74614E-03      155.649E-09  
                5.75228E-03      148.929E-09  
                5.75535E-03      144.314E-09  
                5.76307E-03      129.252E-09  
                5.76614E-03      121.978E-09  
                5.77228E-03      105.456E-09  
                5.77535E-03       96.2996E-09 
                5.78E-03          81.4463E-09 
                5.78614E-03       60.2638E-09 
                5.79228E-03       37.7735E-09 
                5.79535E-03       26.1841E-09 
                5.8E-03            8.38969E-09
                5.80614E-03      -15.2401E-09 
                5.81228E-03      -38.4531E-09 
                5.81536E-03      -49.7439E-09 
                5.82307E-03      -76.6708E-09 
                5.82614E-03      -86.6055E-09 
                5.83228E-03     -104.826E-09  
                5.83535E-03     -113.001E-09  
                5.84E-03        -124.042E-09  
                5.84614E-03     -135.933E-09  
                5.85228E-03     -144.441E-09  
                5.85535E-03     -147.365E-09  
                5.86307E-03     -150.681E-09  
                5.86614E-03     -150.363E-09  
                5.87228E-03     -146.957E-09  
                5.87535E-03     -143.896E-09  
                5.88307E-03     -132.396E-09  
                5.88614E-03     -126.392E-09  
                5.89228E-03     -112.166E-09  
                5.89535E-03     -104.038E-09  
                5.9E-03          -90.6038E-09 
                5.90614E-03      -71.065E-09  
                5.91228E-03      -49.9797E-09 
                5.91536E-03      -39.0139E-09 
                5.92E-03         -22.0727E-09 
                5.92614E-03      599.636E-12  
                5.93228E-03       23.0585E-09 
                5.93536E-03       34.0547E-09 
                5.94E-03          50.2253E-09 
                5.94614E-03       70.4041E-09 
                5.95228E-03       88.7723E-09 
                5.95536E-03       97.1613E-09 
                5.96E-03         108.724E-09  
                5.96614E-03      121.693E-09  
                5.97228E-03      131.745E-09  
                5.97536E-03      135.618E-09  
                5.98E-03         139.967E-09  
                5.98614E-03      142.843E-09  
                5.99228E-03      142.39E-09   
                5.99536E-03      140.926E-09  
                6.E-03           137.172E-09  
                6.00614E-03      129.456E-09  
                6.01228E-03      118.787E-09  
                6.01536E-03      112.423E-09  
                6.02E-03         101.599E-09  
                6.02614E-03       85.3211E-09 
                6.03228E-03       67.1798E-09 
                6.03536E-03       57.5397E-09 
                6.04E-03          42.3923E-09 
                6.04614E-03       21.6556E-09 
                6.05228E-03      588.355E-12  
                6.05536E-03       -9.92444E-09
                6.06E-03         -25.638E-09  
                6.06614E-03      -45.7233E-09 
                6.07228E-03      -64.5746E-09 
                6.07536E-03      -73.4152E-09 
                6.08E-03         -85.9164E-09 
                6.08614E-03     -100.578E-09  
                6.09228E-03     -112.796E-09  
                6.09536E-03     -117.914E-09  
                6.1E-03         -124.333E-09  
                6.10614E-03     -130.242E-09  
                6.11228E-03     -133.087E-09  
                6.11536E-03     -133.346E-09  
                6.12E-03        -132.262E-09  
                6.12614E-03     -128.121E-09  
                6.13228E-03     -120.97E-09   
                6.13535E-03     -116.312E-09  
                6.14E-03        -107.96E-09   
                6.14614E-03      -94.6705E-09 
                6.15228E-03      -79.0991E-09 
                6.15535E-03      -70.5592E-09 
                6.16E-03         -56.8137E-09 
                6.16614E-03      -37.41E-09   
                6.17228E-03      -17.0466E-09 
                6.17535E-03       -6.64875E-09
                6.18E-03           9.18288E-09
                6.18614E-03       29.9334E-09 
                6.19228E-03       49.9655E-09 
                6.19536E-03       59.5597E-09 
                6.2E-03           73.3682E-09 
                6.20614E-03       89.9875E-09 
                6.21228E-03      104.311E-09  
                6.21535E-03      110.501E-09  
                6.22E-03         118.526E-09  
                6.22614E-03      126.47E-09   
                6.23228E-03      131.188E-09  
                6.23535E-03      132.311E-09  
                6.24307E-03      131.488E-09  
                6.24614E-03      129.724E-09  
                6.25228E-03      123.843E-09  
                6.25535E-03      119.779E-09  
                6.26E-03         112.303E-09  
                6.26614E-03      100.183E-09  
                6.27228E-03       85.8602E-09 
                6.27535E-03       77.9975E-09 
                6.28E-03          65.3631E-09 
                6.28614E-03       47.6035E-09 
                6.29228E-03       29.0764E-09 
                6.29535E-03       19.6589E-09 
                6.30307E-03       -4.03891E-09
                6.30614E-03      -13.3188E-09 
                6.31228E-03      -31.3688E-09 
                6.31535E-03      -40.0486E-09 
                6.32E-03         -52.6284E-09 
                6.32614E-03      -68.0129E-09 
                6.33228E-03      -81.6864E-09 
                6.33535E-03      -87.8118E-09 
                6.34E-03         -96.105E-09  
                6.34614E-03     -105.125E-09  
                6.35228E-03     -111.755E-09  
                6.35536E-03     -114.14E-09   
                6.36307E-03     -117.309E-09  
                6.36614E-03     -117.413E-09  
                6.37228E-03     -115.637E-09  
                6.37535E-03     -113.759E-09  
                6.38E-03        -109.681E-09  
                6.38614E-03     -102.065E-09  
                6.39228E-03      -92.0429E-09 
                6.39535E-03      -86.186E-09  
                6.4E-03          -76.3331E-09 
                6.40614E-03      -61.6692E-09 
                6.41228E-03      -45.4549E-09 
                6.41536E-03      -36.8758E-09 
                6.42E-03         -23.436E-09  
                6.42614E-03       -5.12118E-09
                6.43228E-03       13.3728E-09 
                6.43536E-03       22.5491E-09 
                6.44E-03          36.1821E-09 
                6.44614E-03       53.4178E-09 
                6.45228E-03       69.3188E-09 
                6.45536E-03       76.6475E-09 
                6.46E-03          86.8176E-09 
                6.46614E-03       98.3325E-09 
                6.47228E-03      107.362E-09  
                6.47536E-03      110.883E-09  
                6.48E-03         114.895E-09  
                6.48614E-03      117.695E-09  
                6.49228E-03      117.593E-09  
                6.49536E-03      116.467E-09  
                6.5E-03          113.431E-09  
                6.50614E-03      107.048E-09  
                6.51228E-03       98.1427E-09 
                6.51536E-03       92.8181E-09 
                6.52E-03          83.7553E-09 
                6.52614E-03       70.1232E-09 
                6.53228E-03       54.9353E-09 
                6.53536E-03       46.8663E-09 
                6.54E-03          34.1852E-09 
                6.54614E-03       16.8144E-09 
                6.55228E-03     -865.478E-12  
                6.55536E-03       -9.70714E-09
                6.56E-03         -22.9562E-09 
                6.56614E-03      -39.9725E-09 
                6.57228E-03      -56.0643E-09 
                6.57536E-03      -63.6669E-09 
                6.58E-03         -74.5014E-09 
                6.58614E-03      -87.392E-09  
                6.59228E-03      -98.3941E-09 
                6.59536E-03     -103.129E-09  
                6.6E-03         -109.266E-09  
                6.60614E-03     -115.39E-09   
                6.61228E-03     -119.163E-09  
                6.61536E-03     -120.165E-09  
                6.62E-03        -120.573E-09  
                6.62614E-03     -119.117E-09  
                6.63228E-03     -115.508E-09  
                6.63536E-03     -112.956E-09  
                6.64E-03        -108.232E-09  
                6.64614E-03     -100.586E-09  
                6.65228E-03      -91.6553E-09 
                6.65535E-03      -86.8204E-09 
                6.66E-03         -79.1754E-09 
                6.66614E-03      -68.7584E-09 
                6.67228E-03      -58.4205E-09 
                6.67535E-03      -53.4214E-09 
                6.68E-03         -46.2366E-09 
                6.68614E-03      -37.7752E-09 
                6.69228E-03      -30.959E-09  
                6.69535E-03      -28.308E-09  
                6.7E-03          -25.4118E-09 
                6.70614E-03      -23.9615E-09 
                6.71228E-03      -25.632E-09  
                6.71535E-03      -27.7562E-09 
                6.72E-03         -32.7296E-09 
                6.72614E-03      -42.8126E-09 
                6.73228E-03      -57.2012E-09 
                6.73535E-03      -66.0975E-09 
                6.74E-03         -81.7992E-09 
                6.74614E-03     -106.885E-09  
                6.75228E-03     -137.091E-09  
                6.75535E-03     -154.169E-09  
                6.76E-03        -182.561E-09  
                6.76614E-03     -224.924E-09  
                6.77228E-03     -272.875E-09  
                6.77535E-03     -298.979E-09  
                6.78E-03        -341.193E-09  
                6.78614E-03     -402.1E-09    
                6.79228E-03     -468.849E-09  
                6.79536E-03     -504.443E-09  
                6.8E-03         -561.12E-09   
                6.80614E-03     -641.385E-09  
                6.81228E-03     -727.779E-09  
                6.81535E-03     -773.329E-09  
                6.82E-03        -845.28E-09   
                6.82614E-03     -946.204E-09  
                6.83228E-03       -1.05394E-06
                6.83535E-03       -1.11048E-06
                6.84307E-03       -1.26084E-06
                6.84614E-03       -1.32413E-06
                6.85228E-03       -1.45701E-06
                6.85535E-03       -1.52676E-06
                6.86E-03          -1.63672E-06
                6.86614E-03       -1.79088E-06
                6.87228E-03       -1.95584E-06
                6.87535E-03       -2.04267E-06
                6.88E-03          -2.17989E-06
                6.88614E-03       -2.37302E-06
                6.89228E-03       -2.58053E-06
                6.89535E-03       -2.69008E-06
                6.90307E-03       -2.98375E-06
                6.90614E-03       -3.10846E-06
                6.91228E-03       -3.37223E-06
                6.91535E-03       -3.51168E-06
                6.92E-03          -3.73273E-06
                6.92614E-03       -4.04478E-06
                6.93228E-03       -4.38083E-06
                6.93536E-03       -4.55836E-06
                6.94E-03          -4.83949E-06
                6.94614E-03       -5.23568E-06
                6.95228E-03       -5.66122E-06
                6.95536E-03       -5.8855E-06 
                6.96E-03          -6.23984E-06
                6.96614E-03       -6.73758E-06
                6.97228E-03       -7.26995E-06
                6.97536E-03       -7.54961E-06
                6.98E-03          -7.99022E-06
                6.98614E-03       -8.60647E-06
                6.99228E-03       -9.26235E-06
                6.99536E-03       -9.60561E-06
                7.E-03           -10.1447E-06 
                7.00614E-03      -10.8953E-06 
                7.01228E-03      -11.69E-06   
                7.01536E-03      -12.1043E-06 
                7.02E-03         -12.7528E-06 
                7.02614E-03      -13.6518E-06 
                7.03228E-03      -14.5988E-06 
                7.03536E-03      -15.0906E-06 
                7.04E-03         -15.8582E-06 
                7.04614E-03      -16.9174E-06 
                7.05228E-03      -18.0278E-06 
                7.05536E-03      -18.6025E-06 
                7.06E-03         -19.4966E-06 
                7.06614E-03      -20.7255E-06 
                7.07228E-03      -22.0079E-06 
                7.07536E-03      -22.6694E-06 
                7.08E-03         -23.6958E-06 
                7.08614E-03      -25.101E-06  
                7.09228E-03      -26.5613E-06 
                7.09536E-03      -27.3122E-06 
                7.1E-03          -28.4743E-06 
                7.10614E-03      -30.0598E-06 
                7.11228E-03      -31.7011E-06 
                7.11536E-03      -32.5425E-06 
                7.12E-03         -33.8416E-06 
                7.12614E-03      -35.6084E-06 
                7.13228E-03      -37.4305E-06 
                7.13535E-03      -38.3622E-06 
                7.14E-03         -39.7974E-06 
                7.14614E-03      -41.743E-06  
                7.15228E-03      -43.7425E-06 
                7.15535E-03      -44.7622E-06 
                7.16E-03         -46.3296E-06 
                7.16614E-03      -48.4477E-06 
                7.17228E-03      -50.6168E-06 
                7.17536E-03      -51.7201E-06 
                7.18E-03         -53.4118E-06 
                7.18614E-03      -55.691E-06  
                7.19228E-03      -58.0166E-06 
                7.19535E-03      -59.1961E-06 
                7.2E-03          -61.0007E-06 
                7.20614E-03      -63.4234E-06 
                7.21228E-03      -65.8857E-06 
                7.21535E-03      -67.1309E-06 
                7.22307E-03      -70.2977E-06 
                7.22614E-03      -71.5726E-06 
                7.23228E-03      -74.1449E-06 
                7.23535E-03      -75.4415E-06 
                7.24E-03         -77.4146E-06 
                7.24614E-03      -80.0436E-06 
                7.25228E-03      -82.692E-06  
                7.25535E-03      -84.0223E-06 
                7.26E-03         -86.0407E-06 
                7.26614E-03      -88.7187E-06 
                7.27228E-03      -91.4033E-06 
                7.27535E-03      -92.7468E-06 
                7.28307E-03      -96.1213E-06 
                7.28614E-03      -97.4626E-06 
                7.29228E-03     -100.139E-06  
                7.29535E-03     -101.474E-06  
                7.3E-03         -103.485E-06  
                7.30614E-03     -106.129E-06  
                7.31228E-03     -108.752E-06  
                7.31535E-03     -110.054E-06  
                7.32E-03        -112.01E-06   
                7.32614E-03     -114.568E-06  
                7.33228E-03     -117.091E-06  
                7.33535E-03     -118.338E-06  
                7.34307E-03     -121.424E-06  
                7.34614E-03     -122.633E-06  
                7.35228E-03     -125.013E-06  
                7.35535E-03     -126.183E-06  
                7.36E-03        -127.928E-06  
                7.36614E-03     -130.186E-06  
                7.37228E-03     -132.384E-06  
                7.37535E-03     -133.46E-06   
                7.38E-03        -135.057E-06  
                7.38614E-03     -137.11E-06   
                7.39228E-03     -139.094E-06  
                7.39536E-03     -140.059E-06  
                7.40307E-03     -142.405E-06  
                7.40614E-03     -143.306E-06  
                7.41228E-03     -145.052E-06  
                7.41535E-03     -145.897E-06  
                7.42E-03        -147.137E-06  
                7.42614E-03     -148.708E-06  
                7.43228E-03     -150.2E-06    
                7.43535E-03     -150.916E-06  
                7.44E-03        -151.962E-06  
                7.44614E-03     -153.274E-06  
                7.45228E-03     -154.505E-06  
                7.45536E-03     -155.091E-06  
                7.46E-03        -155.939E-06  
                7.46614E-03     -156.989E-06  
                7.47228E-03     -157.961E-06  
                7.47536E-03     -158.417E-06  
                7.48E-03        -159.07E-06   
                7.48614E-03     -159.864E-06  
                7.49228E-03     -160.582E-06  
                7.49536E-03     -160.912E-06  
                7.5E-03         -161.376E-06  
                7.50614E-03     -161.924E-06  
                7.51228E-03     -162.398E-06  
                7.51536E-03     -162.608E-06  
                7.52E-03        -162.892E-06  
                7.52614E-03     -163.205E-06  
                7.53228E-03     -163.45E-06   
                7.53536E-03     -163.547E-06  
                7.54E-03        -163.662E-06  
                7.54614E-03     -163.757E-06  
                7.55228E-03     -163.787E-06  
                7.55536E-03     -163.779E-06  
                7.56E-03        -163.738E-06  
                7.56614E-03     -163.63E-06   
                7.57228E-03     -163.463E-06  
                7.57536E-03     -163.358E-06  
                7.58E-03        -163.173E-06  
                7.58614E-03     -162.879E-06  
                7.59228E-03     -162.531E-06  
                7.59536E-03     -162.337E-06  
                7.6E-03         -162.019E-06  
                7.60614E-03     -161.555E-06  
                7.61228E-03     -161.04E-06   
                7.61536E-03     -160.764E-06  
                7.62E-03        -160.325E-06  
                7.62614E-03     -159.702E-06  
                7.63228E-03     -159.032E-06  
                7.63535E-03     -158.68E-06   
                7.64E-03        -158.125E-06  
                7.64614E-03     -157.353E-06  
                7.65228E-03     -156.536E-06  
                7.65535E-03     -156.11E-06   
                7.66E-03        -155.447E-06  
                7.66614E-03     -154.53E-06   
                7.67228E-03     -153.571E-06  
                7.67535E-03     -153.074E-06  
                7.68E-03        -152.303E-06  
                7.68614E-03     -151.246E-06  
                7.69228E-03     -150.145E-06  
                7.69535E-03     -149.578E-06  
                7.7E-03         -148.7E-06    
                7.70614E-03     -147.501E-06  
                7.71228E-03     -146.258E-06  
                7.71535E-03     -145.619E-06  
                7.72E-03        -144.633E-06  
                7.72614E-03     -143.289E-06  
                7.73228E-03     -141.899E-06  
                7.73535E-03     -141.187E-06  
                7.74E-03        -140.088E-06  
                7.74614E-03     -138.594E-06  
                7.75228E-03     -137.053E-06  
                7.75535E-03     -136.264E-06  
                7.76E-03        -135.048E-06  
                7.76614E-03     -133.399E-06  
                7.77228E-03     -131.7E-06    
                7.77536E-03     -130.833E-06  
                7.78E-03        -129.497E-06  
                7.78614E-03     -127.688E-06  
                7.79228E-03     -125.829E-06  
                7.79535E-03     -124.882E-06  
                7.8E-03         -123.425E-06  
                7.80614E-03     -121.456E-06  
                7.81228E-03     -119.438E-06  
                7.81536E-03     -118.412E-06  
                7.82E-03        -116.837E-06  
                7.82614E-03     -114.713E-06  
                7.83229E-03     -112.544E-06  
                7.83536E-03     -111.443E-06  
                7.84E-03        -109.758E-06  
                7.84614E-03     -107.491E-06  
                7.85229E-03     -105.185E-06  
                7.85536E-03     -104.017E-06  
                7.86307E-03     -101.043E-06  
                7.86614E-03      -99.8439E-06 
                7.87229E-03      -97.4204E-06 
                7.87536E-03      -96.197E-06  
                7.88E-03         -94.3339E-06 
                7.88614E-03      -91.8451E-06 
                7.89229E-03      -89.3321E-06 
                7.89536E-03      -88.0675E-06 
                7.9E-03          -86.1468E-06 
                7.90614E-03      -83.5907E-06 
                7.91229E-03      -81.021E-06  
                7.91536E-03      -79.7321E-06 
                7.92E-03         -77.78E-06   
                7.92614E-03      -75.1923E-06 
                7.93229E-03      -72.6025E-06 
                7.93536E-03      -71.3079E-06 
                7.94E-03         -69.3528E-06 
                7.94614E-03      -66.7715E-06 
                7.95229E-03      -64.1998E-06 
                7.95536E-03      -62.9186E-06 
                7.96E-03         -60.9893E-06 
                7.96614E-03      -58.4523E-06 
                7.97229E-03      -55.9361E-06 
                7.97536E-03      -54.6869E-06 
                7.98E-03         -52.8109E-06 
                7.98614E-03      -50.3536E-06 
                7.99229E-03      -47.9274E-06 
                7.99536E-03      -46.7268E-06 
                8.E-03           -44.9289E-06 
                8.00614E-03      -42.5829E-06 
                8.01229E-03      -40.2767E-06 
                8.01536E-03      -39.1393E-06 
                8.02E-03         -37.4409E-06 
                8.02614E-03      -35.2329E-06 
                8.03229E-03      -33.0718E-06 
                8.03536E-03      -32.0095E-06 
                8.04E-03         -30.4274E-06 
                8.04614E-03      -28.3789E-06 
                8.05229E-03      -26.3829E-06 
                8.05536E-03      -25.4051E-06 
                8.06E-03         -23.9531E-06 
                8.06614E-03      -22.0807E-06 
                8.07229E-03      -20.2652E-06 
                8.07536E-03      -19.379E-06  
                8.08E-03         -18.0672E-06 
                8.08614E-03      -16.3833E-06 
                8.09229E-03      -14.7591E-06 
                8.09536E-03      -13.9696E-06 
                8.10307E-03      -12.054E-06  
                8.10614E-03      -11.318E-06  
                8.11229E-03       -9.89239E-06
                8.11536E-03       -9.20279E-06
                8.12E-03          -8.18993E-06
                8.12614E-03       -6.90457E-06
                8.13229E-03       -5.68184E-06
                8.13536E-03       -5.09402E-06
                8.14E-03          -4.23533E-06
                8.14614E-03       -3.15446E-06
                8.15229E-03       -2.1366E-06 
                8.15536E-03       -1.65131E-06
                8.16E-03        -947.622E-09  
                8.16614E-03      -71.7576E-09 
                8.17229E-03      741.377E-09  
                8.17536E-03        1.1245E-06 
                8.18307E-03        2.01808E-06
                8.18614E-03        2.34673E-06
                8.19228E-03        2.95794E-06
                8.19536E-03        3.24066E-06
                8.2E-03            3.63936E-06
                8.20614E-03        4.11418E-06
                8.21229E-03        4.52988E-06
                8.21536E-03        4.71588E-06
                8.22E-03           4.96979E-06
                8.22614E-03        5.25621E-06
                8.23229E-03        5.48743E-06
                8.23536E-03        5.58281E-06
                8.24E-03           5.70197E-06
                8.24614E-03        5.81459E-06
                8.25229E-03        5.87756E-06
                8.25536E-03        5.89106E-06
                8.26E-03           5.88945E-06
                8.26614E-03        5.84811E-06
                8.27229E-03        5.76422E-06
                8.27536E-03        5.7071E-06 
                8.28E-03           5.60246E-06
                8.28614E-03        5.4319E-06 
                8.29229E-03        5.22728E-06
                8.29536E-03        5.11308E-06
                8.3E-03            4.92643E-06
                8.30614E-03        4.65555E-06
                8.31229E-03        4.36015E-06
                8.31536E-03        4.20423E-06
                8.32E-03           3.95925E-06
                8.32614E-03        3.62004E-06
                8.33229E-03        3.26656E-06
                8.33536E-03        3.08548E-06
                8.34E-03           2.8074E-06 
                8.34614E-03        2.43354E-06
                8.35229E-03        2.05581E-06
                8.35536E-03        1.86647E-06
                8.36E-03           1.58082E-06
                8.36614E-03        1.20571E-06
                8.37229E-03      836.55E-09   
                8.37536E-03      655.089E-09  
                8.38E-03         385.648E-09  
                8.38614E-03       40.0027E-09 
                8.39229E-03     -291.163E-09  
                8.39536E-03     -450.598E-09  
                8.4E-03         -683.013E-09  
                8.40614E-03     -973.507E-09  
                8.41229E-03       -1.24294E-06
                8.41536E-03       -1.36926E-06
                8.42E-03          -1.54906E-06
                8.42614E-03       -1.76556E-06
                8.43229E-03       -1.95677E-06
                8.43536E-03       -2.04262E-06
                8.44E-03          -2.15981E-06
                8.44614E-03       -2.29132E-06
                8.45229E-03       -2.39577E-06
                8.45536E-03       -2.43782E-06
                8.46E-03          -2.48854E-06
                8.46614E-03       -2.5321E-06 
                8.47229E-03       -2.54926E-06
                8.47536E-03       -2.54813E-06
                8.48E-03          -2.53443E-06
                8.48614E-03       -2.49474E-06
                8.49229E-03       -2.43151E-06
                8.49536E-03       -2.39146E-06
                8.5E-03           -2.32072E-06
                8.50614E-03       -2.20935E-06
                8.51229E-03       -2.0792E-06 
                8.51536E-03       -2.00763E-06
                8.52E-03          -1.89194E-06
                8.52614E-03       -1.72619E-06
                8.53229E-03       -1.54789E-06
                8.53536E-03       -1.45469E-06
                8.54E-03          -1.30948E-06
                8.54614E-03       -1.11079E-06
                8.55229E-03     -906.631E-09  
                8.55536E-03     -803.21E-09   
                8.56307E-03     -541.835E-09  
                8.56614E-03     -437.801E-09  
                8.57228E-03     -231.325E-09  
                8.57536E-03     -129.414E-09  
                8.58E-03          22.2428E-09 
                8.58614E-03      217.075E-09  
                8.59229E-03      403.617E-09  
                8.59536E-03      493.212E-09  
                8.6E-03          623.366E-09  
                8.60614E-03      784.874E-09  
                8.61229E-03      932.882E-09  
                8.61536E-03        1.00142E-06
                8.62E-03           1.0977E-06 
                8.62614E-03        1.2109E-06 
                8.63229E-03        1.30721E-06
                8.63536E-03        1.34881E-06
                8.64E-03           1.40324E-06
                8.64614E-03        1.45937E-06
                8.65229E-03        1.49725E-06
                8.65536E-03        1.50933E-06
                8.66E-03           1.51898E-06
                8.66614E-03        1.51598E-06
                8.67229E-03        1.49541E-06
                8.67536E-03        1.47873E-06
                8.68307E-03        1.41882E-06
                8.68614E-03        1.38806E-06
                8.69228E-03        1.31547E-06
                8.69536E-03        1.27392E-06
                8.7E-03            1.20491E-06
                8.70614E-03        1.10305E-06
                8.71229E-03      990.44E-09   
                8.71536E-03      930.597E-09  
                8.72E-03         836.241E-09  
                8.72614E-03      705.294E-09  
                8.73229E-03      568.953E-09  
                8.73536E-03      499.318E-09  
                8.74E-03         392.869E-09  
                8.74614E-03      250.947E-09  
                8.75229E-03      109.444E-09  
                8.75536E-03       39.4074E-09 
                8.76E-03         -64.9594E-09 
                8.76614E-03     -199.093E-09  
                8.77229E-03     -327.297E-09  
                8.77536E-03     -388.698E-09  
                8.78E-03        -477.566E-09  
                8.78614E-03     -587.025E-09  
                8.79229E-03     -686.111E-09  
                8.79536E-03     -731.427E-09  
                8.8E-03         -794.247E-09  
                8.80614E-03     -866.32E-09   
                8.81229E-03     -925.216E-09  
                8.81536E-03     -949.568E-09  
                8.82E-03        -979.81E-09   
                8.82614E-03       -1.00754E-06
                8.83229E-03       -1.02122E-06
                8.83536E-03       -1.02283E-06
                8.84E-03          -1.01874E-06
                8.84614E-03       -1.00152E-06
                8.85229E-03     -971.316E-09  
                8.85536E-03     -951.553E-09  
                8.86E-03        -916.073E-09  
                8.86614E-03     -859.325E-09  
                8.87229E-03     -792.317E-09  
                8.87536E-03     -755.311E-09  
                8.88E-03        -695.351E-09  
                8.88614E-03     -609.45E-09   
                8.89229E-03     -517.244E-09  
                8.89536E-03     -469.207E-09  
                8.9E-03         -394.668E-09  
                8.90614E-03     -293.392E-09  
                8.91229E-03     -190.44E-09   
                8.91536E-03     -138.794E-09  
                8.92E-03         -61.0264E-09 
                8.92614E-03       40.3575E-09 
                8.93229E-03      138.753E-09  
                8.93536E-03      186.41E-09   
                8.94307E-03      300.282E-09  
                8.94614E-03      342.916E-09  
                8.95228E-03      422.797E-09  
                8.95536E-03      459.793E-09  
                8.96E-03         511.681E-09  
                8.96614E-03      572.3E-09    
                8.97229E-03      623.171E-09  
                8.97536E-03      644.786E-09  
                8.98E-03         672.476E-09  
                8.98614E-03      699.735E-09  
                8.99229E-03      716.184E-09  
                8.99536E-03      720.361E-09  
                9.E-03           721.603E-09  
                9.00614E-03      714.052E-09  
                9.01229E-03      696.388E-09  
                9.01536E-03      683.926E-09  
                9.02E-03         660.717E-09  
                9.02614E-03      622.406E-09  
                9.03229E-03      576.172E-09  
                9.03536E-03      550.361E-09  
                9.04E-03         508.272E-09  
                9.04614E-03      447.575E-09  
                9.05229E-03      382.127E-09  
                9.05536E-03      347.958E-09  
                9.06307E-03      259.015E-09  
                9.06614E-03      222.718E-09  
                9.07228E-03      149.379E-09  
                9.07536E-03      112.611E-09  
                9.08E-03          57.2768E-09 
                9.08614E-03      -14.7429E-09 
                9.09229E-03      -84.4962E-09 
                9.09536E-03     -118.221E-09  
                9.1E-03         -167.408E-09  
                9.10614E-03     -228.63E-09   
                9.11229E-03     -284.722E-09  
                9.11536E-03     -310.621E-09  
                9.12E-03        -346.824E-09  
                9.12614E-03     -388.909E-09  
                9.13229E-03     -423.946E-09  
                9.13536E-03     -438.705E-09  
                9.14E-03        -457.425E-09  
                9.14614E-03     -475.442E-09  
                9.15229E-03     -485.703E-09  
                9.15536E-03     -487.934E-09  
                9.16E-03        -487.681E-09  
                9.16614E-03     -480.798E-09  
                9.17229E-03     -466.753E-09  
                9.17536E-03     -457.172E-09  
                9.18307E-03     -426.099E-09  
                9.18614E-03     -411.131E-09  
                9.19229E-03     -377.202E-09  
                9.19536E-03     -358.416E-09  
                9.2E-03         -327.967E-09  
                9.20614E-03     -284.433E-09  
                9.21229E-03     -237.924E-09  
                9.21536E-03     -213.81E-09   
                9.22E-03        -176.561E-09  
                9.22614E-03     -126.353E-09  
                9.23229E-03      -75.8278E-09 
                9.23536E-03      -50.6903E-09 
                9.24E-03         -13.1263E-09 
                9.24614E-03       35.3185E-09 
                9.25229E-03       81.7082E-09 
                9.25536E-03      103.936E-09  
                9.26E-03         136.11E-09   
                9.26614E-03      175.681E-09  
                9.27229E-03      211.425E-09  
                9.27536E-03      227.733E-09  
                9.28E-03         250.273E-09  
                9.28614E-03      276.021E-09  
                9.29229E-03      296.92E-09   
                9.29536E-03      305.497E-09  
                9.3E-03          316.052E-09  
                9.30614E-03      325.538E-09  
                9.31229E-03      329.943E-09  
                9.31536E-03      330.263E-09  
                9.32307E-03      325.667E-09  
                9.32614E-03      321.762E-09  
                9.33228E-03      310.574E-09  
                9.33536E-03      303.368E-09  
                9.34E-03         290.552E-09  
                9.34614E-03      270.315E-09  
                9.35229E-03      246.734E-09  
                9.35536E-03      233.834E-09  
                9.36E-03         213.109E-09  
                9.36614E-03      183.754E-09  
                9.37229E-03      152.689E-09  
                9.37536E-03      136.684E-09  
                9.38E-03         112.086E-09  
                9.38614E-03       79.147E-09  
                9.39229E-03       46.2347E-09 
                9.39536E-03       29.9479E-09 
                9.4E-03            5.71613E-09
                9.40614E-03      -25.3321E-09 
                9.41229E-03      -54.8527E-09 
                9.41536E-03      -68.9184E-09 
                9.42E-03         -89.1763E-09 
                9.42614E-03     -113.93E-09   
                9.43229E-03     -136.123E-09  
                9.43536E-03     -146.187E-09  
                9.44307E-03     -168.252E-09  
                9.44614E-03     -175.726E-09  
                9.45228E-03     -188.364E-09  
                9.45536E-03     -193.513E-09  
                9.46E-03        -199.806E-09  
                9.46614E-03     -205.384E-09  
                9.47229E-03     -207.875E-09  
                9.47536E-03     -207.982E-09  
                9.48E-03        -206.735E-09  
                9.48614E-03     -202.563E-09  
                9.49229E-03     -195.652E-09  
                9.49536E-03     -191.221E-09  
                9.5E-03         -183.355E-09  
                9.50614E-03     -170.926E-09  
                9.51229E-03     -156.401E-09  
                9.51536E-03     -148.43E-09   
                9.52E-03        -135.578E-09  
                9.52614E-03     -117.271E-09  
                9.53229E-03      -97.7365E-09 
                9.53536E-03      -87.6047E-09 
                9.54E-03         -71.9396E-09 
                9.54614E-03      -50.767E-09  
                9.55229E-03      -29.3626E-09 
                9.55536E-03      -18.6733E-09 
                9.56307E-03        7.81584E-09
                9.56614E-03       18.1353E-09 
                9.57229E-03       38.1822E-09 
                9.57536E-03       47.8428E-09 
                9.58E-03          61.8975E-09 
                9.58614E-03       79.3244E-09 
                9.59229E-03       95.2453E-09 
                9.59536E-03      102.581E-09  
                9.6E-03          112.821E-09  
                9.60614E-03      124.724E-09  
                9.61229E-03      134.66E-09   
                9.61536E-03      138.866E-09  
                9.62E-03         144.238E-09  
                9.62614E-03      149.508E-09  
                9.63229E-03      152.682E-09  
                9.63536E-03      153.488E-09  
                9.64E-03         153.731E-09  
                9.64614E-03      152.284E-09  
                9.65229E-03      148.882E-09  
                9.65536E-03      146.476E-09  
                9.66E-03         141.983E-09  
                9.66614E-03      134.524E-09  
                9.67229E-03      125.445E-09  
                9.67536E-03      120.342E-09  
                9.68307E-03      106.025E-09  
                9.68614E-03       99.7682E-09 
                9.69229E-03       86.4246E-09 
                9.69536E-03       79.3818E-09 
                9.7E-03           68.334E-09  
                9.70614E-03       53.0935E-09 
                9.71229E-03       37.3155E-09 
                9.71536E-03       29.2924E-09 
                9.72E-03          17.0733E-09 
                9.72614E-03      876.884E-12  
                9.73229E-03      -15.1579E-09 
                9.73536E-03      -23.0427E-09 
                9.74E-03         -34.7128E-09 
                9.74614E-03      -49.5501E-09 
                9.75229E-03      -63.5089E-09 
                9.75536E-03      -70.0933E-09 
                9.76E-03         -79.4774E-09 
                9.76614E-03      -90.7197E-09 
                9.77229E-03     -100.475E-09  
                9.77536E-03     -104.749E-09  
                9.78E-03        -110.404E-09  
                9.78614E-03     -116.323E-09  
                9.79229E-03     -120.386E-09  
                9.79536E-03     -121.706E-09  
                9.8E-03         -122.794E-09  
                9.80614E-03     -122.545E-09  
                9.81229E-03     -120.39E-09   
                9.81536E-03     -118.614E-09  
                9.82E-03        -115.073E-09  
                9.82614E-03     -108.86E-09   
                9.83228E-03     -101.E-09     
                9.83536E-03      -96.4955E-09 
                9.84E-03         -89.0139E-09 
                9.84614E-03      -77.977E-09  
                9.85229E-03      -65.7938E-09 
                9.85536E-03      -59.3325E-09 
                9.86E-03         -49.1705E-09 
                9.86614E-03      -35.1188E-09 
                9.87229E-03      -20.5631E-09 
                9.87536E-03      -13.1638E-09 
                9.88E-03          -1.90199E-09
                9.88614E-03       12.998E-09  
                9.89229E-03       27.7025E-09 
                9.89536E-03       34.9138E-09 
                9.9E-03           45.5615E-09 
                9.90614E-03       59.0402E-09 
                9.91229E-03       71.638E-09  
                9.91536E-03       77.5459E-09 
                9.92E-03          85.917E-09  
                9.92614E-03       95.8359E-09 
                9.93229E-03      104.283E-09  
                9.93536E-03      107.911E-09  
                9.94E-03         112.594E-09  
                9.94614E-03      117.236E-09  
                9.95229E-03      120.017E-09  
                9.95536E-03      120.691E-09  
                9.96E-03         120.794E-09  
                9.96614E-03      119.22E-09   
                9.97229E-03      115.709E-09  
                9.97536E-03      113.243E-09  
                9.98E-03         108.647E-09  
                9.98614E-03      101.022E-09  
                9.99229E-03       91.7573E-09 
                9.99536E-03       86.5612E-09 
               10.E-03            78.0596E-09 




