
                  X               _temp_2     

                0.                 0.         
                7.84362E-06        1.1241E-06 
               11.7654E-06         2.31964E-06
               15.6872E-06         3.58519E-06
               20.E-06             5.16009E-06
               27.8436E-06         7.23146E-06
               31.7654E-06         8.08177E-06
               35.6872E-06         8.82237E-06
               40.E-06             9.90586E-06
               47.8436E-06        11.8234E-06 
               51.7654E-06        12.9147E-06 
               55.6872E-06        13.9639E-06 
               60.E-06            15.3236E-06 
               67.8436E-06        17.3396E-06 
               71.7654E-06        18.3138E-06 
               75.6872E-06        19.2203E-06 
               80.E-06            20.47E-06   
               87.8436E-06        22.5613E-06 
               91.7654E-06        23.6814E-06 
               95.6872E-06        24.7511E-06 
              100.E-06            26.1417E-06 
              107.844E-06         28.2898E-06 
              111.765E-06         29.3394E-06 
              115.687E-06         30.3E-06    
              120.E-06            31.5505E-06 
              127.844E-06         33.4886E-06 
              131.765E-06         34.4665E-06 
              135.687E-06         35.378E-06  
              140.E-06            36.5889E-06 
              147.844E-06         38.5036E-06 
              151.765E-06         39.4841E-06 
              155.687E-06         40.403E-06  
              160.E-06            41.6085E-06 
              167.844E-06         43.4513E-06 
              171.765E-06         44.3398E-06 
              175.687E-06         45.1261E-06 
              183.922E-06         46.8318E-06 
              187.844E-06         47.5983E-06 
              191.765E-06         48.3182E-06 
              195.687E-06         48.9794E-06 
              200.E-06            49.9063E-06 
              207.844E-06         51.3838E-06 
              211.765E-06         52.1673E-06 
              215.687E-06         52.908E-06  
              220.E-06            53.9079E-06 
              227.844E-06         55.4561E-06 
              231.765E-06         56.2257E-06 
              235.687E-06         56.924E-06  
              240.E-06            57.8412E-06 
              247.844E-06         59.2229E-06 
              251.765E-06         59.9148E-06 
              255.687E-06         60.5527E-06 
              260.E-06            61.4151E-06 
              267.844E-06         62.7664E-06 
              271.765E-06         63.4609E-06 
              275.687E-06         64.1079E-06 
              280.E-06            64.9657E-06 
              287.844E-06         66.2888E-06 
              291.765E-06         66.9471E-06 
              295.687E-06         67.5487E-06 
              300.E-06            68.3366E-06 
              307.844E-06         69.5495E-06 
              311.765E-06         70.1631E-06 
              315.687E-06         70.735E-06  
              320.E-06            71.4923E-06 
              327.844E-06         72.689E-06  
              331.765E-06         73.2941E-06 
              335.687E-06         73.8532E-06 
              340.E-06            74.5691E-06 
              347.844E-06         75.655E-06  
              351.765E-06         76.1786E-06 
              355.687E-06         76.647E-06  
              363.922E-06         77.668E-06  
              367.844E-06         78.1264E-06 
              371.765E-06         78.5595E-06 
              375.687E-06         78.9527E-06 
              380.E-06            79.4653E-06 
              387.844E-06         80.2499E-06 
              391.765E-06         80.6386E-06 
              395.687E-06         80.989E-06  
              400.E-06            81.4328E-06 
              407.844E-06         82.0755E-06 
              411.765E-06         82.3723E-06 
              415.687E-06         82.6225E-06 
              420.E-06            82.9314E-06 
              427.844E-06         83.3341E-06 
              431.765E-06         83.5098E-06 
              435.687E-06         83.6465E-06 
              440.E-06            83.8221E-06 
              447.844E-06         84.0184E-06 
              451.765E-06         84.0967E-06 
              455.687E-06         84.1437E-06 
              460.E-06            84.211E-06  
              467.844E-06         84.2443E-06 
              471.765E-06         84.2501E-06 
              475.687E-06         84.2384E-06 
              480.E-06            84.2406E-06 
              487.844E-06         84.217E-06  
              491.765E-06         84.2127E-06 
              495.687E-06         84.2056E-06 
              500.E-06            84.2066E-06 
              507.844E-06         84.2028E-06 
              511.765E-06         84.1991E-06 
              515.687E-06         84.1865E-06 
              520.E-06            84.1526E-06 
              527.844E-06         84.0657E-06 
              531.765E-06         84.0037E-06 
              535.687E-06         83.9312E-06 
              540.E-06            83.8155E-06 
              547.844E-06         83.6133E-06 
              551.765E-06         83.505E-06  
              555.687E-06         83.4005E-06 
              560.E-06            83.2464E-06 
              567.844E-06         83.0133E-06 
              571.765E-06         82.8901E-06 
              575.687E-06         82.7701E-06 
              580.E-06            82.5746E-06 
              587.844E-06         82.245E-06  
              591.765E-06         82.049E-06  
              595.687E-06         81.8448E-06 
              600.E-06            81.5264E-06 
              607.844E-06         80.9608E-06 
              611.765E-06         80.6365E-06 
              615.687E-06         80.3067E-06 
              620.E-06            79.838E-06  
              627.844E-06         79.033E-06  
              631.765E-06         78.5979E-06 
              635.687E-06         78.1686E-06 
              640.E-06            77.5854E-06 
              647.844E-06         76.6111E-06 
              651.765E-06         76.0982E-06 
              655.687E-06         75.599E-06  
              660.E-06            74.9293E-06 
              667.844E-06         73.8222E-06 
              671.765E-06         73.2434E-06 
              675.687E-06         72.6825E-06 
              680.E-06            71.9323E-06 
              687.844E-06         70.6962E-06 
              691.765E-06         70.0517E-06 
              695.687E-06         69.4293E-06 
              700.E-06            68.6009E-06 
              707.844E-06         67.2474E-06 
              711.765E-06         66.5491E-06 
              715.687E-06         65.8817E-06 
              723.922E-06         64.3339E-06 
              727.844E-06         63.5852E-06 
              731.765E-06         62.8655E-06 
              735.687E-06         62.186E-06  
              740.E-06            61.285E-06  
              747.844E-06         59.861E-06  
              751.765E-06         59.1371E-06 
              755.687E-06         58.456E-06  
              760.E-06            57.5416E-06 
              767.844E-06         56.1008E-06 
              771.765E-06         55.3643E-06 
              775.687E-06         54.6721E-06 
              783.922E-06         53.0485E-06 
              787.844E-06         52.2636E-06 
              791.765E-06         51.5108E-06 
              795.687E-06         50.805E-06  
              800.E-06            49.8424E-06 
              807.844E-06         48.3332E-06 
              811.765E-06         47.5558E-06 
              815.687E-06         46.8237E-06 
              820.E-06            45.8178E-06 
              827.844E-06         44.2243E-06 
              831.765E-06         43.3957E-06 
              835.687E-06         42.61E-06   
              840.E-06            41.533E-06  
              847.844E-06         39.8131E-06 
              851.765E-06         38.9189E-06 
              855.687E-06         38.0702E-06 
              860.E-06            36.9179E-06 
              867.844E-06         35.0755E-06 
              871.765E-06         34.1219E-06 
              875.687E-06         33.2172E-06 
              880.E-06            31.9987E-06 
              887.844E-06         30.0476E-06 
              891.765E-06         29.0402E-06 
              895.687E-06         28.0842E-06 
              900.E-06            26.8053E-06 
              907.844E-06         24.7558E-06 
              911.765E-06         23.7016E-06 
              915.687E-06         22.703E-06  
              920.E-06            21.3762E-06 
              927.844E-06         19.2571E-06 
              931.765E-06         18.1737E-06 
              935.687E-06         17.1516E-06 
              940.E-06            15.8005E-06 
              947.844E-06         13.657E-06  
              951.765E-06         12.5683E-06 
              955.687E-06         11.5469E-06 
              960.E-06            10.2002E-06 
              967.844E-06          8.08405E-06
              971.765E-06          7.01645E-06
              975.687E-06          6.02193E-06
              980.E-06             4.70838E-06
              987.844E-06          2.66716E-06
              991.765E-06          1.64126E-06
              995.687E-06        690.896E-09  
                1.E-03          -573.688E-09  
                1.00784E-03       -1.40294E-06
                1.01177E-03       -1.19278E-06
                1.01569E-03     -840.322E-09  
                1.02E-03        -493.825E-09  
                1.02784E-03     -326.928E-09  
                1.03177E-03     -446.427E-09  
                1.03569E-03     -609.117E-09  
                1.04E-03        -748.377E-09  
                1.04784E-03     -740.5E-09    
                1.05177E-03     -626.53E-09   
                1.05569E-03     -490.227E-09  
                1.06E-03        -362.516E-09  
                1.06784E-03     -273.159E-09  
                1.07177E-03     -281.731E-09  
                1.07569E-03     -291.436E-09  
                1.08E-03        -271.133E-09  
                1.08784E-03      -97.0941E-09 
                1.09177E-03       48.1867E-09 
                1.09569E-03      210.34E-09   
                1.1E-03          385.351E-09  
                1.10784E-03      634.826E-09  
                1.11177E-03      717.307E-09  
                1.11569E-03      775.247E-09  
                1.12E-03         817.722E-09  
                1.12784E-03      859.283E-09  
                1.13177E-03      869.596E-09  
                1.13569E-03      876.183E-09  
                1.14E-03         882.007E-09  
                1.14784E-03      901.414E-09  
                1.15177E-03      917.949E-09  
                1.15569E-03      936.486E-09  
                1.16E-03         951.298E-09  
                1.16784E-03      925.768E-09  
                1.17177E-03      868.966E-09  
                1.17569E-03      774.706E-09  
                1.18392E-03      462.87E-09   
                1.18784E-03      277.951E-09  
                1.19177E-03       86.3357E-09 
                1.19569E-03      -98.4194E-09 
                1.2E-03         -280.746E-09  
                1.20784E-03     -525.421E-09  
                1.21177E-03     -603.921E-09  
                1.21569E-03     -658.453E-09  
                1.22E-03        -699.276E-09  
                1.22784E-03     -750.301E-09  
                1.23177E-03     -775.796E-09  
                1.23569E-03     -805.331E-09  
                1.24E-03        -842.488E-09  
                1.24784E-03     -910.33E-09   
                1.25177E-03     -936.446E-09  
                1.25569E-03     -951.636E-09  
                1.26E-03        -951.747E-09  
                1.26784E-03     -900.817E-09  
                1.27177E-03     -852.015E-09  
                1.27569E-03     -791.253E-09  
                1.28E-03        -715.017E-09  
                1.28784E-03     -570.128E-09  
                1.29177E-03     -500.497E-09  
                1.29569E-03     -434.327E-09  
                1.3E-03         -364.079E-09  
                1.30784E-03     -236.75E-09   
                1.31177E-03     -167.612E-09  
                1.31569E-03      -91.4532E-09 
                1.32E-03           2.26761E-09
                1.32784E-03      193.604E-09  
                1.33177E-03      294.906E-09  
                1.33569E-03      395.375E-09  
                1.34E-03         500.708E-09  
                1.34784E-03      660.453E-09  
                1.35177E-03      720.569E-09  
                1.35569E-03      766.774E-09  
                1.36E-03         803.075E-09  
                1.36784E-03      838.273E-09  
                1.37177E-03      846.718E-09  
                1.37569E-03      852.769E-09  
                1.38E-03         858.768E-09  
                1.38784E-03      870.877E-09  
                1.39177E-03      875.947E-09  
                1.39569E-03      877.792E-09  
                1.4E-03          872.741E-09  
                1.40784E-03      835.681E-09  
                1.41177E-03      799.782E-09  
                1.41569E-03      750.904E-09  
                1.42E-03         681.753E-09  
                1.42784E-03      521.486E-09  
                1.43177E-03      427.22E-09   
                1.43569E-03      325.345E-09  
                1.44392E-03       91.2956E-09 
                1.44784E-03      -26.5894E-09 
                1.45177E-03     -147.997E-09  
                1.45569E-03     -272.172E-09  
                1.46E-03        -411.079E-09  
                1.46784E-03     -660.139E-09  
                1.47177E-03     -778.244E-09  
                1.47569E-03     -888.168E-09  
                1.48E-03        -995.98E-09   
                1.48784E-03       -1.14283E-06
                1.49177E-03       -1.18808E-06
                1.49569E-03       -1.21316E-06
                1.5E-03           -1.21783E-06
                1.50784E-03       -1.17191E-06
                1.51177E-03       -1.1277E-06 
                1.51569E-03       -1.07335E-06
                1.52E-03          -1.00501E-06
                1.52784E-03     -868.749E-09  
                1.53177E-03     -797.082E-09  
                1.53569E-03     -723.042E-09  
                1.54E-03        -637.301E-09  
                1.54784E-03     -465.623E-09  
                1.55177E-03     -368.93E-09   
                1.55569E-03     -263.37E-09   
                1.56392E-03      -12.3797E-09 
                1.56784E-03      117.817E-09  
                1.57177E-03      252.19E-09   
                1.57569E-03      387.668E-09  
                1.58E-03         534.268E-09  
                1.58784E-03      776.657E-09  
                1.59177E-03      879.914E-09  
                1.59569E-03      968.028E-09  
                1.6E-03            1.04598E-06
                1.60784E-03        1.1331E-06 
                1.61177E-03        1.1511E-06 
                1.61569E-03        1.15361E-06
                1.62E-03           1.1404E-06 
                1.62784E-03        1.08078E-06
                1.63177E-03        1.03715E-06
                1.63569E-03      986.316E-09  
                1.64E-03         923.299E-09  
                1.64784E-03      794.408E-09  
                1.65177E-03      724.18E-09   
                1.65569E-03      650.513E-09  
                1.66E-03         565.366E-09  
                1.66784E-03      401.585E-09  
                1.67177E-03      315.244E-09  
                1.67569E-03      225.807E-09  
                1.68E-03         123.475E-09  
                1.68784E-03      -70.06E-09   
                1.69177E-03     -169.793E-09  
                1.69569E-03     -270.767E-09  
                1.7E-03         -382.539E-09  
                1.70784E-03     -579.942E-09  
                1.71177E-03     -672.925E-09  
                1.71569E-03     -760.012E-09  
                1.72E-03        -847.345E-09  
                1.72784E-03     -975.398E-09  
                1.73177E-03       -1.0223E-06 
                1.73569E-03       -1.05685E-06
                1.74E-03          -1.08037E-06
                1.74784E-03       -1.08445E-06
                1.75177E-03       -1.06881E-06
                1.75569E-03       -1.0424E-06 
                1.76E-03          -1.00176E-06
                1.76784E-03     -900.747E-09  
                1.77177E-03     -838.36E-09   
                1.77569E-03     -768.645E-09  
                1.78E-03        -683.625E-09  
                1.78784E-03     -509.551E-09  
                1.79177E-03     -413.795E-09  
                1.79569E-03     -312.898E-09  
                1.8E-03         -196.592E-09  
                1.80784E-03       22.3038E-09 
                1.81177E-03      132.709E-09  
                1.81569E-03      241.804E-09  
                1.82392E-03      460.007E-09  
                1.82784E-03      554.806E-09  
                1.83177E-03      642.243E-09  
                1.83569E-03      721.385E-09  
                1.84E-03         798.356E-09  
                1.84784E-03      908.031E-09  
                1.85177E-03      948.086E-09  
                1.85569E-03      978.481E-09  
                1.86E-03           1.00113E-06
                1.86784E-03        1.0135E-06 
                1.87177E-03        1.00618E-06
                1.87569E-03      990.086E-09  
                1.88E-03         962.377E-09  
                1.88784E-03      885.75E-09   
                1.89177E-03      835.038E-09  
                1.89569E-03      776.35E-09   
                1.9E-03          702.805E-09  
                1.90784E-03      547.953E-09  
                1.91177E-03      461.438E-09  
                1.91569E-03      369.75E-09   
                1.92E-03         263.59E-09   
                1.92784E-03       61.8064E-09 
                1.93177E-03      -41.4905E-09 
                1.93569E-03     -145.139E-09  
                1.94E-03        -258.672E-09  
                1.94784E-03     -457.123E-09  
                1.95177E-03     -550.326E-09  
                1.95569E-03     -638.084E-09  
                1.96E-03        -727.312E-09  
                1.96784E-03     -863.269E-09  
                1.97177E-03     -916.548E-09  
                1.97569E-03     -958.913E-09  
                1.98E-03        -992.298E-09  
                1.98784E-03       -1.01422E-06
                1.99177E-03       -1.0061E-06 
                1.99569E-03     -985.52E-09   
                2.E-03          -949.103E-09  
                2.00784E-03     -849.043E-09  
                2.01177E-03     -784.834E-09  
                2.01569E-03     -712.953E-09  
                2.02E-03        -626.644E-09  
                2.02784E-03     -457.632E-09  
                2.03177E-03     -370.255E-09  
                2.03569E-03     -282.755E-09  
                2.04E-03        -187.457E-09  
                2.04784E-03      -22.1123E-09 
                2.05177E-03       55.5889E-09 
                2.05569E-03      129.64E-09   
                2.06E-03         207.164E-09  
                2.06784E-03      336.043E-09  
                2.07177E-03      395.133E-09  
                2.07569E-03      451.04E-09   
                2.08E-03         509.361E-09  
                2.08784E-03      604.84E-09   
                2.09177E-03      647.189E-09  
                2.09569E-03      685.559E-09  
                2.1E-03          722.822E-09  
                2.10784E-03      773.258E-09  
                2.11177E-03      788.935E-09  
                2.11569E-03      797.569E-09  
                2.12E-03         798.529E-09  
                2.12784E-03      775.688E-09  
                2.13177E-03      752.304E-09  
                2.13569E-03      721.18E-09   
                2.14392E-03      632.288E-09  
                2.14784E-03      580.054E-09  
                2.15177E-03      522.218E-09  
                2.15569E-03      459.448E-09  
                2.16E-03         385.259E-09  
                2.16784E-03      240.772E-09  
                2.17177E-03      165.075E-09  
                2.17569E-03       87.7912E-09 
                2.18E-03           1.27909E-09
                2.18784E-03     -155.712E-09  
                2.19177E-03     -232.973E-09  
                2.19569E-03     -308.677E-09  
                2.2E-03         -389.707E-09  
                2.20784E-03     -525.935E-09  
                2.21177E-03     -587.242E-09  
                2.21569E-03     -643.07E-09   
                2.22E-03        -697.535E-09  
                2.22784E-03     -773.293E-09  
                2.23177E-03     -798.763E-09  
                2.23569E-03     -815.395E-09  
                2.24E-03        -823.264E-09  
                2.24784E-03     -808.345E-09  
                2.25177E-03     -786.978E-09  
                2.25569E-03     -756.786E-09  
                2.26E-03        -713.95E-09   
                2.26784E-03     -613.444E-09  
                2.27177E-03     -553.896E-09  
                2.27569E-03     -489.368E-09  
                2.28E-03        -413.586E-09  
                2.28784E-03     -268.237E-09  
                2.29177E-03     -193.71E-09   
                2.29569E-03     -119.011E-09  
                2.3E-03          -37.2006E-09 
                2.30784E-03      106.247E-09  
                2.31177E-03      174.506E-09  
                2.31569E-03      240.036E-09  
                2.32E-03         308.946E-09  
                2.32784E-03      422.864E-09  
                2.33177E-03      473.97E-09   
                2.33569E-03      520.976E-09  
                2.34E-03         567.935E-09  
                2.34784E-03      637.842E-09  
                2.35177E-03      664.769E-09  
                2.35569E-03      685.994E-09  
                2.36392E-03      710.81E-09   
                2.36784E-03      712.298E-09  
                2.37177E-03      706.954E-09  
                2.37569E-03      694.699E-09  
                2.38E-03         673.277E-09  
                2.38784E-03      613.603E-09  
                2.39177E-03      574.336E-09  
                2.39569E-03      529.35E-09   
                2.4E-03          473.758E-09  
                2.40784E-03      359.802E-09  
                2.41177E-03      297.915E-09  
                2.41569E-03      233.641E-09  
                2.42392E-03       93.6403E-09 
                2.42784E-03       26.5512E-09 
                2.43177E-03      -40.1695E-09 
                2.43569E-03     -106.001E-09  
                2.44E-03        -177.144E-09  
                2.44784E-03     -299.433E-09  
                2.45177E-03     -356.473E-09  
                2.45569E-03     -410.395E-09  
                2.46E-03        -466.001E-09  
                2.46784E-03     -554.075E-09  
                2.47177E-03     -591.206E-09  
                2.47569E-03     -623.353E-09  
                2.48E-03        -652.735E-09  
                2.48784E-03     -687.597E-09  
                2.49177E-03     -695.461E-09  
                2.49569E-03     -696.628E-09  
                2.5E-03         -689.972E-09  
                2.50784E-03     -655.781E-09  
                2.51177E-03     -627.979E-09  
                2.51569E-03     -593.189E-09  
                2.52E-03        -547.038E-09  
                2.52784E-03     -444.307E-09  
                2.53177E-03     -384.894E-09  
                2.53569E-03     -320.986E-09  
                2.54E-03        -246.214E-09  
                2.54784E-03     -103.383E-09  
                2.55177E-03      -30.4889E-09 
                2.55569E-03       42.1553E-09 
                2.56E-03         120.935E-09  
                2.56784E-03      255.598E-09  
                2.57177E-03      317.224E-09  
                2.57569E-03      374.201E-09  
                2.58E-03         431.135E-09  
                2.58784E-03      515.998E-09  
                2.59177E-03      548.997E-09  
                2.59569E-03      575.672E-09  
                2.6E-03          597.966E-09  
                2.60784E-03      619.158E-09  
                2.61177E-03      620.927E-09  
                2.61569E-03      617.254E-09  
                2.62E-03         607.374E-09  
                2.62784E-03      574.654E-09  
                2.63177E-03      551.754E-09  
                2.63569E-03      524.856E-09  
                2.64E-03         490.85E-09   
                2.64784E-03      418.315E-09  
                2.65177E-03      377.204E-09  
                2.65569E-03      333.07E-09   
                2.66392E-03      231.232E-09  
                2.66784E-03      179.284E-09  
                2.67177E-03      125.392E-09  
                2.67569E-03       69.9083E-09 
                2.68E-03           7.2785E-09 
                2.68784E-03     -107.363E-09  
                2.69177E-03     -164.038E-09  
                2.69569E-03     -219.577E-09  
                2.7E-03         -278.913E-09  
                2.70784E-03     -377.971E-09  
                2.71177E-03     -422.153E-09  
                2.71569E-03     -462.146E-09  
                2.72E-03        -500.988E-09  
                2.72784E-03     -555.E-09     
                2.73177E-03     -573.489E-09  
                2.73569E-03     -586.132E-09  
                2.74E-03        -593.327E-09  
                2.74784E-03     -587.853E-09  
                2.75177E-03     -576.383E-09  
                2.75569E-03     -559.36E-09   
                2.76E-03        -534.495E-09  
                2.76784E-03     -474.148E-09  
                2.77177E-03     -437.317E-09  
                2.77569E-03     -396.532E-09  
                2.78E-03        -347.438E-09  
                2.78784E-03     -249.424E-09  
                2.79177E-03     -197.053E-09  
                2.79569E-03     -143.027E-09  
                2.8E-03          -82.0412E-09 
                2.80784E-03       29.5485E-09 
                2.81177E-03       84.7069E-09 
                2.81569E-03      138.816E-09  
                2.82E-03         196.78E-09   
                2.82784E-03      294.441E-09  
                2.83177E-03      338.684E-09  
                2.83569E-03      379.393E-09  
                2.84E-03         419.897E-09  
                2.84784E-03      479.538E-09  
                2.85177E-03      502.193E-09  
                2.85569E-03      519.928E-09  
                2.86E-03         533.794E-09  
                2.86784E-03      543.027E-09  
                2.87177E-03      540.036E-09  
                2.87569E-03      532.135E-09  
                2.88392E-03      500.239E-09  
                2.88784E-03      478.112E-09  
                2.89177E-03      451.798E-09  
                2.89569E-03      421.53E-09   
                2.9E-03          383.867E-09  
                2.90784E-03      305.402E-09  
                2.91177E-03      261.907E-09  
                2.91569E-03      215.969E-09  
                2.92E-03         162.842E-09  
                2.92784E-03       62.0015E-09 
                2.93177E-03       10.3112E-09 
                2.93569E-03      -41.6865E-09 
                2.94392E-03     -150.003E-09  
                2.94784E-03     -199.604E-09  
                2.95177E-03     -247.39E-09   
                2.95569E-03     -292.876E-09  
                2.96E-03        -339.923E-09  
                2.96784E-03     -414.309E-09  
                2.97177E-03     -445.396E-09  
                2.97569E-03     -472.05E-09   
                2.98E-03        -496.127E-09  
                2.98784E-03     -524.243E-09  
                2.99177E-03     -530.619E-09  
                2.99569E-03     -531.928E-09  
                3.E-03          -527.683E-09  
                3.00784E-03     -505.072E-09  
                3.01177E-03     -487.02E-09   
                3.01569E-03     -464.845E-09  
                3.02E-03        -436.004E-09  
                3.02784E-03     -373.414E-09  
                3.03177E-03     -337.923E-09  
                3.03569E-03     -300.124E-09  
                3.04E-03        -256.191E-09  
                3.04784E-03     -172.633E-09  
                3.05177E-03     -129.88E-09   
                3.05569E-03      -87.0112E-09 
                3.06E-03         -40.0357E-09 
                3.06784E-03       41.6637E-09 
                3.07177E-03       79.8262E-09 
                3.07569E-03      115.619E-09  
                3.08E-03         151.915E-09  
                3.08784E-03      206.37E-09   
                3.09177E-03      227.181E-09  
                3.09569E-03      243.224E-09  
                3.1E-03          255.113E-09  
                3.10784E-03      258.884E-09  
                3.11177E-03      251.673E-09  
                3.11569E-03      238.189E-09  
                3.12392E-03      189.065E-09  
                3.12784E-03      155.461E-09  
                3.13177E-03      115.329E-09  
                3.13569E-03       68.7306E-09 
                3.14E-03          10.1029E-09 
                3.14784E-03     -115.645E-09  
                3.15177E-03     -187.483E-09  
                3.15569E-03     -265.088E-09  
                3.16E-03        -357.023E-09  
                3.16784E-03     -540.397E-09  
                3.17177E-03     -639.597E-09  
                3.17569E-03     -743.608E-09  
                3.18392E-03     -977.083E-09  
                3.18784E-03       -1.09462E-06
                3.19177E-03       -1.21611E-06
                3.19569E-03       -1.34137E-06
                3.2E-03           -1.48349E-06
                3.20784E-03       -1.7515E-06 
                3.21177E-03       -1.8898E-06 
                3.21569E-03       -2.03078E-06
                3.22E-03          -2.18895E-06
                3.22784E-03       -2.48327E-06
                3.23177E-03       -2.63356E-06
                3.23569E-03       -2.78595E-06
                3.24E-03          -2.95611E-06
                3.24784E-03       -3.27231E-06
                3.25177E-03       -3.43407E-06
                3.25569E-03       -3.59862E-06
                3.26E-03          -3.78318E-06
                3.26784E-03       -4.13018E-06
                3.27177E-03       -4.31003E-06
                3.27569E-03       -4.49472E-06
                3.28E-03          -4.7039E-06 
                3.28784E-03       -5.10332E-06
                3.29177E-03       -5.31316E-06
                3.29569E-03       -5.53034E-06
                3.3E-03           -5.77798E-06
                3.30784E-03       -6.25474E-06
                3.31177E-03       -6.50656E-06
                3.31569E-03       -6.76771E-06
                3.32E-03          -7.06578E-06
                3.32784E-03       -7.63945E-06
                3.33177E-03       -7.94194E-06
                3.33569E-03       -8.25507E-06
                3.34E-03          -8.61174E-06
                3.34784E-03       -9.29522E-06
                3.35177E-03       -9.65403E-06
                3.35569E-03      -10.0243E-06 
                3.36E-03         -10.4447E-06 
                3.36784E-03      -11.2457E-06 
                3.37177E-03      -11.6637E-06 
                3.37569E-03      -12.0933E-06 
                3.38E-03         -12.5787E-06 
                3.38784E-03      -13.4961E-06 
                3.39177E-03      -13.9708E-06 
                3.39569E-03      -14.4555E-06 
                3.4E-03          -14.9998E-06 
                3.40784E-03      -16.0163E-06 
                3.41177E-03      -16.5361E-06 
                3.41569E-03      -17.0627E-06 
                3.42392E-03      -18.1865E-06 
                3.42784E-03      -18.7281E-06 
                3.43177E-03      -19.2726E-06 
                3.43569E-03      -19.819E-06  
                3.44E-03         -20.4212E-06 
                3.44784E-03      -21.5143E-06 
                3.45177E-03      -22.058E-06  
                3.45569E-03      -22.5984E-06 
                3.46E-03         -23.1881E-06 
                3.46784E-03      -24.2431E-06 
                3.47177E-03      -24.7603E-06 
                3.47569E-03      -25.2697E-06 
                3.48E-03         -25.82E-06   
                3.48784E-03      -26.7899E-06 
                3.49177E-03      -27.2586E-06 
                3.49569E-03      -27.7155E-06 
                3.5E-03          -28.2036E-06 
                3.50784E-03      -29.0502E-06 
                3.51177E-03      -29.4525E-06 
                3.51569E-03      -29.8402E-06 
                3.52E-03         -30.249E-06  
                3.52784E-03      -30.9444E-06 
                3.53177E-03      -31.2681E-06 
                3.53569E-03      -31.5754E-06 
                3.54E-03         -31.8942E-06 
                3.54784E-03      -32.4224E-06 
                3.55177E-03      -32.6613E-06 
                3.55569E-03      -32.8834E-06 
                3.56E-03         -33.108E-06  
                3.56784E-03      -33.4649E-06 
                3.57177E-03      -33.6186E-06 
                3.57569E-03      -33.7557E-06 
                3.58E-03         -33.8876E-06 
                3.58784E-03      -34.0778E-06 
                3.59177E-03      -34.1493E-06 
                3.59569E-03      -34.2051E-06 
                3.6E-03          -34.2485E-06 
                3.60784E-03      -34.2805E-06 
                3.61177E-03      -34.2741E-06 
                3.61569E-03      -34.2528E-06 
                3.62E-03         -34.2123E-06 
                3.62784E-03      -34.0937E-06 
                3.63177E-03      -34.0127E-06 
                3.63569E-03      -33.9173E-06 
                3.64392E-03      -33.6705E-06 
                3.64784E-03      -33.5308E-06 
                3.65177E-03      -33.3768E-06 
                3.65569E-03      -33.2086E-06 
                3.66E-03         -33.0074E-06 
                3.66784E-03      -32.5972E-06 
                3.67177E-03      -32.3709E-06 
                3.67569E-03      -32.1305E-06 
                3.68E-03         -31.8503E-06 
                3.68784E-03      -31.2973E-06 
                3.69177E-03      -31.0002E-06 
                3.69569E-03      -30.6896E-06 
                3.70392E-03      -29.9947E-06 
                3.70784E-03      -29.6435E-06 
                3.71177E-03      -29.2797E-06 
                3.71569E-03      -28.9035E-06 
                3.72E-03         -28.4761E-06 
                3.72784E-03      -27.6626E-06 
                3.73177E-03      -27.239E-06  
                3.73569E-03      -26.8047E-06 
                3.74E-03         -26.3154E-06 
                3.74784E-03      -25.3952E-06 
                3.75177E-03      -24.9213E-06 
                3.75569E-03      -24.4389E-06 
                3.76E-03         -23.8991E-06 
                3.76784E-03      -22.8943E-06 
                3.77177E-03      -22.3819E-06 
                3.77569E-03      -21.8635E-06 
                3.78E-03         -21.287E-06  
                3.78784E-03      -20.2243E-06 
                3.79177E-03      -19.6873E-06 
                3.79569E-03      -19.1472E-06 
                3.8E-03          -18.5503E-06 
                3.80784E-03      -17.46E-06   
                3.81177E-03      -16.9137E-06 
                3.81569E-03      -16.3674E-06 
                3.82E-03         -15.767E-06  
                3.82784E-03      -14.6792E-06 
                3.83177E-03      -14.1381E-06 
                3.83569E-03      -13.5995E-06 
                3.84E-03         -13.0102E-06 
                3.84784E-03      -11.949E-06  
                3.85177E-03      -11.4239E-06 
                3.85569E-03      -10.9027E-06 
                3.86E-03         -10.3341E-06 
                3.86784E-03       -9.31311E-06
                3.87177E-03       -8.80906E-06
                3.87569E-03       -8.30924E-06
                3.88E-03          -7.76433E-06
                3.88784E-03       -6.78586E-06
                3.89177E-03       -6.30235E-06
                3.89569E-03       -5.82239E-06
                3.9E-03           -5.29844E-06
                3.90784E-03       -4.35454E-06
                3.91177E-03       -3.88637E-06
                3.91569E-03       -3.4203E-06 
                3.92E-03          -2.90989E-06
                3.92784E-03       -1.98518E-06
                3.93177E-03       -1.52382E-06
                3.93569E-03       -1.06266E-06
                3.94E-03        -555.434E-09  
                3.94784E-03      369.796E-09  
                3.95177E-03      834.436E-09  
                3.95569E-03        1.30086E-06
                3.96E-03           1.8161E-06 
                3.96784E-03        2.76148E-06
                3.97177E-03        3.23871E-06
                3.97569E-03        3.71923E-06
                3.98E-03           4.25156E-06
                3.98784E-03        5.2314E-06 
                3.99177E-03        5.72713E-06
                3.99569E-03        6.22674E-06
                4.E-03             6.78058E-06
                4.00784E-03        7.79959E-06
                4.01177E-03        8.31453E-06
                4.01569E-03        8.83284E-06
                4.02E-03           9.40638E-06
                4.02784E-03       10.4581E-06 
                4.03177E-03       10.9874E-06 
                4.03569E-03       11.5185E-06 
                4.04E-03          12.1044E-06 
                4.04784E-03       13.1723E-06 
                4.05177E-03       13.7065E-06 
                4.05569E-03       14.2403E-06 
                4.06E-03          14.8265E-06 
                4.06784E-03       15.8872E-06 
                4.07176E-03       16.414E-06  
                4.07569E-03       16.9378E-06 
                4.08E-03          17.51E-06   
                4.08784E-03       18.5372E-06 
                4.09177E-03       19.0434E-06 
                4.09569E-03       19.5441E-06 
                4.1E-03           20.088E-06  
                4.10784E-03       21.0566E-06 
                4.11177E-03       21.5301E-06 
                4.11569E-03       21.9961E-06 
                4.12E-03          22.4994E-06 
                4.12784E-03       23.3891E-06 
                4.13176E-03       23.8209E-06 
                4.13569E-03       24.2437E-06 
                4.14E-03          24.6983E-06 
                4.14784E-03       25.4961E-06 
                4.15177E-03       25.8808E-06 
                4.15569E-03       26.256E-06  
                4.16E-03          26.6575E-06 
                4.16784E-03       27.3581E-06 
                4.17177E-03       27.694E-06  
                4.17569E-03       28.0204E-06 
                4.18E-03          28.3682E-06 
                4.18784E-03       28.9718E-06 
                4.19177E-03       29.2595E-06 
                4.19569E-03       29.5379E-06 
                4.2E-03           29.8332E-06 
                4.20784E-03       30.3418E-06 
                4.21177E-03       30.5824E-06 
                4.21569E-03       30.8137E-06 
                4.22E-03          31.0572E-06 
                4.22784E-03       31.4715E-06 
                4.23177E-03       31.6645E-06 
                4.23569E-03       31.848E-06  
                4.24E-03          32.0384E-06 
                4.24784E-03       32.3541E-06 
                4.25177E-03       32.4967E-06 
                4.25569E-03       32.6287E-06 
                4.26E-03          32.7614E-06 
                4.26784E-03       32.9682E-06 
                4.27177E-03       33.0542E-06 
                4.27569E-03       33.1283E-06 
                4.28392E-03       33.2434E-06 
                4.28784E-03       33.2782E-06 
                4.29176E-03       33.2997E-06 
                4.29569E-03       33.3076E-06 
                4.3E-03           33.3002E-06 
                4.30784E-03       33.2421E-06 
                4.31177E-03       33.1909E-06 
                4.31569E-03       33.1246E-06 
                4.32E-03          33.0341E-06 
                4.32784E-03       32.821E-06  
                4.33177E-03       32.6907E-06 
                4.33569E-03       32.5443E-06 
                4.34392E-03       32.1846E-06 
                4.34784E-03       31.9879E-06 
                4.35176E-03       31.7749E-06 
                4.35569E-03       31.5455E-06 
                4.36E-03          31.2746E-06 
                4.36784E-03       30.7315E-06 
                4.37177E-03       30.4358E-06 
                4.37569E-03       30.1242E-06 
                4.38E-03          29.7634E-06 
                4.38784E-03       29.0597E-06 
                4.39177E-03       28.6853E-06 
                4.39569E-03       28.2964E-06 
                4.4E-03           27.8525E-06 
                4.40784E-03       27.0033E-06 
                4.41177E-03       26.5596E-06 
                4.41569E-03       26.1038E-06 
                4.42E-03          25.5894E-06 
                4.42784E-03       24.6217E-06 
                4.43177E-03       24.1238E-06 
                4.43569E-03       23.6174E-06 
                4.44E-03          23.0517E-06 
                4.44784E-03       22.0032E-06 
                4.45177E-03       21.4712E-06 
                4.45569E-03       20.9352E-06 
                4.46E-03          20.3419E-06 
                4.46784E-03       19.2571E-06 
                4.47177E-03       18.7136E-06 
                4.47569E-03       18.1704E-06 
                4.48E-03          17.5743E-06 
                4.48784E-03       16.4972E-06 
                4.49177E-03       15.9635E-06 
                4.49569E-03       15.4339E-06 
                4.5E-03           14.8571E-06 
                4.50784E-03       13.8253E-06 
                4.51177E-03       13.3189E-06 
                4.51569E-03       12.8195E-06 
                4.52E-03          12.2789E-06 
                4.52784E-03       11.3206E-06 
                4.53177E-03       10.8542E-06 
                4.53569E-03       10.3967E-06 
                4.54E-03           9.90427E-06
                4.54784E-03        9.03832E-06
                4.55177E-03        8.62009E-06
                4.55569E-03        8.21197E-06
                4.56E-03           7.77514E-06
                4.56784E-03        7.01273E-06
                4.57177E-03        6.64727E-06
                4.57569E-03        6.29244E-06
                4.58E-03           5.91465E-06
                4.58784E-03        5.26034E-06
                4.59177E-03        4.94905E-06
                4.59569E-03        4.64833E-06
                4.6E-03            4.32986E-06
                4.60784E-03        3.78264E-06
                4.61177E-03        3.52436E-06
                4.61569E-03        3.2762E-06 
                4.62E-03           3.01495E-06
                4.62784E-03        2.57017E-06
                4.63177E-03        2.3623E-06 
                4.63569E-03        2.164E-06  
                4.64E-03           1.95687E-06
                4.64784E-03        1.60911E-06
                4.65177E-03        1.44909E-06
                4.65569E-03        1.2982E-06 
                4.66392E-03        1.01078E-06
                4.66784E-03      887.853E-09  
                4.67176E-03      773.823E-09  
                4.67569E-03      668.616E-09  
                4.68E-03         562.916E-09  
                4.68784E-03      397.684E-09  
                4.69177E-03      327.897E-09  
                4.69569E-03      266.468E-09  
                4.7E-03          208.274E-09  
                4.70784E-03      127.48E-09   
                4.71177E-03       98.7686E-09 
                4.71569E-03       77.5141E-09 
                4.72392E-03       55.8808E-09 
                4.72784E-03       56.1769E-09 
                4.73176E-03       62.8311E-09 
                4.73569E-03       75.515E-09  
                4.74E-03          95.9457E-09 
                4.74784E-03      149.407E-09  
                4.75177E-03      183.27E-09   
                4.75569E-03      221.362E-09  
                4.76E-03         267.655E-09  
                4.76784E-03      362.149E-09  
                4.77177E-03      413.588E-09  
                4.77569E-03      467.286E-09  
                4.78392E-03      585.647E-09  
                4.78784E-03      643.796E-09  
                4.79177E-03      702.563E-09  
                4.79569E-03      761.549E-09  
                4.8E-03          826.271E-09  
                4.80784E-03      941.439E-09  
                4.81177E-03      997.02E-09   
                4.81569E-03        1.05076E-06
                4.82E-03           1.10738E-06
                4.82784E-03        1.2015E-06 
                4.83177E-03        1.24359E-06
                4.83569E-03        1.28195E-06
                4.84392E-03        1.34911E-06
                4.84784E-03        1.37393E-06
                4.85177E-03        1.39386E-06
                4.85569E-03        1.40873E-06
                4.86E-03           1.41913E-06
                4.86784E-03        1.42121E-06
                4.87177E-03        1.41403E-06
                4.87569E-03        1.4014E-06 
                4.88E-03           1.38133E-06
                4.88784E-03        1.32849E-06
                4.89177E-03        1.2945E-06 
                4.89569E-03        1.25574E-06
                4.9E-03            1.20788E-06
                4.90784E-03        1.1081E-06 
                4.91177E-03        1.05265E-06
                4.91569E-03      993.936E-09  
                4.92E-03         925.959E-09  
                4.92784E-03      795.085E-09  
                4.93177E-03      726.873E-09  
                4.93569E-03      657.301E-09  
                4.94E-03         579.586E-09  
                4.94784E-03      437.132E-09  
                4.95177E-03      366.091E-09  
                4.95569E-03      295.643E-09  
                4.96E-03         219.179E-09  
                4.96784E-03       84.8969E-09 
                4.97177E-03       20.7172E-09 
                4.97569E-03      -41.08E-09   
                4.98E-03        -106.011E-09  
                4.98784E-03     -214.238E-09  
                4.99177E-03     -263.07E-09   
                4.99569E-03     -308.079E-09  
                5.E-03          -352.956E-09  
                5.00784E-03     -421.136E-09  
                5.01177E-03     -448.446E-09  
                5.01569E-03     -471.109E-09  
                5.02E-03        -490.601E-09  
                5.02784E-03     -511.379E-09  
                5.03177E-03     -514.734E-09  
                5.03569E-03     -513.503E-09  
                5.04E-03        -506.961E-09  
                5.04784E-03     -482.115E-09  
                5.05177E-03     -463.84E-09   
                5.05569E-03     -441.985E-09  
                5.06E-03        -414.075E-09  
                5.06784E-03     -354.707E-09  
                5.07177E-03     -321.502E-09  
                5.07569E-03     -286.395E-09  
                5.08E-03        -245.913E-09  
                5.08784E-03     -169.354E-09  
                5.09177E-03     -130.331E-09  
                5.09569E-03      -91.2453E-09 
                5.1E-03          -48.4896E-09 
                5.10784E-03       26.8778E-09 
                5.11176E-03       62.8652E-09 
                5.11569E-03       97.4073E-09 
                5.12E-03         133.522E-09  
                5.12784E-03      193.028E-09  
                5.13177E-03      219.49E-09   
                5.13569E-03      243.598E-09  
                5.14E-03         267.291E-09  
                5.14784E-03      302.429E-09  
                5.15177E-03      316.068E-09  
                5.15569E-03      327.064E-09  
                5.16E-03         336.079E-09  
                5.16784E-03      344.512E-09  
                5.17177E-03      344.961E-09  
                5.17569E-03      342.973E-09  
                5.18E-03         338.003E-09  
                5.18784E-03      322.297E-09  
                5.19177E-03      311.42E-09   
                5.19569E-03      298.675E-09  
                5.2E-03          282.573E-09  
                5.20784E-03      248.821E-09  
                5.21177E-03      230.068E-09  
                5.21569E-03      210.259E-09  
                5.22E-03         187.374E-09  
                5.22784E-03      144.018E-09  
                5.23177E-03      121.833E-09  
                5.23569E-03       99.5244E-09 
                5.24E-03          74.9918E-09 
                5.24784E-03       31.4801E-09 
                5.25177E-03       10.571E-09  
                5.25569E-03       -9.57995E-09
                5.26392E-03      -48.8143E-09 
                5.26784E-03      -65.7074E-09 
                5.27176E-03      -81.3008E-09 
                5.27569E-03      -95.4986E-09 
                5.28E-03        -109.388E-09  
                5.28784E-03     -129.85E-09   
                5.29177E-03     -137.671E-09  
                5.29569E-03     -143.852E-09  
                5.3E-03         -148.7E-09    
                5.30784E-03     -152.697E-09  
                5.31177E-03     -152.43E-09   
                5.31569E-03     -150.719E-09  
                5.32392E-03     -142.701E-09  
                5.32784E-03     -137.164E-09  
                5.33176E-03     -130.622E-09  
                5.33569E-03     -123.195E-09  
                5.34E-03        -114.074E-09  
                5.34784E-03      -96.0133E-09 
                5.35177E-03      -86.5301E-09 
                5.35569E-03      -76.9139E-09 
                5.36E-03         -66.2817E-09 
                5.36784E-03      -47.7831E-09 
                5.37177E-03      -39.1791E-09 
                5.37569E-03      -31.1479E-09 
                5.38E-03         -23.0672E-09 
                5.38784E-03      -10.9924E-09 
                5.39177E-03       -6.36433E-09
                5.39569E-03       -2.74455E-09
                5.4E-03           20.8222E-12 
                5.40784E-03        1.74292E-09
                5.41177E-03        1.00486E-09
                5.41569E-03     -774.488E-12  
                5.42E-03          -3.93337E-09
                5.42784E-03      -12.4031E-09 
                5.43177E-03      -17.827E-09  
                5.43569E-03      -23.9448E-09 
                5.44E-03         -31.4356E-09 
                5.44784E-03      -46.2543E-09 
                5.45177E-03      -54.0495E-09 
                5.45569E-03      -61.9769E-09 
                5.46E-03         -70.803E-09  
                5.46784E-03      -86.2278E-09 
                5.47177E-03      -93.4623E-09 
                5.47569E-03     -100.278E-09  
                5.48E-03        -107.263E-09  
                5.48784E-03     -117.886E-09  
                5.49177E-03     -122.088E-09  
                5.49569E-03     -125.503E-09  
                5.5E-03         -128.349E-09  
                5.50784E-03     -130.723E-09  
                5.51177E-03     -130.537E-09  
                5.51569E-03     -129.44E-09   
                5.52E-03        -127.197E-09  
                5.52784E-03     -120.361E-09  
                5.53177E-03     -115.657E-09  
                5.53569E-03     -110.141E-09  
                5.54E-03        -103.151E-09  
                5.54784E-03      -88.3348E-09 
                5.55177E-03      -80.0056E-09 
                5.55569E-03      -71.1318E-09 
                5.56E-03         -60.7599E-09 
                5.56784E-03      -40.9028E-09 
                5.57177E-03      -30.6277E-09 
                5.57569E-03      -20.2125E-09 
                5.58E-03          -8.62034E-09
                5.58784E-03       12.0135E-09 
                5.59177E-03       21.9522E-09 
                5.59569E-03       31.535E-09  
                5.6E-03           41.6256E-09 
                5.60784E-03       57.9644E-09 
                5.61177E-03       65.0023E-09 
                5.61569E-03       71.1934E-09 
                5.62E-03          76.9884E-09 
                5.62784E-03       84.2141E-09 
                5.63177E-03       86.1272E-09 
                5.63569E-03       86.8634E-09 
                5.64E-03          86.302E-09  
                5.64784E-03       81.4396E-09 
                5.65176E-03       77.167E-09  
                5.65569E-03       71.7028E-09 
                5.66E-03          64.3485E-09 
                5.66784E-03       47.7286E-09 
                5.67177E-03       37.9963E-09 
                5.67569E-03       27.4331E-09 
                5.68E-03          14.9294E-09 
                5.68784E-03       -9.38624E-09
                5.69177E-03      -22.0679E-09 
                5.69569E-03      -34.9359E-09 
                5.7E-03          -49.2124E-09 
                5.70784E-03      -74.5247E-09 
                5.71176E-03      -86.6174E-09 
                5.71569E-03      -98.1833E-09 
                5.72E-03        -110.229E-09  
                5.72784E-03     -129.443E-09  
                5.73177E-03     -137.579E-09  
                5.73569E-03     -144.645E-09  
                5.74E-03        -151.164E-09  
                5.74784E-03     -159.129E-09  
                5.75177E-03     -161.183E-09  
                5.75569E-03     -161.948E-09  
                5.76392E-03     -159.408E-09  
                5.76784E-03     -156.209E-09  
                5.77177E-03     -151.786E-09  
                5.77569E-03     -146.187E-09  
                5.78E-03        -138.727E-09  
                5.78784E-03     -121.993E-09  
                5.79177E-03     -112.236E-09  
                5.79569E-03     -101.655E-09  
                5.8E-03          -89.1247E-09 
                5.80784E-03      -64.5456E-09 
                5.81177E-03      -51.557E-09  
                5.81569E-03      -38.2119E-09 
                5.82392E-03       -9.37175E-09
                5.82784E-03        4.42438E-09
                5.83177E-03       18.1745E-09 
                5.83569E-03       31.7923E-09 
                5.84E-03          46.5829E-09 
                5.84784E-03       72.2279E-09 
                5.85177E-03       84.3011E-09 
                5.85569E-03       95.7892E-09 
                5.86392E-03      117.743E-09  
                5.86784E-03      126.892E-09  
                5.87176E-03      135.146E-09  
                5.87569E-03      142.447E-09  
                5.88392E-03      154.492E-09  
                5.88784E-03      158.497E-09  
                5.89177E-03      161.356E-09  
                5.89569E-03      163.044E-09  
                5.9E-03          163.532E-09  
                5.90784E-03      160.693E-09  
                5.91177E-03      157.48E-09   
                5.91569E-03      153.089E-09  
                5.92E-03         146.903E-09  
                5.92784E-03      132.339E-09  
                5.93177E-03      123.543E-09  
                5.93569E-03      113.81E-09   
                5.94E-03         102.052E-09  
                5.94784E-03       78.4991E-09 
                5.95177E-03       65.837E-09  
                5.95569E-03       52.6994E-09 
                5.96E-03          37.7586E-09 
                5.96784E-03       10.1127E-09 
                5.97177E-03       -3.7327E-09 
                5.97569E-03      -17.4574E-09 
                5.98E-03         -32.3361E-09 
                5.98784E-03      -57.9903E-09 
                5.99177E-03      -69.9343E-09 
                5.99569E-03      -81.1669E-09 
                6.E-03           -92.6272E-09 
                6.00784E-03     -110.459E-09  
                6.01177E-03     -117.779E-09  
                6.01569E-03     -123.958E-09  
                6.02E-03        -129.39E-09   
                6.02784E-03     -135.388E-09  
                6.03177E-03     -136.47E-09   
                6.03569E-03     -136.269E-09  
                6.04E-03        -134.559E-09  
                6.04784E-03     -127.675E-09  
                6.05177E-03     -122.48E-09   
                6.05569E-03     -116.181E-09  
                6.06E-03        -108.007E-09  
                6.06784E-03      -90.3874E-09 
                6.07177E-03      -80.3988E-09 
                6.07569E-03      -69.7314E-09 
                6.08E-03         -57.2674E-09 
                6.08784E-03      -33.3977E-09 
                6.09176E-03      -21.0611E-09 
                6.09569E-03       -8.56953E-09
                6.1E-03            5.29709E-09
                6.10784E-03       30.1248E-09 
                6.11177E-03       42.1968E-09 
                6.11569E-03       53.951E-09  
                6.12E-03          66.4702E-09 
                6.12784E-03       87.6027E-09 
                6.13177E-03       97.2725E-09 
                6.13569E-03      106.286E-09  
                6.14E-03         115.406E-09  
                6.14784E-03      129.587E-09  
                6.15177E-03      135.452E-09  
                6.15569E-03      140.466E-09  
                6.16E-03         144.96E-09   
                6.16784E-03      150.383E-09  
                6.17177E-03      151.735E-09  
                6.17569E-03      152.169E-09  
                6.18E-03         151.547E-09  
                6.18784E-03      147.699E-09  
                6.19177E-03      144.474E-09  
                6.19569E-03      140.396E-09  
                6.2E-03          134.905E-09  
                6.20784E-03      122.678E-09  
                6.21177E-03      115.554E-09  
                6.21569E-03      107.812E-09  
                6.22E-03          98.5989E-09 
                6.22784E-03       80.6118E-09 
                6.23177E-03       71.1632E-09 
                6.23569E-03       61.5107E-09 
                6.24392E-03       40.9443E-09 
                6.24784E-03       31.3204E-09 
                6.25176E-03       21.9148E-09 
                6.25569E-03       12.8265E-09 
                6.26E-03           3.28626E-09
                6.26784E-03      -12.2716E-09 
                6.27177E-03      -19.0113E-09 
                6.27569E-03      -24.954E-09  
                6.28E-03         -30.4826E-09 
                6.28784E-03      -37.5643E-09 
                6.29177E-03      -39.5639E-09 
                6.29569E-03      -40.4829E-09 
                6.30392E-03      -38.7618E-09 
                6.30784E-03      -36.246E-09  
                6.31176E-03      -32.6192E-09 
                6.31569E-03      -27.8934E-09 
                6.32E-03         -21.4019E-09 
                6.32784E-03       -6.53359E-09
                6.33177E-03        2.3229E-09 
                6.33569E-03       12.0849E-09 
                6.34E-03          23.8705E-09 
                6.34784E-03       47.5836E-09 
                6.35177E-03       60.4641E-09 
                6.35569E-03       73.9808E-09 
                6.36392E-03      104.297E-09  
                6.36784E-03      119.46E-09   
                6.37177E-03      135.075E-09  
                6.37569E-03      151.116E-09  
                6.38E-03         169.254E-09  
                6.38784E-03      203.313E-09  
                6.39177E-03      220.85E-09   
                6.39569E-03      238.727E-09  
                6.4E-03          258.787E-09  
                6.40784E-03      296.323E-09  
                6.41177E-03      315.622E-09  
                6.41569E-03      335.295E-09  
                6.42E-03         357.357E-09  
                6.42784E-03      398.823E-09  
                6.43177E-03      420.24E-09   
                6.43569E-03      442.135E-09  
                6.44E-03         466.75E-09   
                6.44784E-03      513.292E-09  
                6.45177E-03      537.457E-09  
                6.45569E-03      562.239E-09  
                6.46E-03         590.174E-09  
                6.46784E-03      643.239E-09  
                6.47177E-03      670.896E-09  
                6.47569E-03      699.323E-09  
                6.48E-03         731.453E-09  
                6.48784E-03      792.629E-09  
                6.49177E-03      824.587E-09  
                6.49569E-03      857.485E-09  
                6.5E-03          894.748E-09  
                6.50784E-03      965.786E-09  
                6.51177E-03        1.00295E-06
                6.51569E-03        1.04124E-06
                6.52E-03           1.08469E-06
                6.52784E-03        1.16757E-06
                6.53176E-03        1.21096E-06
                6.53569E-03        1.2557E-06 
                6.54E-03           1.30654E-06
                6.54784E-03        1.40349E-06
                6.55177E-03        1.45425E-06
                6.55569E-03        1.5066E-06 
                6.56E-03           1.56609E-06
                6.56784E-03        1.67945E-06
                6.57177E-03        1.73872E-06
                6.57569E-03        1.7998E-06 
                6.58E-03           1.86912E-06
                6.58784E-03        2.00089E-06
                6.59177E-03        2.0696E-06 
                6.59569E-03        2.14023E-06
                6.6E-03            2.22019E-06
                6.60784E-03        2.37146E-06
                6.61177E-03        2.44995E-06
                6.61569E-03        2.53034E-06
                6.62E-03           2.62095E-06
                6.62784E-03        2.7913E-06 
                6.63177E-03        2.8791E-06 
                6.63569E-03        2.96859E-06
                6.64E-03           3.06893E-06
                6.64784E-03        3.25616E-06
                6.65177E-03        3.35193E-06
                6.65569E-03        3.44905E-06
                6.66E-03           3.55731E-06
                6.66784E-03        3.75774E-06
                6.67177E-03        3.8595E-06 
                6.67569E-03        3.96215E-06
                6.68E-03           4.07592E-06
                6.68784E-03        4.28501E-06
                6.69176E-03        4.39039E-06
                6.69569E-03        4.49618E-06
                6.7E-03            4.61284E-06
                6.70784E-03        4.82565E-06
                6.71177E-03        4.93215E-06
                6.71569E-03        5.03855E-06
                6.72E-03           5.15526E-06
                6.72784E-03        5.36653E-06
                6.73177E-03        5.47144E-06
                6.73569E-03        5.57569E-06
                6.74E-03           5.68936E-06
                6.74784E-03        5.89323E-06
                6.75177E-03        5.9935E-06 
                6.75569E-03        6.09246E-06
                6.76E-03           6.1996E-06 
                6.76784E-03        6.38945E-06
                6.77177E-03        6.48168E-06
                6.77569E-03        6.57192E-06
                6.78E-03           6.6687E-06 
                6.78784E-03        6.83761E-06
                6.79177E-03        6.91838E-06
                6.79569E-03        6.99655E-06
                6.8E-03            7.0794E-06 
                6.80784E-03        7.22129E-06
                6.81177E-03        7.28782E-06
                6.81569E-03        7.35134E-06
                6.82E-03           7.4177E-06 
                6.82784E-03        7.52868E-06
                6.83177E-03        7.57946E-06
                6.83569E-03        7.62712E-06
                6.84392E-03        7.71721E-06
                6.84784E-03        7.75534E-06
                6.85176E-03        7.79049E-06
                6.85569E-03        7.82274E-06
                6.86E-03           7.85499E-06
                6.86784E-03        7.90518E-06
                6.87177E-03        7.92639E-06
                6.87569E-03        7.94518E-06
                6.88E-03           7.96324E-06
                6.88784E-03        7.98945E-06
                6.89177E-03        7.99965E-06
                6.89569E-03        8.00811E-06
                6.90392E-03        8.02095E-06
                6.90784E-03        8.02505E-06
                6.91176E-03        8.02809E-06
                6.91569E-03        8.03026E-06
                6.92E-03           8.03186E-06
                6.92784E-03        8.03357E-06
                6.93177E-03        8.03427E-06
                6.93569E-03        8.03517E-06
                6.94E-03           8.03664E-06
                6.94784E-03        8.04186E-06
                6.95177E-03        8.04622E-06
                6.95569E-03        8.05212E-06
                6.96E-03           8.06069E-06
                6.96784E-03        8.08344E-06
                6.97177E-03        8.09892E-06
                6.97569E-03        8.11758E-06
                6.98E-03           8.14216E-06
                6.98784E-03        8.19954E-06
                6.99177E-03        8.23512E-06
                6.99569E-03        8.27581E-06
                7.E-03             8.32689E-06
                7.00784E-03        8.43876E-06
                7.01177E-03        8.5047E-06 
                7.01569E-03        8.57788E-06
                7.02E-03           8.66721E-06
                7.02784E-03        8.85542E-06
                7.03177E-03        8.96288E-06
                7.03569E-03        9.07985E-06
                7.04E-03           9.21999E-06
                7.04784E-03        9.50773E-06
                7.05177E-03        9.66845E-06
                7.05569E-03        9.84103E-06
                7.06E-03          10.0451E-06 
                7.06784E-03       10.4565E-06 
                7.07176E-03       10.6828E-06 
                7.07569E-03       10.9233E-06 
                7.08E-03          11.205E-06  
                7.08784E-03       11.7654E-06 
                7.09177E-03       12.0698E-06 
                7.09569E-03       12.3911E-06 
                7.1E-03           12.7647E-06 
                7.10784E-03       13.4999E-06 
                7.11177E-03       13.8956E-06 
                7.11569E-03       14.3108E-06 
                7.12E-03          14.7903E-06 
                7.12784E-03       15.7262E-06 
                7.13177E-03       16.2258E-06 
                7.13569E-03       16.7472E-06 
                7.14E-03          17.3462E-06 
                7.14784E-03       18.5059E-06 
                7.15177E-03       19.1205E-06 
                7.15569E-03       19.7586E-06 
                7.16E-03          20.488E-06  
                7.16784E-03       21.8894E-06 
                7.17177E-03       22.6268E-06 
                7.17569E-03       23.3888E-06 
                7.18E-03          24.2553E-06 
                7.18784E-03       25.9083E-06 
                7.19177E-03       26.7721E-06 
                7.19569E-03       27.6607E-06 
                7.2E-03           28.6663E-06 
                7.20784E-03       30.5713E-06 
                7.21177E-03       31.5601E-06 
                7.21569E-03       32.573E-06  
                7.22392E-03       34.7761E-06 
                7.22784E-03       35.8612E-06 
                7.23176E-03       36.969E-06  
                7.23569E-03       38.0989E-06 
                7.24E-03          39.3666E-06 
                7.24784E-03       41.7373E-06 
                7.25177E-03       42.9533E-06 
                7.25569E-03       44.1888E-06 
                7.26E-03          45.5695E-06 
                7.26784E-03       48.1366E-06 
                7.27177E-03       49.4461E-06 
                7.27569E-03       50.7718E-06 
                7.28392E-03       53.6049E-06 
                7.28784E-03       54.9764E-06 
                7.29176E-03       56.361E-06  
                7.29569E-03       57.7579E-06 
                7.3E-03           59.3074E-06 
                7.30784E-03       62.1571E-06 
                7.31177E-03       63.5956E-06 
                7.31569E-03       65.0419E-06 
                7.32E-03          66.6405E-06 
                7.32784E-03       69.5652E-06 
                7.33177E-03       71.0342E-06 
                7.33569E-03       72.5063E-06 
                7.34392E-03       75.6036E-06 
                7.34784E-03       77.0798E-06 
                7.35177E-03       78.5554E-06 
                7.35569E-03       80.0296E-06 
                7.36E-03          81.6482E-06 
                7.36784E-03       84.5809E-06 
                7.37177E-03       86.0402E-06 
                7.37569E-03       87.4939E-06 
                7.38E-03          89.0851E-06 
                7.38784E-03       91.9553E-06 
                7.39177E-03       93.3776E-06 
                7.39569E-03       94.7903E-06 
                7.40392E-03       97.7223E-06 
                7.40784E-03       99.1012E-06 
                7.41177E-03      100.468E-06  
                7.41569E-03      101.822E-06  
                7.42E-03         103.295E-06  
                7.42784E-03      105.929E-06  
                7.43177E-03      107.224E-06  
                7.43569E-03      108.503E-06  
                7.44E-03         109.891E-06  
                7.44784E-03      112.361E-06  
                7.45177E-03      113.57E-06   
                7.45569E-03      114.761E-06  
                7.46E-03         116.048E-06  
                7.46784E-03      118.33E-06   
                7.47177E-03      119.441E-06  
                7.47569E-03      120.532E-06  
                7.48E-03         121.708E-06  
                7.48784E-03      123.782E-06  
                7.49177E-03      124.786E-06  
                7.49569E-03      125.769E-06  
                7.5E-03          126.825E-06  
                7.50784E-03      128.676E-06  
                7.51177E-03      129.569E-06  
                7.51569E-03      130.439E-06  
                7.52E-03         131.369E-06  
                7.52784E-03      132.992E-06  
                7.53177E-03      133.77E-06   
                7.53569E-03      134.525E-06  
                7.54E-03         135.329E-06  
                7.54784E-03      136.723E-06  
                7.55177E-03      137.386E-06  
                7.55569E-03      138.028E-06  
                7.56E-03         138.708E-06  
                7.56784E-03      139.877E-06  
                7.57177E-03      140.429E-06  
                7.57569E-03      140.96E-06   
                7.58E-03         141.52E-06   
                7.58784E-03      142.474E-06  
                7.59177E-03      142.92E-06   
                7.59569E-03      143.347E-06  
                7.6E-03          143.793E-06  
                7.60784E-03      144.544E-06  
                7.61177E-03      144.89E-06   
                7.61569E-03      145.218E-06  
                7.62E-03         145.558E-06  
                7.62784E-03      146.12E-06   
                7.63177E-03      146.374E-06  
                7.63569E-03      146.611E-06  
                7.64E-03         146.852E-06  
                7.64784E-03      147.238E-06  
                7.65177E-03      147.407E-06  
                7.65569E-03      147.559E-06  
                7.66E-03         147.708E-06  
                7.66784E-03      147.931E-06  
                7.67176E-03      148.019E-06  
                7.67569E-03      148.091E-06  
                7.68E-03         148.153E-06  
                7.68784E-03      148.219E-06  
                7.69177E-03      148.229E-06  
                7.69569E-03      148.223E-06  
                7.7E-03          148.199E-06  
                7.70784E-03      148.108E-06  
                7.71177E-03      148.039E-06  
                7.71569E-03      147.954E-06  
                7.72E-03         147.843E-06  
                7.72784E-03      147.589E-06  
                7.73177E-03      147.437E-06  
                7.73569E-03      147.268E-06  
                7.74E-03         147.063E-06  
                7.74784E-03      146.634E-06  
                7.75177E-03      146.393E-06  
                7.75569E-03      146.133E-06  
                7.76E-03         145.825E-06  
                7.76784E-03      145.204E-06  
                7.77177E-03      144.864E-06  
                7.77569E-03      144.504E-06  
                7.78E-03         144.083E-06  
                7.78784E-03      143.251E-06  
                7.79177E-03      142.803E-06  
                7.79569E-03      142.331E-06  
                7.8E-03          141.787E-06  
                7.80784E-03      140.724E-06  
                7.81177E-03      140.157E-06  
                7.81569E-03      139.566E-06  
                7.82E-03         138.888E-06  
                7.82784E-03      137.577E-06  
                7.83177E-03      136.884E-06  
                7.83569E-03      136.165E-06  
                7.84E-03         135.346E-06  
                7.84784E-03      133.775E-06  
                7.85177E-03      132.951E-06  
                7.85569E-03      132.101E-06  
                7.86392E-03      130.233E-06  
                7.86784E-03      129.304E-06  
                7.87176E-03      128.349E-06  
                7.87569E-03      127.369E-06  
                7.88E-03         126.262E-06  
                7.88784E-03      124.172E-06  
                7.89176E-03      123.091E-06  
                7.89569E-03      121.986E-06  
                7.9E-03          120.744E-06  
                7.90784E-03      118.414E-06  
                7.91177E-03      117.216E-06  
                7.91569E-03      115.997E-06  
                7.92E-03         114.633E-06  
                7.92784E-03      112.09E-06   
                7.93177E-03      110.79E-06   
                7.93569E-03      109.472E-06  
                7.94E-03         108.002E-06  
                7.94784E-03      105.279E-06  
                7.95177E-03      103.894E-06  
                7.95569E-03      102.496E-06  
                7.96E-03         100.942E-06  
                7.96784E-03       98.0781E-06 
                7.97177E-03       96.6293E-06 
                7.97569E-03       95.1705E-06 
                7.98E-03          93.5553E-06 
                7.98784E-03       90.5934E-06 
                7.99177E-03       89.102E-06  
                7.99569E-03       87.605E-06  
                8.E-03            85.9531E-06 
                8.00784E-03       82.9374E-06 
                8.01177E-03       81.4257E-06 
                8.01569E-03       79.9127E-06 
                8.02E-03          78.2484E-06 
                8.02784E-03       75.2231E-06 
                8.03176E-03       73.713E-06  
                8.03569E-03       72.2058E-06 
                8.04E-03          70.5523E-06 
                8.04784E-03       67.5601E-06 
                8.05177E-03       66.0727E-06 
                8.05569E-03       64.5922E-06 
                8.06E-03          62.9728E-06 
                8.06784E-03       60.0541E-06 
                8.07176E-03       58.6091E-06 
                8.07569E-03       57.1745E-06 
                8.08E-03          55.6096E-06 
                8.08784E-03       52.8013E-06 
                8.09177E-03       51.4165E-06 
                8.09569E-03       50.0455E-06 
                8.10392E-03       47.2145E-06 
                8.10784E-03       45.8898E-06 
                8.11176E-03       44.5813E-06 
                8.11569E-03       43.2893E-06 
                8.12E-03          41.8886E-06 
                8.12784E-03       39.3961E-06 
                8.13176E-03       38.1776E-06 
                8.13569E-03       36.9782E-06 
                8.14E-03          35.6816E-06 
                8.14784E-03       33.386E-06  
                8.15176E-03       32.269E-06  
                8.15569E-03       31.1732E-06 
                8.16E-03          29.9928E-06 
                8.16784E-03       27.9136E-06 
                8.17177E-03       26.9073E-06 
                8.17569E-03       25.9235E-06 
                8.18392E-03       23.932E-06  
                8.18784E-03       23.0192E-06 
                8.19176E-03       22.1296E-06 
                8.19569E-03       21.2633E-06 
                8.2E-03           20.3375E-06 
                8.20784E-03       18.727E-06  
                8.21177E-03       17.9571E-06 
                8.21569E-03       17.2107E-06 
                8.22E-03          16.4169E-06 
                8.22784E-03       15.0459E-06 
                8.23177E-03       14.3953E-06 
                8.23569E-03       13.7677E-06 
                8.24E-03          13.1041E-06 
                8.24784E-03       11.9672E-06 
                8.25177E-03       11.4323E-06 
                8.25569E-03       10.9194E-06 
                8.26E-03          10.3804E-06 
                8.26784E-03        9.46637E-06
                8.27177E-03        9.04076E-06
                8.27569E-03        8.6356E-06 
                8.28E-03           8.21331E-06
                8.28784E-03        7.50585E-06
                8.29177E-03        7.1807E-06 
                8.29569E-03        6.87405E-06
                8.3E-03            6.55769E-06
                8.30784E-03        6.03639E-06
                8.31177E-03        5.80099E-06
                8.31569E-03        5.5818E-06 
                8.32E-03           5.35887E-06
                8.32784E-03        5.00006E-06
                8.33177E-03        4.84218E-06
                8.33569E-03        4.69796E-06
                8.34E-03           4.55454E-06
                8.34784E-03        4.33206E-06
                8.35177E-03        4.23833E-06
                8.35569E-03        4.15554E-06
                8.36E-03           4.07653E-06
                8.36784E-03        3.96262E-06
                8.37177E-03        3.91901E-06
                8.37569E-03        3.88357E-06
                8.38E-03           3.85339E-06
                8.38784E-03        3.81973E-06
                8.39177E-03        3.81209E-06
                8.39569E-03        3.80987E-06
                8.4E-03            3.81308E-06
                8.40784E-03        3.83177E-06
                8.41177E-03        3.84633E-06
                8.41569E-03        3.86368E-06
                8.42E-03           3.88542E-06
                8.42784E-03        3.92999E-06
                8.43177E-03        3.95378E-06
                8.43569E-03        3.97795E-06
                8.44E-03           4.00445E-06
                8.44784E-03        4.0506E-06 
                8.45177E-03        4.07187E-06
                8.45569E-03        4.09138E-06
                8.46E-03           4.11036E-06
                8.46784E-03        4.13673E-06
                8.47177E-03        4.14529E-06
                8.47569E-03        4.15032E-06
                8.48E-03           4.15142E-06
                8.48784E-03        4.14041E-06
                8.49177E-03        4.12812E-06
                8.49569E-03        4.11098E-06
                8.5E-03            4.08629E-06
                8.50784E-03        4.02514E-06
                8.51177E-03        3.9864E-06 
                8.51569E-03        3.94209E-06
                8.52E-03           3.88683E-06
                8.52784E-03        3.76867E-06
                8.53176E-03        3.70105E-06
                8.53569E-03        3.62777E-06
                8.54E-03           3.54073E-06
                8.54784E-03        3.36555E-06
                8.55177E-03        3.27007E-06
                8.55569E-03        3.16956E-06
                8.56392E-03        2.94308E-06
                8.56784E-03        2.82835E-06
                8.57176E-03        2.70957E-06
                8.57569E-03        2.58703E-06
                8.58E-03           2.44829E-06
                8.58784E-03        2.18687E-06
                8.59177E-03        2.05247E-06
                8.59569E-03        1.91612E-06
                8.6E-03            1.76446E-06
                8.60784E-03        1.48561E-06
                8.61176E-03        1.34561E-06
                8.61569E-03        1.20582E-06
                8.62E-03           1.05286E-06
                8.62784E-03      778.615E-09  
                8.63177E-03      644.285E-09  
                8.63569E-03      512.41E-09   
                8.64E-03         370.761E-09  
                8.64784E-03      123.861E-09  
                8.65176E-03        6.42418E-09
                8.65569E-03     -106.478E-09  
                8.66E-03        -224.969E-09  
                8.66784E-03     -423.777E-09  
                8.67177E-03     -514.48E-09   
                8.67569E-03     -598.994E-09  
                8.68392E-03     -755.184E-09  
                8.68784E-03     -819.025E-09  
                8.69176E-03     -875.81E-09   
                8.69569E-03     -925.403E-09  
                8.7E-03         -971.53E-09   
                8.70784E-03       -1.0325E-06 
                8.71177E-03       -1.05186E-06
                8.71569E-03       -1.06384E-06
                8.72E-03          -1.06859E-06
                8.72784E-03       -1.05498E-06
                8.73177E-03       -1.03773E-06
                8.73569E-03       -1.01377E-06
                8.74E-03        -979.975E-09  
                8.74784E-03     -899.564E-09  
                8.75177E-03     -850.809E-09  
                8.75569E-03     -796.808E-09  
                8.76E-03        -731.804E-09  
                8.76784E-03     -600.152E-09  
                8.77177E-03     -528.649E-09  
                8.77569E-03     -453.944E-09  
                8.78E-03        -368.658E-09  
                8.78784E-03     -206.944E-09  
                8.79177E-03     -123.838E-09  
                8.79569E-03      -39.8644E-09 
                8.8E-03           52.9381E-09 
                8.80784E-03      220.96E-09   
                8.81177E-03      303.711E-09  
                8.81569E-03      385.031E-09  
                8.82E-03         472.298E-09  
                8.82784E-03      623.519E-09  
                8.83177E-03      694.734E-09  
                8.83569E-03      762.539E-09  
                8.84E-03         832.793E-09  
                8.84784E-03      947.623E-09  
                8.85177E-03      998.246E-09  
                8.85569E-03        1.04403E-06
                8.86E-03           1.08854E-06
                8.86784E-03        1.15313E-06
                8.87177E-03        1.17723E-06
                8.87569E-03        1.19575E-06
                8.88E-03           1.20963E-06
                8.88784E-03        1.21729E-06
                8.89177E-03        1.21268E-06
                8.89569E-03        1.20251E-06
                8.9E-03            1.18506E-06
                8.90784E-03        1.13699E-06
                8.91177E-03        1.10539E-06
                8.91569E-03        1.06903E-06
                8.92E-03           1.02384E-06
                8.92784E-03      928.737E-09  
                8.93177E-03      875.523E-09  
                8.93569E-03      818.953E-09  
                8.94392E-03      690.776E-09  
                8.94784E-03      625.965E-09  
                8.95176E-03      559.227E-09  
                8.95569E-03      490.93E-09   
                8.96E-03         414.443E-09  
                8.96784E-03      273.333E-09  
                8.97177E-03      202.532E-09  
                8.97569E-03      132.052E-09  
                8.98E-03          55.3392E-09 
                8.98784E-03      -80.6099E-09 
                8.99177E-03     -146.202E-09  
                8.99569E-03     -209.799E-09  
                9.E-03          -277.12E-09   
                9.00784E-03     -391.309E-09  
                9.01177E-03     -443.95E-09   
                9.01569E-03     -493.342E-09  
                9.02E-03        -543.694E-09  
                9.02784E-03     -623.897E-09  
                9.03176E-03     -658.228E-09  
                9.03569E-03     -688.57E-09   
                9.04E-03        -717.25E-09   
                9.04784E-03     -756.521E-09  
                9.05177E-03     -769.865E-09  
                9.05569E-03     -779.009E-09  
                9.06392E-03     -784.654E-09  
                9.06784E-03     -780.977E-09  
                9.07176E-03     -773.289E-09  
                9.07569E-03     -761.682E-09  
                9.08E-03        -744.52E-09   
                9.08784E-03     -702.081E-09  
                9.09177E-03     -675.728E-09  
                9.09569E-03     -646.18E-09   
                9.1E-03         -610.222E-09  
                9.10784E-03     -536.411E-09  
                9.11176E-03     -495.88E-09   
                9.11569E-03     -453.244E-09  
                9.12E-03        -404.215E-09  
                9.12784E-03     -310.438E-09  
                9.13177E-03     -261.85E-09   
                9.13569E-03     -212.489E-09  
                9.14E-03        -157.621E-09  
                9.14784E-03      -57.5306E-09 
                9.15176E-03       -7.87271E-09
                9.15569E-03       41.1722E-09 
                9.16E-03          94.0976E-09 
                9.16784E-03      186.547E-09  
                9.17177E-03      230.457E-09  
                9.17569E-03      272.531E-09  
                9.18392E-03      354.E-09     
                9.18784E-03      389.148E-09  
                9.19176E-03      421.718E-09  
                9.19569E-03      451.57E-09   
                9.2E-03          481.122E-09  
                9.20784E-03      525.618E-09  
                9.21177E-03      543.241E-09  
                9.21569E-03      557.705E-09  
                9.22E-03         569.921E-09  
                9.22784E-03      582.205E-09  
                9.23177E-03      583.558E-09  
                9.23569E-03      581.753E-09  
                9.24E-03         576.172E-09  
                9.24784E-03      556.693E-09  
                9.25177E-03      542.6E-09    
                9.25569E-03      525.734E-09  
                9.26E-03         504.104E-09  
                9.26784E-03      457.114E-09  
                9.27177E-03      430.191E-09  
                9.27569E-03      401.184E-09  
                9.28E-03         367.072E-09  
                9.28784E-03      299.86E-09   
                9.29177E-03      264.122E-09  
                9.29569E-03      227.218E-09  
                9.3E-03          185.526E-09  
                9.30784E-03      107.615E-09  
                9.31177E-03       68.0749E-09 
                9.31569E-03       28.4294E-09 
                9.32392E-03      -54.1864E-09 
                9.32784E-03      -92.7949E-09 
                9.33176E-03     -130.634E-09  
                9.33569E-03     -167.497E-09  
                9.34E-03        -206.676E-09  
                9.34784E-03     -273.431E-09  
                9.35177E-03     -304.275E-09  
                9.35569E-03     -333.2E-09    
                9.36E-03        -362.598E-09  
                9.36784E-03     -409.068E-09  
                9.37177E-03     -428.67E-09   
                9.37569E-03     -445.712E-09  
                9.38E-03        -461.395E-09  
                9.38784E-03     -481.507E-09  
                9.39176E-03     -487.418E-09  
                9.39569E-03     -490.545E-09  
                9.4E-03         -490.768E-09  
                9.40784E-03     -482.729E-09  
                9.41177E-03     -474.722E-09  
                9.41569E-03     -464.149E-09  
                9.42E-03        -449.658E-09  
                9.42784E-03     -416.133E-09  
                9.43177E-03     -396.146E-09  
                9.43569E-03     -374.195E-09  
                9.44392E-03     -322.407E-09  
                9.44784E-03     -295.375E-09  
                9.45177E-03     -267.054E-09  
                9.45569E-03     -237.627E-09  
                9.46E-03        -204.203E-09  
                9.46784E-03     -141.4E-09    
                9.47177E-03     -109.402E-09  
                9.47569E-03      -77.2654E-09 
                9.48E-03         -42.0068E-09 
                9.48784E-03       21.1614E-09 
                9.49177E-03       51.9049E-09 
                9.49569E-03       81.8455E-09 
                9.5E-03          113.628E-09  
                9.50784E-03      167.733E-09  
                9.51177E-03      192.683E-09  
                9.51569E-03      216.038E-09  
                9.52E-03         239.719E-09  
                9.52784E-03      276.955E-09  
                9.53176E-03      292.547E-09  
                9.53569E-03      306.001E-09  
                9.54E-03         318.237E-09  
                9.54784E-03      333.44E-09   
                9.55177E-03      337.555E-09  
                9.55569E-03      339.317E-09  
                9.56392E-03      335.379E-09  
                9.56784E-03      329.919E-09  
                9.57176E-03      322.197E-09  
                9.57569E-03      312.27E-09   
                9.58E-03         298.89E-09   
                9.58784E-03      268.322E-09  
                9.59177E-03      250.224E-09  
                9.59569E-03      230.405E-09  
                9.6E-03          206.787E-09  
                9.60784E-03      159.489E-09  
                9.61176E-03      134.041E-09  
                9.61569E-03      107.607E-09  
                9.62E-03          77.5979E-09 
                9.62784E-03       21.1797E-09 
                9.63177E-03       -7.58234E-09
                9.63569E-03      -36.4833E-09 
                9.64E-03         -68.215E-09  
                9.64784E-03     -125.161E-09  
                9.65176E-03     -152.944E-09  
                9.65569E-03     -180.062E-09  
                9.66E-03        -208.943E-09  
                9.66784E-03     -258.426E-09  
                9.67177E-03     -281.458E-09  
                9.67569E-03     -303.207E-09  
                9.68392E-03     -344.299E-09  
                9.68784E-03     -361.557E-09  
                9.69176E-03     -377.24E-09   
                9.69569E-03     -391.307E-09  
                9.7E-03         -404.877E-09  
                9.70784E-03     -424.426E-09  
                9.71176E-03     -431.726E-09  
                9.71569E-03     -437.406E-09  
                9.72E-03        -441.828E-09  
                9.72784E-03     -445.177E-09  
                9.73176E-03     -444.712E-09  
                9.73569E-03     -442.927E-09  
                9.74E-03        -439.555E-09  
                9.74784E-03     -430.026E-09  
                9.75177E-03     -423.839E-09  
                9.75569E-03     -416.863E-09  
                9.76E-03        -408.437E-09  
                9.76784E-03     -391.579E-09  
                9.77176E-03     -382.672E-09  
                9.77569E-03     -373.628E-09  
                9.78E-03        -363.691E-09  
                9.78784E-03     -346.143E-09  
                9.79177E-03     -337.884E-09  
                9.79569E-03     -330.137E-09  
                9.8E-03         -322.359E-09  
                9.80784E-03     -310.642E-09  
                9.81177E-03     -306.172E-09  
                9.81569E-03     -302.762E-09  
                9.82E-03        -300.344E-09  
                9.82784E-03     -299.838E-09  
                9.83177E-03     -301.609E-09  
                9.83569E-03     -304.81E-09   
                9.84E-03        -310.039E-09  
                9.84784E-03     -324.297E-09  
                9.85177E-03     -333.779E-09  
                9.85569E-03     -344.851E-09  
                9.86E-03        -358.86E-09   
                9.86784E-03     -389.279E-09  
                9.87177E-03     -406.846E-09  
                9.87569E-03     -425.947E-09  
                9.88E-03        -448.672E-09  
                9.88784E-03     -494.482E-09  
                9.89177E-03     -519.445E-09  
                9.89569E-03     -545.694E-09  
                9.9E-03         -575.957E-09  
                9.90784E-03     -634.458E-09  
                9.91177E-03     -665.219E-09  
                9.91569E-03     -696.868E-09  
                9.92E-03        -732.575E-09  
                9.92784E-03     -799.596E-09  
                9.93177E-03     -833.911E-09  
                9.93569E-03     -868.629E-09  
                9.94E-03        -907.14E-09   
                9.94784E-03     -977.715E-09  
                9.95177E-03       -1.01306E-06
                9.95569E-03       -1.04831E-06
                9.96E-03          -1.08687E-06
                9.96784E-03       -1.15605E-06
                9.97177E-03       -1.19003E-06
                9.97569E-03       -1.22349E-06
                9.98E-03          -1.25963E-06
                9.98784E-03       -1.32329E-06
                9.99177E-03       -1.35403E-06
                9.99569E-03       -1.38397E-06
               10.E-03            -1.41596E-06





                  X               _temp_2     

                0.                 0.         
                7.84362E-06        1.1241E-06 
               11.7654E-06         2.31964E-06
               15.6872E-06         3.58519E-06
               20.E-06             5.16009E-06
               27.8436E-06         7.23146E-06
               31.7654E-06         8.08177E-06
               35.6872E-06         8.82237E-06
               40.E-06             9.90586E-06
               47.8436E-06        11.8234E-06 
               51.7654E-06        12.9147E-06 
               55.6872E-06        13.9639E-06 
               60.E-06            15.3236E-06 
               67.8436E-06        17.3396E-06 
               71.7654E-06        18.3138E-06 
               75.6872E-06        19.2203E-06 
               80.E-06            20.47E-06   
               87.8436E-06        22.5613E-06 
               91.7654E-06        23.6814E-06 
               95.6872E-06        24.7511E-06 
              100.E-06            26.1417E-06 
              107.844E-06         28.2898E-06 
              111.765E-06         29.3394E-06 
              115.687E-06         30.3E-06    
              120.E-06            31.5505E-06 
              127.844E-06         33.4886E-06 
              131.765E-06         34.4665E-06 
              135.687E-06         35.378E-06  
              140.E-06            36.5889E-06 
              147.844E-06         38.5036E-06 
              151.765E-06         39.4841E-06 
              155.687E-06         40.403E-06  
              160.E-06            41.6085E-06 
              167.844E-06         43.4513E-06 
              171.765E-06         44.3398E-06 
              175.687E-06         45.1261E-06 
              183.922E-06         46.8318E-06 
              187.844E-06         47.5983E-06 
              191.765E-06         48.3182E-06 
              195.687E-06         48.9794E-06 
              200.E-06            49.9063E-06 
              207.844E-06         51.3838E-06 
              211.765E-06         52.1673E-06 
              215.687E-06         52.908E-06  
              220.E-06            53.9079E-06 
              227.844E-06         55.4561E-06 
              231.765E-06         56.2257E-06 
              235.687E-06         56.924E-06  
              240.E-06            57.8412E-06 
              247.844E-06         59.2229E-06 
              251.765E-06         59.9148E-06 
              255.687E-06         60.5527E-06 
              260.E-06            61.4151E-06 
              267.844E-06         62.7664E-06 
              271.765E-06         63.4609E-06 
              275.687E-06         64.1079E-06 
              280.E-06            64.9657E-06 
              287.844E-06         66.2888E-06 
              291.765E-06         66.9471E-06 
              295.687E-06         67.5487E-06 
              300.E-06            68.3366E-06 
              307.844E-06         69.5495E-06 
              311.765E-06         70.1631E-06 
              315.687E-06         70.735E-06  
              320.E-06            71.4923E-06 
              327.844E-06         72.689E-06  
              331.765E-06         73.2941E-06 
              335.687E-06         73.8532E-06 
              340.E-06            74.5691E-06 
              347.844E-06         75.655E-06  
              351.765E-06         76.1786E-06 
              355.687E-06         76.647E-06  
              363.922E-06         77.668E-06  
              367.844E-06         78.1264E-06 
              371.765E-06         78.5595E-06 
              375.687E-06         78.9527E-06 
              380.E-06            79.4653E-06 
              387.844E-06         80.2499E-06 
              391.765E-06         80.6386E-06 
              395.687E-06         80.989E-06  
              400.E-06            81.4328E-06 
              407.844E-06         82.0755E-06 
              411.765E-06         82.3723E-06 
              415.687E-06         82.6225E-06 
              420.E-06            82.9314E-06 
              427.844E-06         83.3341E-06 
              431.765E-06         83.5098E-06 
              435.687E-06         83.6465E-06 
              440.E-06            83.8221E-06 
              447.844E-06         84.0184E-06 
              451.765E-06         84.0967E-06 
              455.687E-06         84.1437E-06 
              460.E-06            84.211E-06  
              467.844E-06         84.2443E-06 
              471.765E-06         84.2501E-06 
              475.687E-06         84.2384E-06 
              480.E-06            84.2406E-06 
              487.844E-06         84.217E-06  
              491.765E-06         84.2127E-06 
              495.687E-06         84.2056E-06 
              500.E-06            84.2066E-06 
              507.844E-06         84.2028E-06 
              511.765E-06         84.1991E-06 
              515.687E-06         84.1865E-06 
              520.E-06            84.1526E-06 
              527.844E-06         84.0657E-06 
              531.765E-06         84.0037E-06 
              535.687E-06         83.9312E-06 
              540.E-06            83.8155E-06 
              547.844E-06         83.6133E-06 
              551.765E-06         83.505E-06  
              555.687E-06         83.4005E-06 
              560.E-06            83.2464E-06 
              567.844E-06         83.0133E-06 
              571.765E-06         82.8901E-06 
              575.687E-06         82.7701E-06 
              580.E-06            82.5746E-06 
              587.844E-06         82.245E-06  
              591.765E-06         82.049E-06  
              595.687E-06         81.8448E-06 
              600.E-06            81.5264E-06 
              607.844E-06         80.9608E-06 
              611.765E-06         80.6365E-06 
              615.687E-06         80.3067E-06 
              620.E-06            79.838E-06  
              627.844E-06         79.033E-06  
              631.765E-06         78.5979E-06 
              635.687E-06         78.1686E-06 
              640.E-06            77.5854E-06 
              647.844E-06         76.6111E-06 
              651.765E-06         76.0982E-06 
              655.687E-06         75.599E-06  
              660.E-06            74.9293E-06 
              667.844E-06         73.8222E-06 
              671.765E-06         73.2434E-06 
              675.687E-06         72.6825E-06 
              680.E-06            71.9323E-06 
              687.844E-06         70.6962E-06 
              691.765E-06         70.0517E-06 
              695.687E-06         69.4293E-06 
              700.E-06            68.6009E-06 
              707.844E-06         67.2474E-06 
              711.765E-06         66.5491E-06 
              715.687E-06         65.8817E-06 
              723.922E-06         64.3339E-06 
              727.844E-06         63.5852E-06 
              731.765E-06         62.8655E-06 
              735.687E-06         62.186E-06  
              740.E-06            61.285E-06  
              747.844E-06         59.861E-06  
              751.765E-06         59.1371E-06 
              755.687E-06         58.456E-06  
              760.E-06            57.5416E-06 
              767.844E-06         56.1008E-06 
              771.765E-06         55.3643E-06 
              775.687E-06         54.6721E-06 
              783.922E-06         53.0485E-06 
              787.844E-06         52.2636E-06 
              791.765E-06         51.5108E-06 
              795.687E-06         50.805E-06  
              800.E-06            49.8424E-06 
              807.844E-06         48.3332E-06 
              811.765E-06         47.5558E-06 
              815.687E-06         46.8237E-06 
              820.E-06            45.8178E-06 
              827.844E-06         44.2243E-06 
              831.765E-06         43.3957E-06 
              835.687E-06         42.61E-06   
              840.E-06            41.533E-06  
              847.844E-06         39.8131E-06 
              851.765E-06         38.9189E-06 
              855.687E-06         38.0702E-06 
              860.E-06            36.9179E-06 
              867.844E-06         35.0755E-06 
              871.765E-06         34.1219E-06 
              875.687E-06         33.2172E-06 
              880.E-06            31.9987E-06 
              887.844E-06         30.0476E-06 
              891.765E-06         29.0402E-06 
              895.687E-06         28.0842E-06 
              900.E-06            26.8053E-06 
              907.844E-06         24.7558E-06 
              911.765E-06         23.7016E-06 
              915.687E-06         22.703E-06  
              920.E-06            21.3762E-06 
              927.844E-06         19.2571E-06 
              931.765E-06         18.1737E-06 
              935.687E-06         17.1516E-06 
              940.E-06            15.8005E-06 
              947.844E-06         13.657E-06  
              951.765E-06         12.5683E-06 
              955.687E-06         11.5469E-06 
              960.E-06            10.2002E-06 
              967.844E-06          8.08405E-06
              971.765E-06          7.01645E-06
              975.687E-06          6.02193E-06
              980.E-06             4.70838E-06
              987.844E-06          2.66716E-06
              991.765E-06          1.64126E-06
              995.687E-06        690.896E-09  
                1.E-03          -573.688E-09  
                1.00784E-03       -1.40294E-06
                1.01177E-03       -1.19278E-06
                1.01569E-03     -840.322E-09  
                1.02E-03        -493.825E-09  
                1.02784E-03     -326.928E-09  
                1.03177E-03     -446.427E-09  
                1.03569E-03     -609.117E-09  
                1.04E-03        -748.377E-09  
                1.04784E-03     -740.5E-09    
                1.05177E-03     -626.53E-09   
                1.05569E-03     -490.227E-09  
                1.06E-03        -362.516E-09  
                1.06784E-03     -273.159E-09  
                1.07177E-03     -281.731E-09  
                1.07569E-03     -291.436E-09  
                1.08E-03        -271.133E-09  
                1.08784E-03      -97.0941E-09 
                1.09177E-03       48.1867E-09 
                1.09569E-03      210.34E-09   
                1.1E-03          385.351E-09  
                1.10784E-03      634.826E-09  
                1.11177E-03      717.307E-09  
                1.11569E-03      775.247E-09  
                1.12E-03         817.722E-09  
                1.12784E-03      859.283E-09  
                1.13177E-03      869.596E-09  
                1.13569E-03      876.183E-09  
                1.14E-03         882.007E-09  
                1.14784E-03      901.414E-09  
                1.15177E-03      917.949E-09  
                1.15569E-03      936.486E-09  
                1.16E-03         951.298E-09  
                1.16784E-03      925.768E-09  
                1.17177E-03      868.966E-09  
                1.17569E-03      774.706E-09  
                1.18392E-03      462.87E-09   
                1.18784E-03      277.951E-09  
                1.19177E-03       86.3357E-09 
                1.19569E-03      -98.4194E-09 
                1.2E-03         -280.746E-09  
                1.20784E-03     -525.421E-09  
                1.21177E-03     -603.921E-09  
                1.21569E-03     -658.453E-09  
                1.22E-03        -699.276E-09  
                1.22784E-03     -750.301E-09  
                1.23177E-03     -775.796E-09  
                1.23569E-03     -805.331E-09  
                1.24E-03        -842.488E-09  
                1.24784E-03     -910.33E-09   
                1.25177E-03     -936.446E-09  
                1.25569E-03     -951.636E-09  
                1.26E-03        -951.747E-09  
                1.26784E-03     -900.817E-09  
                1.27177E-03     -852.015E-09  
                1.27569E-03     -791.253E-09  
                1.28E-03        -715.017E-09  
                1.28784E-03     -570.128E-09  
                1.29177E-03     -500.497E-09  
                1.29569E-03     -434.327E-09  
                1.3E-03         -364.079E-09  
                1.30784E-03     -236.75E-09   
                1.31177E-03     -167.612E-09  
                1.31569E-03      -91.4532E-09 
                1.32E-03           2.26761E-09
                1.32784E-03      193.604E-09  
                1.33177E-03      294.906E-09  
                1.33569E-03      395.375E-09  
                1.34E-03         500.708E-09  
                1.34784E-03      660.453E-09  
                1.35177E-03      720.569E-09  
                1.35569E-03      766.774E-09  
                1.36E-03         803.075E-09  
                1.36784E-03      838.273E-09  
                1.37177E-03      846.718E-09  
                1.37569E-03      852.769E-09  
                1.38E-03         858.768E-09  
                1.38784E-03      870.877E-09  
                1.39177E-03      875.947E-09  
                1.39569E-03      877.792E-09  
                1.4E-03          872.741E-09  
                1.40784E-03      835.681E-09  
                1.41177E-03      799.782E-09  
                1.41569E-03      750.904E-09  
                1.42E-03         681.753E-09  
                1.42784E-03      521.486E-09  
                1.43177E-03      427.22E-09   
                1.43569E-03      325.345E-09  
                1.44392E-03       91.2956E-09 
                1.44784E-03      -26.5894E-09 
                1.45177E-03     -147.997E-09  
                1.45569E-03     -272.172E-09  
                1.46E-03        -411.079E-09  
                1.46784E-03     -660.139E-09  
                1.47177E-03     -778.244E-09  
                1.47569E-03     -888.168E-09  
                1.48E-03        -995.98E-09   
                1.48784E-03       -1.14283E-06
                1.49177E-03       -1.18808E-06
                1.49569E-03       -1.21316E-06
                1.5E-03           -1.21783E-06
                1.50784E-03       -1.17191E-06
                1.51177E-03       -1.1277E-06 
                1.51569E-03       -1.07335E-06
                1.52E-03          -1.00501E-06
                1.52784E-03     -868.749E-09  
                1.53177E-03     -797.082E-09  
                1.53569E-03     -723.042E-09  
                1.54E-03        -637.301E-09  
                1.54784E-03     -465.623E-09  
                1.55177E-03     -368.93E-09   
                1.55569E-03     -263.37E-09   
                1.56392E-03      -12.3797E-09 
                1.56784E-03      117.817E-09  
                1.57177E-03      252.19E-09   
                1.57569E-03      387.668E-09  
                1.58E-03         534.268E-09  
                1.58784E-03      776.657E-09  
                1.59177E-03      879.914E-09  
                1.59569E-03      968.028E-09  
                1.6E-03            1.04598E-06
                1.60784E-03        1.1331E-06 
                1.61177E-03        1.1511E-06 
                1.61569E-03        1.15361E-06
                1.62E-03           1.1404E-06 
                1.62784E-03        1.08078E-06
                1.63177E-03        1.03715E-06
                1.63569E-03      986.316E-09  
                1.64E-03         923.299E-09  
                1.64784E-03      794.408E-09  
                1.65177E-03      724.18E-09   
                1.65569E-03      650.513E-09  
                1.66E-03         565.366E-09  
                1.66784E-03      401.585E-09  
                1.67177E-03      315.244E-09  
                1.67569E-03      225.807E-09  
                1.68E-03         123.475E-09  
                1.68784E-03      -70.06E-09   
                1.69177E-03     -169.793E-09  
                1.69569E-03     -270.767E-09  
                1.7E-03         -382.539E-09  
                1.70784E-03     -579.942E-09  
                1.71177E-03     -672.925E-09  
                1.71569E-03     -760.012E-09  
                1.72E-03        -847.345E-09  
                1.72784E-03     -975.398E-09  
                1.73177E-03       -1.0223E-06 
                1.73569E-03       -1.05685E-06
                1.74E-03          -1.08037E-06
                1.74784E-03       -1.08445E-06
                1.75177E-03       -1.06881E-06
                1.75569E-03       -1.0424E-06 
                1.76E-03          -1.00176E-06
                1.76784E-03     -900.747E-09  
                1.77177E-03     -838.36E-09   
                1.77569E-03     -768.645E-09  
                1.78E-03        -683.625E-09  
                1.78784E-03     -509.551E-09  
                1.79177E-03     -413.795E-09  
                1.79569E-03     -312.898E-09  
                1.8E-03         -196.592E-09  
                1.80784E-03       22.3038E-09 
                1.81177E-03      132.709E-09  
                1.81569E-03      241.804E-09  
                1.82392E-03      460.007E-09  
                1.82784E-03      554.806E-09  
                1.83177E-03      642.243E-09  
                1.83569E-03      721.385E-09  
                1.84E-03         798.356E-09  
                1.84784E-03      908.031E-09  
                1.85177E-03      948.086E-09  
                1.85569E-03      978.481E-09  
                1.86E-03           1.00113E-06
                1.86784E-03        1.0135E-06 
                1.87177E-03        1.00618E-06
                1.87569E-03      990.086E-09  
                1.88E-03         962.377E-09  
                1.88784E-03      885.75E-09   
                1.89177E-03      835.038E-09  
                1.89569E-03      776.35E-09   
                1.9E-03          702.805E-09  
                1.90784E-03      547.953E-09  
                1.91177E-03      461.438E-09  
                1.91569E-03      369.75E-09   
                1.92E-03         263.59E-09   
                1.92784E-03       61.8064E-09 
                1.93177E-03      -41.4905E-09 
                1.93569E-03     -145.139E-09  
                1.94E-03        -258.672E-09  
                1.94784E-03     -457.123E-09  
                1.95177E-03     -550.326E-09  
                1.95569E-03     -638.084E-09  
                1.96E-03        -727.312E-09  
                1.96784E-03     -863.269E-09  
                1.97177E-03     -916.548E-09  
                1.97569E-03     -958.913E-09  
                1.98E-03        -992.298E-09  
                1.98784E-03       -1.01422E-06
                1.99177E-03       -1.0061E-06 
                1.99569E-03     -985.52E-09   
                2.E-03          -949.103E-09  
                2.00784E-03     -849.043E-09  
                2.01177E-03     -784.834E-09  
                2.01569E-03     -712.953E-09  
                2.02E-03        -626.644E-09  
                2.02784E-03     -457.632E-09  
                2.03177E-03     -370.255E-09  
                2.03569E-03     -282.755E-09  
                2.04E-03        -187.457E-09  
                2.04784E-03      -22.1123E-09 
                2.05177E-03       55.5889E-09 
                2.05569E-03      129.64E-09   
                2.06E-03         207.164E-09  
                2.06784E-03      336.043E-09  
                2.07177E-03      395.133E-09  
                2.07569E-03      451.04E-09   
                2.08E-03         509.361E-09  
                2.08784E-03      604.84E-09   
                2.09177E-03      647.189E-09  
                2.09569E-03      685.559E-09  
                2.1E-03          722.822E-09  
                2.10784E-03      773.258E-09  
                2.11177E-03      788.935E-09  
                2.11569E-03      797.569E-09  
                2.12E-03         798.529E-09  
                2.12784E-03      775.688E-09  
                2.13177E-03      752.304E-09  
                2.13569E-03      721.18E-09   
                2.14392E-03      632.288E-09  
                2.14784E-03      580.054E-09  
                2.15177E-03      522.218E-09  
                2.15569E-03      459.448E-09  
                2.16E-03         385.259E-09  
                2.16784E-03      240.772E-09  
                2.17177E-03      165.075E-09  
                2.17569E-03       87.7912E-09 
                2.18E-03           1.27909E-09
                2.18784E-03     -155.712E-09  
                2.19177E-03     -232.973E-09  
                2.19569E-03     -308.677E-09  
                2.2E-03         -389.707E-09  
                2.20784E-03     -525.935E-09  
                2.21177E-03     -587.242E-09  
                2.21569E-03     -643.07E-09   
                2.22E-03        -697.535E-09  
                2.22784E-03     -773.293E-09  
                2.23177E-03     -798.763E-09  
                2.23569E-03     -815.395E-09  
                2.24E-03        -823.264E-09  
                2.24784E-03     -808.345E-09  
                2.25177E-03     -786.978E-09  
                2.25569E-03     -756.786E-09  
                2.26E-03        -713.95E-09   
                2.26784E-03     -613.444E-09  
                2.27177E-03     -553.896E-09  
                2.27569E-03     -489.368E-09  
                2.28E-03        -413.586E-09  
                2.28784E-03     -268.237E-09  
                2.29177E-03     -193.71E-09   
                2.29569E-03     -119.011E-09  
                2.3E-03          -37.2006E-09 
                2.30784E-03      106.247E-09  
                2.31177E-03      174.506E-09  
                2.31569E-03      240.036E-09  
                2.32E-03         308.946E-09  
                2.32784E-03      422.864E-09  
                2.33177E-03      473.97E-09   
                2.33569E-03      520.976E-09  
                2.34E-03         567.935E-09  
                2.34784E-03      637.842E-09  
                2.35177E-03      664.769E-09  
                2.35569E-03      685.994E-09  
                2.36392E-03      710.81E-09   
                2.36784E-03      712.298E-09  
                2.37177E-03      706.954E-09  
                2.37569E-03      694.699E-09  
                2.38E-03         673.277E-09  
                2.38784E-03      613.603E-09  
                2.39177E-03      574.336E-09  
                2.39569E-03      529.35E-09   
                2.4E-03          473.758E-09  
                2.40784E-03      359.802E-09  
                2.41177E-03      297.915E-09  
                2.41569E-03      233.641E-09  
                2.42392E-03       93.6403E-09 
                2.42784E-03       26.5512E-09 
                2.43177E-03      -40.1695E-09 
                2.43569E-03     -106.001E-09  
                2.44E-03        -177.144E-09  
                2.44784E-03     -299.433E-09  
                2.45177E-03     -356.473E-09  
                2.45569E-03     -410.395E-09  
                2.46E-03        -466.001E-09  
                2.46784E-03     -554.075E-09  
                2.47177E-03     -591.206E-09  
                2.47569E-03     -623.353E-09  
                2.48E-03        -652.735E-09  
                2.48784E-03     -687.597E-09  
                2.49177E-03     -695.461E-09  
                2.49569E-03     -696.628E-09  
                2.5E-03         -689.972E-09  
                2.50784E-03     -655.781E-09  
                2.51177E-03     -627.979E-09  
                2.51569E-03     -593.189E-09  
                2.52E-03        -547.038E-09  
                2.52784E-03     -444.307E-09  
                2.53177E-03     -384.894E-09  
                2.53569E-03     -320.986E-09  
                2.54E-03        -246.214E-09  
                2.54784E-03     -103.383E-09  
                2.55177E-03      -30.4889E-09 
                2.55569E-03       42.1553E-09 
                2.56E-03         120.935E-09  
                2.56784E-03      255.598E-09  
                2.57177E-03      317.224E-09  
                2.57569E-03      374.201E-09  
                2.58E-03         431.135E-09  
                2.58784E-03      515.998E-09  
                2.59177E-03      548.997E-09  
                2.59569E-03      575.672E-09  
                2.6E-03          597.966E-09  
                2.60784E-03      619.158E-09  
                2.61177E-03      620.927E-09  
                2.61569E-03      617.254E-09  
                2.62E-03         607.374E-09  
                2.62784E-03      574.654E-09  
                2.63177E-03      551.754E-09  
                2.63569E-03      524.856E-09  
                2.64E-03         490.85E-09   
                2.64784E-03      418.315E-09  
                2.65177E-03      377.204E-09  
                2.65569E-03      333.07E-09   
                2.66392E-03      231.232E-09  
                2.66784E-03      179.284E-09  
                2.67177E-03      125.392E-09  
                2.67569E-03       69.9083E-09 
                2.68E-03           7.2785E-09 
                2.68784E-03     -107.363E-09  
                2.69177E-03     -164.038E-09  
                2.69569E-03     -219.577E-09  
                2.7E-03         -278.913E-09  
                2.70784E-03     -377.971E-09  
                2.71177E-03     -422.153E-09  
                2.71569E-03     -462.146E-09  
                2.72E-03        -500.988E-09  
                2.72784E-03     -555.E-09     
                2.73177E-03     -573.489E-09  
                2.73569E-03     -586.132E-09  
                2.74E-03        -593.327E-09  
                2.74784E-03     -587.853E-09  
                2.75177E-03     -576.383E-09  
                2.75569E-03     -559.36E-09   
                2.76E-03        -534.495E-09  
                2.76784E-03     -474.148E-09  
                2.77177E-03     -437.317E-09  
                2.77569E-03     -396.532E-09  
                2.78E-03        -347.438E-09  
                2.78784E-03     -249.424E-09  
                2.79177E-03     -197.053E-09  
                2.79569E-03     -143.027E-09  
                2.8E-03          -82.0412E-09 
                2.80784E-03       29.5485E-09 
                2.81177E-03       84.7069E-09 
                2.81569E-03      138.816E-09  
                2.82E-03         196.78E-09   
                2.82784E-03      294.441E-09  
                2.83177E-03      338.684E-09  
                2.83569E-03      379.393E-09  
                2.84E-03         419.897E-09  
                2.84784E-03      479.538E-09  
                2.85177E-03      502.193E-09  
                2.85569E-03      519.928E-09  
                2.86E-03         533.794E-09  
                2.86784E-03      543.027E-09  
                2.87177E-03      540.036E-09  
                2.87569E-03      532.135E-09  
                2.88392E-03      500.239E-09  
                2.88784E-03      478.112E-09  
                2.89177E-03      451.798E-09  
                2.89569E-03      421.53E-09   
                2.9E-03          383.867E-09  
                2.90784E-03      305.402E-09  
                2.91177E-03      261.907E-09  
                2.91569E-03      215.969E-09  
                2.92E-03         162.842E-09  
                2.92784E-03       62.0015E-09 
                2.93177E-03       10.3112E-09 
                2.93569E-03      -41.6865E-09 
                2.94392E-03     -150.003E-09  
                2.94784E-03     -199.604E-09  
                2.95177E-03     -247.39E-09   
                2.95569E-03     -292.876E-09  
                2.96E-03        -339.923E-09  
                2.96784E-03     -414.309E-09  
                2.97177E-03     -445.396E-09  
                2.97569E-03     -472.05E-09   
                2.98E-03        -496.127E-09  
                2.98784E-03     -524.243E-09  
                2.99177E-03     -530.619E-09  
                2.99569E-03     -531.928E-09  
                3.E-03          -527.683E-09  
                3.00784E-03     -505.072E-09  
                3.01177E-03     -487.02E-09   
                3.01569E-03     -464.845E-09  
                3.02E-03        -436.004E-09  
                3.02784E-03     -373.414E-09  
                3.03177E-03     -337.923E-09  
                3.03569E-03     -300.124E-09  
                3.04E-03        -256.191E-09  
                3.04784E-03     -172.633E-09  
                3.05177E-03     -129.88E-09   
                3.05569E-03      -87.0112E-09 
                3.06E-03         -40.0357E-09 
                3.06784E-03       41.6637E-09 
                3.07177E-03       79.8262E-09 
                3.07569E-03      115.619E-09  
                3.08E-03         151.915E-09  
                3.08784E-03      206.37E-09   
                3.09177E-03      227.181E-09  
                3.09569E-03      243.224E-09  
                3.1E-03          255.113E-09  
                3.10784E-03      258.884E-09  
                3.11177E-03      251.673E-09  
                3.11569E-03      238.189E-09  
                3.12392E-03      189.065E-09  
                3.12784E-03      155.461E-09  
                3.13177E-03      115.329E-09  
                3.13569E-03       68.7306E-09 
                3.14E-03          10.1029E-09 
                3.14784E-03     -115.645E-09  
                3.15177E-03     -187.483E-09  
                3.15569E-03     -265.088E-09  
                3.16E-03        -357.023E-09  
                3.16784E-03     -540.397E-09  
                3.17177E-03     -639.597E-09  
                3.17569E-03     -743.608E-09  
                3.18392E-03     -977.083E-09  
                3.18784E-03       -1.09462E-06
                3.19177E-03       -1.21611E-06
                3.19569E-03       -1.34137E-06
                3.2E-03           -1.48349E-06
                3.20784E-03       -1.7515E-06 
                3.21177E-03       -1.8898E-06 
                3.21569E-03       -2.03078E-06
                3.22E-03          -2.18895E-06
                3.22784E-03       -2.48327E-06
                3.23177E-03       -2.63356E-06
                3.23569E-03       -2.78595E-06
                3.24E-03          -2.95611E-06
                3.24784E-03       -3.27231E-06
                3.25177E-03       -3.43407E-06
                3.25569E-03       -3.59862E-06
                3.26E-03          -3.78318E-06
                3.26784E-03       -4.13018E-06
                3.27177E-03       -4.31003E-06
                3.27569E-03       -4.49472E-06
                3.28E-03          -4.7039E-06 
                3.28784E-03       -5.10332E-06
                3.29177E-03       -5.31316E-06
                3.29569E-03       -5.53034E-06
                3.3E-03           -5.77798E-06
                3.30784E-03       -6.25474E-06
                3.31177E-03       -6.50656E-06
                3.31569E-03       -6.76771E-06
                3.32E-03          -7.06578E-06
                3.32784E-03       -7.63945E-06
                3.33177E-03       -7.94194E-06
                3.33569E-03       -8.25507E-06
                3.34E-03          -8.61174E-06
                3.34784E-03       -9.29522E-06
                3.35177E-03       -9.65403E-06
                3.35569E-03      -10.0243E-06 
                3.36E-03         -10.4447E-06 
                3.36784E-03      -11.2457E-06 
                3.37177E-03      -11.6637E-06 
                3.37569E-03      -12.0933E-06 
                3.38E-03         -12.5787E-06 
                3.38784E-03      -13.4961E-06 
                3.39177E-03      -13.9708E-06 
                3.39569E-03      -14.4555E-06 
                3.4E-03          -14.9998E-06 
                3.40784E-03      -16.0163E-06 
                3.41177E-03      -16.5361E-06 
                3.41569E-03      -17.0627E-06 
                3.42392E-03      -18.1865E-06 
                3.42784E-03      -18.7281E-06 
                3.43177E-03      -19.2726E-06 
                3.43569E-03      -19.819E-06  
                3.44E-03         -20.4212E-06 
                3.44784E-03      -21.5143E-06 
                3.45177E-03      -22.058E-06  
                3.45569E-03      -22.5984E-06 
                3.46E-03         -23.1881E-06 
                3.46784E-03      -24.2431E-06 
                3.47177E-03      -24.7603E-06 
                3.47569E-03      -25.2697E-06 
                3.48E-03         -25.82E-06   
                3.48784E-03      -26.7899E-06 
                3.49177E-03      -27.2586E-06 
                3.49569E-03      -27.7155E-06 
                3.5E-03          -28.2036E-06 
                3.50784E-03      -29.0502E-06 
                3.51177E-03      -29.4525E-06 
                3.51569E-03      -29.8402E-06 
                3.52E-03         -30.249E-06  
                3.52784E-03      -30.9444E-06 
                3.53177E-03      -31.2681E-06 
                3.53569E-03      -31.5754E-06 
                3.54E-03         -31.8942E-06 
                3.54784E-03      -32.4224E-06 
                3.55177E-03      -32.6613E-06 
                3.55569E-03      -32.8834E-06 
                3.56E-03         -33.108E-06  
                3.56784E-03      -33.4649E-06 
                3.57177E-03      -33.6186E-06 
                3.57569E-03      -33.7557E-06 
                3.58E-03         -33.8876E-06 
                3.58784E-03      -34.0778E-06 
                3.59177E-03      -34.1493E-06 
                3.59569E-03      -34.2051E-06 
                3.6E-03          -34.2485E-06 
                3.60784E-03      -34.2805E-06 
                3.61177E-03      -34.2741E-06 
                3.61569E-03      -34.2528E-06 
                3.62E-03         -34.2123E-06 
                3.62784E-03      -34.0937E-06 
                3.63177E-03      -34.0127E-06 
                3.63569E-03      -33.9173E-06 
                3.64392E-03      -33.6705E-06 
                3.64784E-03      -33.5308E-06 
                3.65177E-03      -33.3768E-06 
                3.65569E-03      -33.2086E-06 
                3.66E-03         -33.0074E-06 
                3.66784E-03      -32.5972E-06 
                3.67177E-03      -32.3709E-06 
                3.67569E-03      -32.1305E-06 
                3.68E-03         -31.8503E-06 
                3.68784E-03      -31.2973E-06 
                3.69177E-03      -31.0002E-06 
                3.69569E-03      -30.6896E-06 
                3.70392E-03      -29.9947E-06 
                3.70784E-03      -29.6435E-06 
                3.71177E-03      -29.2797E-06 
                3.71569E-03      -28.9035E-06 
                3.72E-03         -28.4761E-06 
                3.72784E-03      -27.6626E-06 
                3.73177E-03      -27.239E-06  
                3.73569E-03      -26.8047E-06 
                3.74E-03         -26.3154E-06 
                3.74784E-03      -25.3952E-06 
                3.75177E-03      -24.9213E-06 
                3.75569E-03      -24.4389E-06 
                3.76E-03         -23.8991E-06 
                3.76784E-03      -22.8943E-06 
                3.77177E-03      -22.3819E-06 
                3.77569E-03      -21.8635E-06 
                3.78E-03         -21.287E-06  
                3.78784E-03      -20.2243E-06 
                3.79177E-03      -19.6873E-06 
                3.79569E-03      -19.1472E-06 
                3.8E-03          -18.5503E-06 
                3.80784E-03      -17.46E-06   
                3.81177E-03      -16.9137E-06 
                3.81569E-03      -16.3674E-06 
                3.82E-03         -15.767E-06  
                3.82784E-03      -14.6792E-06 
                3.83177E-03      -14.1381E-06 
                3.83569E-03      -13.5995E-06 
                3.84E-03         -13.0102E-06 
                3.84784E-03      -11.949E-06  
                3.85177E-03      -11.4239E-06 
                3.85569E-03      -10.9027E-06 
                3.86E-03         -10.3341E-06 
                3.86784E-03       -9.31311E-06
                3.87177E-03       -8.80906E-06
                3.87569E-03       -8.30924E-06
                3.88E-03          -7.76433E-06
                3.88784E-03       -6.78586E-06
                3.89177E-03       -6.30235E-06
                3.89569E-03       -5.82239E-06
                3.9E-03           -5.29844E-06
                3.90784E-03       -4.35454E-06
                3.91177E-03       -3.88637E-06
                3.91569E-03       -3.4203E-06 
                3.92E-03          -2.90989E-06
                3.92784E-03       -1.98518E-06
                3.93177E-03       -1.52382E-06
                3.93569E-03       -1.06266E-06
                3.94E-03        -555.434E-09  
                3.94784E-03      369.796E-09  
                3.95177E-03      834.436E-09  
                3.95569E-03        1.30086E-06
                3.96E-03           1.8161E-06 
                3.96784E-03        2.76148E-06
                3.97177E-03        3.23871E-06
                3.97569E-03        3.71923E-06
                3.98E-03           4.25156E-06
                3.98784E-03        5.2314E-06 
                3.99177E-03        5.72713E-06
                3.99569E-03        6.22674E-06
                4.E-03             6.78058E-06
                4.00784E-03        7.79959E-06
                4.01177E-03        8.31453E-06
                4.01569E-03        8.83284E-06
                4.02E-03           9.40638E-06
                4.02784E-03       10.4581E-06 
                4.03177E-03       10.9874E-06 
                4.03569E-03       11.5185E-06 
                4.04E-03          12.1044E-06 
                4.04784E-03       13.1723E-06 
                4.05177E-03       13.7065E-06 
                4.05569E-03       14.2403E-06 
                4.06E-03          14.8265E-06 
                4.06784E-03       15.8872E-06 
                4.07176E-03       16.414E-06  
                4.07569E-03       16.9378E-06 
                4.08E-03          17.51E-06   
                4.08784E-03       18.5372E-06 
                4.09177E-03       19.0434E-06 
                4.09569E-03       19.5441E-06 
                4.1E-03           20.088E-06  
                4.10784E-03       21.0566E-06 
                4.11177E-03       21.5301E-06 
                4.11569E-03       21.9961E-06 
                4.12E-03          22.4994E-06 
                4.12784E-03       23.3891E-06 
                4.13176E-03       23.8209E-06 
                4.13569E-03       24.2437E-06 
                4.14E-03          24.6983E-06 
                4.14784E-03       25.4961E-06 
                4.15177E-03       25.8808E-06 
                4.15569E-03       26.256E-06  
                4.16E-03          26.6575E-06 
                4.16784E-03       27.3581E-06 
                4.17177E-03       27.694E-06  
                4.17569E-03       28.0204E-06 
                4.18E-03          28.3682E-06 
                4.18784E-03       28.9718E-06 
                4.19177E-03       29.2595E-06 
                4.19569E-03       29.5379E-06 
                4.2E-03           29.8332E-06 
                4.20784E-03       30.3418E-06 
                4.21177E-03       30.5824E-06 
                4.21569E-03       30.8137E-06 
                4.22E-03          31.0572E-06 
                4.22784E-03       31.4715E-06 
                4.23177E-03       31.6645E-06 
                4.23569E-03       31.848E-06  
                4.24E-03          32.0384E-06 
                4.24784E-03       32.3541E-06 
                4.25177E-03       32.4967E-06 
                4.25569E-03       32.6287E-06 
                4.26E-03          32.7614E-06 
                4.26784E-03       32.9682E-06 
                4.27177E-03       33.0542E-06 
                4.27569E-03       33.1283E-06 
                4.28392E-03       33.2434E-06 
                4.28784E-03       33.2782E-06 
                4.29176E-03       33.2997E-06 
                4.29569E-03       33.3076E-06 
                4.3E-03           33.3002E-06 
                4.30784E-03       33.2421E-06 
                4.31177E-03       33.1909E-06 
                4.31569E-03       33.1246E-06 
                4.32E-03          33.0341E-06 
                4.32784E-03       32.821E-06  
                4.33177E-03       32.6907E-06 
                4.33569E-03       32.5443E-06 
                4.34392E-03       32.1846E-06 
                4.34784E-03       31.9879E-06 
                4.35176E-03       31.7749E-06 
                4.35569E-03       31.5455E-06 
                4.36E-03          31.2746E-06 
                4.36784E-03       30.7315E-06 
                4.37177E-03       30.4358E-06 
                4.37569E-03       30.1242E-06 
                4.38E-03          29.7634E-06 
                4.38784E-03       29.0597E-06 
                4.39177E-03       28.6853E-06 
                4.39569E-03       28.2964E-06 
                4.4E-03           27.8525E-06 
                4.40784E-03       27.0033E-06 
                4.41177E-03       26.5596E-06 
                4.41569E-03       26.1038E-06 
                4.42E-03          25.5894E-06 
                4.42784E-03       24.6217E-06 
                4.43177E-03       24.1238E-06 
                4.43569E-03       23.6174E-06 
                4.44E-03          23.0517E-06 
                4.44784E-03       22.0032E-06 
                4.45177E-03       21.4712E-06 
                4.45569E-03       20.9352E-06 
                4.46E-03          20.3419E-06 
                4.46784E-03       19.2571E-06 
                4.47177E-03       18.7136E-06 
                4.47569E-03       18.1704E-06 
                4.48E-03          17.5743E-06 
                4.48784E-03       16.4972E-06 
                4.49177E-03       15.9635E-06 
                4.49569E-03       15.4339E-06 
                4.5E-03           14.8571E-06 
                4.50784E-03       13.8253E-06 
                4.51177E-03       13.3189E-06 
                4.51569E-03       12.8195E-06 
                4.52E-03          12.2789E-06 
                4.52784E-03       11.3206E-06 
                4.53177E-03       10.8542E-06 
                4.53569E-03       10.3967E-06 
                4.54E-03           9.90427E-06
                4.54784E-03        9.03832E-06
                4.55177E-03        8.62009E-06
                4.55569E-03        8.21197E-06
                4.56E-03           7.77514E-06
                4.56784E-03        7.01273E-06
                4.57177E-03        6.64727E-06
                4.57569E-03        6.29244E-06
                4.58E-03           5.91465E-06
                4.58784E-03        5.26034E-06
                4.59177E-03        4.94905E-06
                4.59569E-03        4.64833E-06
                4.6E-03            4.32986E-06
                4.60784E-03        3.78264E-06
                4.61177E-03        3.52436E-06
                4.61569E-03        3.2762E-06 
                4.62E-03           3.01495E-06
                4.62784E-03        2.57017E-06
                4.63177E-03        2.3623E-06 
                4.63569E-03        2.164E-06  
                4.64E-03           1.95687E-06
                4.64784E-03        1.60911E-06
                4.65177E-03        1.44909E-06
                4.65569E-03        1.2982E-06 
                4.66392E-03        1.01078E-06
                4.66784E-03      887.853E-09  
                4.67176E-03      773.823E-09  
                4.67569E-03      668.616E-09  
                4.68E-03         562.916E-09  
                4.68784E-03      397.684E-09  
                4.69177E-03      327.897E-09  
                4.69569E-03      266.468E-09  
                4.7E-03          208.274E-09  
                4.70784E-03      127.48E-09   
                4.71177E-03       98.7686E-09 
                4.71569E-03       77.5141E-09 
                4.72392E-03       55.8808E-09 
                4.72784E-03       56.1769E-09 
                4.73176E-03       62.8311E-09 
                4.73569E-03       75.515E-09  
                4.74E-03          95.9457E-09 
                4.74784E-03      149.407E-09  
                4.75177E-03      183.27E-09   
                4.75569E-03      221.362E-09  
                4.76E-03         267.655E-09  
                4.76784E-03      362.149E-09  
                4.77177E-03      413.588E-09  
                4.77569E-03      467.286E-09  
                4.78392E-03      585.647E-09  
                4.78784E-03      643.796E-09  
                4.79177E-03      702.563E-09  
                4.79569E-03      761.549E-09  
                4.8E-03          826.271E-09  
                4.80784E-03      941.439E-09  
                4.81177E-03      997.02E-09   
                4.81569E-03        1.05076E-06
                4.82E-03           1.10738E-06
                4.82784E-03        1.2015E-06 
                4.83177E-03        1.24359E-06
                4.83569E-03        1.28195E-06
                4.84392E-03        1.34911E-06
                4.84784E-03        1.37393E-06
                4.85177E-03        1.39386E-06
                4.85569E-03        1.40873E-06
                4.86E-03           1.41913E-06
                4.86784E-03        1.42121E-06
                4.87177E-03        1.41403E-06
                4.87569E-03        1.4014E-06 
                4.88E-03           1.38133E-06
                4.88784E-03        1.32849E-06
                4.89177E-03        1.2945E-06 
                4.89569E-03        1.25574E-06
                4.9E-03            1.20788E-06
                4.90784E-03        1.1081E-06 
                4.91177E-03        1.05265E-06
                4.91569E-03      993.936E-09  
                4.92E-03         925.959E-09  
                4.92784E-03      795.085E-09  
                4.93177E-03      726.873E-09  
                4.93569E-03      657.301E-09  
                4.94E-03         579.586E-09  
                4.94784E-03      437.132E-09  
                4.95177E-03      366.091E-09  
                4.95569E-03      295.643E-09  
                4.96E-03         219.179E-09  
                4.96784E-03       84.8969E-09 
                4.97177E-03       20.7172E-09 
                4.97569E-03      -41.08E-09   
                4.98E-03        -106.011E-09  
                4.98784E-03     -214.238E-09  
                4.99177E-03     -263.07E-09   
                4.99569E-03     -308.079E-09  
                5.E-03          -352.956E-09  
                5.00784E-03     -421.136E-09  
                5.01177E-03     -448.446E-09  
                5.01569E-03     -471.109E-09  
                5.02E-03        -490.601E-09  
                5.02784E-03     -511.379E-09  
                5.03177E-03     -514.734E-09  
                5.03569E-03     -513.503E-09  
                5.04E-03        -506.961E-09  
                5.04784E-03     -482.115E-09  
                5.05177E-03     -463.84E-09   
                5.05569E-03     -441.985E-09  
                5.06E-03        -414.075E-09  
                5.06784E-03     -354.707E-09  
                5.07177E-03     -321.502E-09  
                5.07569E-03     -286.395E-09  
                5.08E-03        -245.913E-09  
                5.08784E-03     -169.354E-09  
                5.09177E-03     -130.331E-09  
                5.09569E-03      -91.2453E-09 
                5.1E-03          -48.4896E-09 
                5.10784E-03       26.8778E-09 
                5.11176E-03       62.8652E-09 
                5.11569E-03       97.4073E-09 
                5.12E-03         133.522E-09  
                5.12784E-03      193.028E-09  
                5.13177E-03      219.49E-09   
                5.13569E-03      243.598E-09  
                5.14E-03         267.291E-09  
                5.14784E-03      302.429E-09  
                5.15177E-03      316.068E-09  
                5.15569E-03      327.064E-09  
                5.16E-03         336.079E-09  
                5.16784E-03      344.512E-09  
                5.17177E-03      344.961E-09  
                5.17569E-03      342.973E-09  
                5.18E-03         338.003E-09  
                5.18784E-03      322.297E-09  
                5.19177E-03      311.42E-09   
                5.19569E-03      298.675E-09  
                5.2E-03          282.573E-09  
                5.20784E-03      248.821E-09  
                5.21177E-03      230.068E-09  
                5.21569E-03      210.259E-09  
                5.22E-03         187.374E-09  
                5.22784E-03      144.018E-09  
                5.23177E-03      121.833E-09  
                5.23569E-03       99.5244E-09 
                5.24E-03          74.9918E-09 
                5.24784E-03       31.4801E-09 
                5.25177E-03       10.571E-09  
                5.25569E-03       -9.57995E-09
                5.26392E-03      -48.8143E-09 
                5.26784E-03      -65.7074E-09 
                5.27176E-03      -81.3008E-09 
                5.27569E-03      -95.4986E-09 
                5.28E-03        -109.388E-09  
                5.28784E-03     -129.85E-09   
                5.29177E-03     -137.671E-09  
                5.29569E-03     -143.852E-09  
                5.3E-03         -148.7E-09    
                5.30784E-03     -152.697E-09  
                5.31177E-03     -152.43E-09   
                5.31569E-03     -150.719E-09  
                5.32392E-03     -142.701E-09  
                5.32784E-03     -137.164E-09  
                5.33176E-03     -130.622E-09  
                5.33569E-03     -123.195E-09  
                5.34E-03        -114.074E-09  
                5.34784E-03      -96.0133E-09 
                5.35177E-03      -86.5301E-09 
                5.35569E-03      -76.9139E-09 
                5.36E-03         -66.2817E-09 
                5.36784E-03      -47.7831E-09 
                5.37177E-03      -39.1791E-09 
                5.37569E-03      -31.1479E-09 
                5.38E-03         -23.0672E-09 
                5.38784E-03      -10.9924E-09 
                5.39177E-03       -6.36433E-09
                5.39569E-03       -2.74455E-09
                5.4E-03           20.8222E-12 
                5.40784E-03        1.74292E-09
                5.41177E-03        1.00486E-09
                5.41569E-03     -774.488E-12  
                5.42E-03          -3.93337E-09
                5.42784E-03      -12.4031E-09 
                5.43177E-03      -17.827E-09  
                5.43569E-03      -23.9448E-09 
                5.44E-03         -31.4356E-09 
                5.44784E-03      -46.2543E-09 
                5.45177E-03      -54.0495E-09 
                5.45569E-03      -61.9769E-09 
                5.46E-03         -70.803E-09  
                5.46784E-03      -86.2278E-09 
                5.47177E-03      -93.4623E-09 
                5.47569E-03     -100.278E-09  
                5.48E-03        -107.263E-09  
                5.48784E-03     -117.886E-09  
                5.49177E-03     -122.088E-09  
                5.49569E-03     -125.503E-09  
                5.5E-03         -128.349E-09  
                5.50784E-03     -130.723E-09  
                5.51177E-03     -130.537E-09  
                5.51569E-03     -129.44E-09   
                5.52E-03        -127.197E-09  
                5.52784E-03     -120.361E-09  
                5.53177E-03     -115.657E-09  
                5.53569E-03     -110.141E-09  
                5.54E-03        -103.151E-09  
                5.54784E-03      -88.3348E-09 
                5.55177E-03      -80.0056E-09 
                5.55569E-03      -71.1318E-09 
                5.56E-03         -60.7599E-09 
                5.56784E-03      -40.9028E-09 
                5.57177E-03      -30.6277E-09 
                5.57569E-03      -20.2125E-09 
                5.58E-03          -8.62034E-09
                5.58784E-03       12.0135E-09 
                5.59177E-03       21.9522E-09 
                5.59569E-03       31.535E-09  
                5.6E-03           41.6256E-09 
                5.60784E-03       57.9644E-09 
                5.61177E-03       65.0023E-09 
                5.61569E-03       71.1934E-09 
                5.62E-03          76.9884E-09 
                5.62784E-03       84.2141E-09 
                5.63177E-03       86.1272E-09 
                5.63569E-03       86.8634E-09 
                5.64E-03          86.302E-09  
                5.64784E-03       81.4396E-09 
                5.65176E-03       77.167E-09  
                5.65569E-03       71.7028E-09 
                5.66E-03          64.3485E-09 
                5.66784E-03       47.7286E-09 
                5.67177E-03       37.9963E-09 
                5.67569E-03       27.4331E-09 
                5.68E-03          14.9294E-09 
                5.68784E-03       -9.38624E-09
                5.69177E-03      -22.0679E-09 
                5.69569E-03      -34.9359E-09 
                5.7E-03          -49.2124E-09 
                5.70784E-03      -74.5247E-09 
                5.71176E-03      -86.6174E-09 
                5.71569E-03      -98.1833E-09 
                5.72E-03        -110.229E-09  
                5.72784E-03     -129.443E-09  
                5.73177E-03     -137.579E-09  
                5.73569E-03     -144.645E-09  
                5.74E-03        -151.164E-09  
                5.74784E-03     -159.129E-09  
                5.75177E-03     -161.183E-09  
                5.75569E-03     -161.948E-09  
                5.76392E-03     -159.408E-09  
                5.76784E-03     -156.209E-09  
                5.77177E-03     -151.786E-09  
                5.77569E-03     -146.187E-09  
                5.78E-03        -138.727E-09  
                5.78784E-03     -121.993E-09  
                5.79177E-03     -112.236E-09  
                5.79569E-03     -101.655E-09  
                5.8E-03          -89.1247E-09 
                5.80784E-03      -64.5456E-09 
                5.81177E-03      -51.557E-09  
                5.81569E-03      -38.2119E-09 
                5.82392E-03       -9.37175E-09
                5.82784E-03        4.42438E-09
                5.83177E-03       18.1745E-09 
                5.83569E-03       31.7923E-09 
                5.84E-03          46.5829E-09 
                5.84784E-03       72.2279E-09 
                5.85177E-03       84.3011E-09 
                5.85569E-03       95.7892E-09 
                5.86392E-03      117.743E-09  
                5.86784E-03      126.892E-09  
                5.87176E-03      135.146E-09  
                5.87569E-03      142.447E-09  
                5.88392E-03      154.492E-09  
                5.88784E-03      158.497E-09  
                5.89177E-03      161.356E-09  
                5.89569E-03      163.044E-09  
                5.9E-03          163.532E-09  
                5.90784E-03      160.693E-09  
                5.91177E-03      157.48E-09   
                5.91569E-03      153.089E-09  
                5.92E-03         146.903E-09  
                5.92784E-03      132.339E-09  
                5.93177E-03      123.543E-09  
                5.93569E-03      113.81E-09   
                5.94E-03         102.052E-09  
                5.94784E-03       78.4991E-09 
                5.95177E-03       65.837E-09  
                5.95569E-03       52.6994E-09 
                5.96E-03          37.7586E-09 
                5.96784E-03       10.1127E-09 
                5.97177E-03       -3.7327E-09 
                5.97569E-03      -17.4574E-09 
                5.98E-03         -32.3361E-09 
                5.98784E-03      -57.9903E-09 
                5.99177E-03      -69.9343E-09 
                5.99569E-03      -81.1669E-09 
                6.E-03           -92.6272E-09 
                6.00784E-03     -110.459E-09  
                6.01177E-03     -117.779E-09  
                6.01569E-03     -123.958E-09  
                6.02E-03        -129.39E-09   
                6.02784E-03     -135.388E-09  
                6.03177E-03     -136.47E-09   
                6.03569E-03     -136.269E-09  
                6.04E-03        -134.559E-09  
                6.04784E-03     -127.675E-09  
                6.05177E-03     -122.48E-09   
                6.05569E-03     -116.181E-09  
                6.06E-03        -108.007E-09  
                6.06784E-03      -90.3874E-09 
                6.07177E-03      -80.3988E-09 
                6.07569E-03      -69.7314E-09 
                6.08E-03         -57.2674E-09 
                6.08784E-03      -33.3977E-09 
                6.09176E-03      -21.0611E-09 
                6.09569E-03       -8.56953E-09
                6.1E-03            5.29709E-09
                6.10784E-03       30.1248E-09 
                6.11177E-03       42.1968E-09 
                6.11569E-03       53.951E-09  
                6.12E-03          66.4702E-09 
                6.12784E-03       87.6027E-09 
                6.13177E-03       97.2725E-09 
                6.13569E-03      106.286E-09  
                6.14E-03         115.406E-09  
                6.14784E-03      129.587E-09  
                6.15177E-03      135.452E-09  
                6.15569E-03      140.466E-09  
                6.16E-03         144.96E-09   
                6.16784E-03      150.383E-09  
                6.17177E-03      151.735E-09  
                6.17569E-03      152.169E-09  
                6.18E-03         151.547E-09  
                6.18784E-03      147.699E-09  
                6.19177E-03      144.474E-09  
                6.19569E-03      140.396E-09  
                6.2E-03          134.905E-09  
                6.20784E-03      122.678E-09  
                6.21177E-03      115.554E-09  
                6.21569E-03      107.812E-09  
                6.22E-03          98.5989E-09 
                6.22784E-03       80.6118E-09 
                6.23177E-03       71.1632E-09 
                6.23569E-03       61.5107E-09 
                6.24392E-03       40.9443E-09 
                6.24784E-03       31.3204E-09 
                6.25176E-03       21.9148E-09 
                6.25569E-03       12.8265E-09 
                6.26E-03           3.28626E-09
                6.26784E-03      -12.2716E-09 
                6.27177E-03      -19.0113E-09 
                6.27569E-03      -24.954E-09  
                6.28E-03         -30.4826E-09 
                6.28784E-03      -37.5643E-09 
                6.29177E-03      -39.5639E-09 
                6.29569E-03      -40.4829E-09 
                6.30392E-03      -38.7618E-09 
                6.30784E-03      -36.246E-09  
                6.31176E-03      -32.6192E-09 
                6.31569E-03      -27.8934E-09 
                6.32E-03         -21.4019E-09 
                6.32784E-03       -6.53359E-09
                6.33177E-03        2.3229E-09 
                6.33569E-03       12.0849E-09 
                6.34E-03          23.8705E-09 
                6.34784E-03       47.5836E-09 
                6.35177E-03       60.4641E-09 
                6.35569E-03       73.9808E-09 
                6.36392E-03      104.297E-09  
                6.36784E-03      119.46E-09   
                6.37177E-03      135.075E-09  
                6.37569E-03      151.116E-09  
                6.38E-03         169.254E-09  
                6.38784E-03      203.313E-09  
                6.39177E-03      220.85E-09   
                6.39569E-03      238.727E-09  
                6.4E-03          258.787E-09  
                6.40784E-03      296.323E-09  
                6.41177E-03      315.622E-09  
                6.41569E-03      335.295E-09  
                6.42E-03         357.357E-09  
                6.42784E-03      398.823E-09  
                6.43177E-03      420.24E-09   
                6.43569E-03      442.135E-09  
                6.44E-03         466.75E-09   
                6.44784E-03      513.292E-09  
                6.45177E-03      537.457E-09  
                6.45569E-03      562.239E-09  
                6.46E-03         590.174E-09  
                6.46784E-03      643.239E-09  
                6.47177E-03      670.896E-09  
                6.47569E-03      699.323E-09  
                6.48E-03         731.453E-09  
                6.48784E-03      792.629E-09  
                6.49177E-03      824.587E-09  
                6.49569E-03      857.485E-09  
                6.5E-03          894.748E-09  
                6.50784E-03      965.786E-09  
                6.51177E-03        1.00295E-06
                6.51569E-03        1.04124E-06
                6.52E-03           1.08469E-06
                6.52784E-03        1.16757E-06
                6.53176E-03        1.21096E-06
                6.53569E-03        1.2557E-06 
                6.54E-03           1.30654E-06
                6.54784E-03        1.40349E-06
                6.55177E-03        1.45425E-06
                6.55569E-03        1.5066E-06 
                6.56E-03           1.56609E-06
                6.56784E-03        1.67945E-06
                6.57177E-03        1.73872E-06
                6.57569E-03        1.7998E-06 
                6.58E-03           1.86912E-06
                6.58784E-03        2.00089E-06
                6.59177E-03        2.0696E-06 
                6.59569E-03        2.14023E-06
                6.6E-03            2.22019E-06
                6.60784E-03        2.37146E-06
                6.61177E-03        2.44995E-06
                6.61569E-03        2.53034E-06
                6.62E-03           2.62095E-06
                6.62784E-03        2.7913E-06 
                6.63177E-03        2.8791E-06 
                6.63569E-03        2.96859E-06
                6.64E-03           3.06893E-06
                6.64784E-03        3.25616E-06
                6.65177E-03        3.35193E-06
                6.65569E-03        3.44905E-06
                6.66E-03           3.55731E-06
                6.66784E-03        3.75774E-06
                6.67177E-03        3.8595E-06 
                6.67569E-03        3.96215E-06
                6.68E-03           4.07592E-06
                6.68784E-03        4.28501E-06
                6.69176E-03        4.39039E-06
                6.69569E-03        4.49618E-06
                6.7E-03            4.61284E-06
                6.70784E-03        4.82565E-06
                6.71177E-03        4.93215E-06
                6.71569E-03        5.03855E-06
                6.72E-03           5.15526E-06
                6.72784E-03        5.36653E-06
                6.73177E-03        5.47144E-06
                6.73569E-03        5.57569E-06
                6.74E-03           5.68936E-06
                6.74784E-03        5.89323E-06
                6.75177E-03        5.9935E-06 
                6.75569E-03        6.09246E-06
                6.76E-03           6.1996E-06 
                6.76784E-03        6.38945E-06
                6.77177E-03        6.48168E-06
                6.77569E-03        6.57192E-06
                6.78E-03           6.6687E-06 
                6.78784E-03        6.83761E-06
                6.79177E-03        6.91838E-06
                6.79569E-03        6.99655E-06
                6.8E-03            7.0794E-06 
                6.80784E-03        7.22129E-06
                6.81177E-03        7.28782E-06
                6.81569E-03        7.35134E-06
                6.82E-03           7.4177E-06 
                6.82784E-03        7.52868E-06
                6.83177E-03        7.57946E-06
                6.83569E-03        7.62712E-06
                6.84392E-03        7.71721E-06
                6.84784E-03        7.75534E-06
                6.85176E-03        7.79049E-06
                6.85569E-03        7.82274E-06
                6.86E-03           7.85499E-06
                6.86784E-03        7.90518E-06
                6.87177E-03        7.92639E-06
                6.87569E-03        7.94518E-06
                6.88E-03           7.96324E-06
                6.88784E-03        7.98945E-06
                6.89177E-03        7.99965E-06
                6.89569E-03        8.00811E-06
                6.90392E-03        8.02095E-06
                6.90784E-03        8.02505E-06
                6.91176E-03        8.02809E-06
                6.91569E-03        8.03026E-06
                6.92E-03           8.03186E-06
                6.92784E-03        8.03357E-06
                6.93177E-03        8.03427E-06
                6.93569E-03        8.03517E-06
                6.94E-03           8.03664E-06
                6.94784E-03        8.04186E-06
                6.95177E-03        8.04622E-06
                6.95569E-03        8.05212E-06
                6.96E-03           8.06069E-06
                6.96784E-03        8.08344E-06
                6.97177E-03        8.09892E-06
                6.97569E-03        8.11758E-06
                6.98E-03           8.14216E-06
                6.98784E-03        8.19954E-06
                6.99177E-03        8.23512E-06
                6.99569E-03        8.27581E-06
                7.E-03             8.32689E-06
                7.00784E-03        8.43876E-06
                7.01177E-03        8.5047E-06 
                7.01569E-03        8.57788E-06
                7.02E-03           8.66721E-06
                7.02784E-03        8.85542E-06
                7.03177E-03        8.96288E-06
                7.03569E-03        9.07985E-06
                7.04E-03           9.21999E-06
                7.04784E-03        9.50773E-06
                7.05177E-03        9.66845E-06
                7.05569E-03        9.84103E-06
                7.06E-03          10.0451E-06 
                7.06784E-03       10.4565E-06 
                7.07176E-03       10.6828E-06 
                7.07569E-03       10.9233E-06 
                7.08E-03          11.205E-06  
                7.08784E-03       11.7654E-06 
                7.09177E-03       12.0698E-06 
                7.09569E-03       12.3911E-06 
                7.1E-03           12.7647E-06 
                7.10784E-03       13.4999E-06 
                7.11177E-03       13.8956E-06 
                7.11569E-03       14.3108E-06 
                7.12E-03          14.7903E-06 
                7.12784E-03       15.7262E-06 
                7.13177E-03       16.2258E-06 
                7.13569E-03       16.7472E-06 
                7.14E-03          17.3462E-06 
                7.14784E-03       18.5059E-06 
                7.15177E-03       19.1205E-06 
                7.15569E-03       19.7586E-06 
                7.16E-03          20.488E-06  
                7.16784E-03       21.8894E-06 
                7.17177E-03       22.6268E-06 
                7.17569E-03       23.3888E-06 
                7.18E-03          24.2553E-06 
                7.18784E-03       25.9083E-06 
                7.19177E-03       26.7721E-06 
                7.19569E-03       27.6607E-06 
                7.2E-03           28.6663E-06 
                7.20784E-03       30.5713E-06 
                7.21177E-03       31.5601E-06 
                7.21569E-03       32.573E-06  
                7.22392E-03       34.7761E-06 
                7.22784E-03       35.8612E-06 
                7.23176E-03       36.969E-06  
                7.23569E-03       38.0989E-06 
                7.24E-03          39.3666E-06 
                7.24784E-03       41.7373E-06 
                7.25177E-03       42.9533E-06 
                7.25569E-03       44.1888E-06 
                7.26E-03          45.5695E-06 
                7.26784E-03       48.1366E-06 
                7.27177E-03       49.4461E-06 
                7.27569E-03       50.7718E-06 
                7.28392E-03       53.6049E-06 
                7.28784E-03       54.9764E-06 
                7.29176E-03       56.361E-06  
                7.29569E-03       57.7579E-06 
                7.3E-03           59.3074E-06 
                7.30784E-03       62.1571E-06 
                7.31177E-03       63.5956E-06 
                7.31569E-03       65.0419E-06 
                7.32E-03          66.6405E-06 
                7.32784E-03       69.5652E-06 
                7.33177E-03       71.0342E-06 
                7.33569E-03       72.5063E-06 
                7.34392E-03       75.6036E-06 
                7.34784E-03       77.0798E-06 
                7.35177E-03       78.5554E-06 
                7.35569E-03       80.0296E-06 
                7.36E-03          81.6482E-06 
                7.36784E-03       84.5809E-06 
                7.37177E-03       86.0402E-06 
                7.37569E-03       87.4939E-06 
                7.38E-03          89.0851E-06 
                7.38784E-03       91.9553E-06 
                7.39177E-03       93.3776E-06 
                7.39569E-03       94.7903E-06 
                7.40392E-03       97.7223E-06 
                7.40784E-03       99.1012E-06 
                7.41177E-03      100.468E-06  
                7.41569E-03      101.822E-06  
                7.42E-03         103.295E-06  
                7.42784E-03      105.929E-06  
                7.43177E-03      107.224E-06  
                7.43569E-03      108.503E-06  
                7.44E-03         109.891E-06  
                7.44784E-03      112.361E-06  
                7.45177E-03      113.57E-06   
                7.45569E-03      114.761E-06  
                7.46E-03         116.048E-06  
                7.46784E-03      118.33E-06   
                7.47177E-03      119.441E-06  
                7.47569E-03      120.532E-06  
                7.48E-03         121.708E-06  
                7.48784E-03      123.782E-06  
                7.49177E-03      124.786E-06  
                7.49569E-03      125.769E-06  
                7.5E-03          126.825E-06  
                7.50784E-03      128.676E-06  
                7.51177E-03      129.569E-06  
                7.51569E-03      130.439E-06  
                7.52E-03         131.369E-06  
                7.52784E-03      132.992E-06  
                7.53177E-03      133.77E-06   
                7.53569E-03      134.525E-06  
                7.54E-03         135.329E-06  
                7.54784E-03      136.723E-06  
                7.55177E-03      137.386E-06  
                7.55569E-03      138.028E-06  
                7.56E-03         138.708E-06  
                7.56784E-03      139.877E-06  
                7.57177E-03      140.429E-06  
                7.57569E-03      140.96E-06   
                7.58E-03         141.52E-06   
                7.58784E-03      142.474E-06  
                7.59177E-03      142.92E-06   
                7.59569E-03      143.347E-06  
                7.6E-03          143.793E-06  
                7.60784E-03      144.544E-06  
                7.61177E-03      144.89E-06   
                7.61569E-03      145.218E-06  
                7.62E-03         145.558E-06  
                7.62784E-03      146.12E-06   
                7.63177E-03      146.374E-06  
                7.63569E-03      146.611E-06  
                7.64E-03         146.852E-06  
                7.64784E-03      147.238E-06  
                7.65177E-03      147.407E-06  
                7.65569E-03      147.559E-06  
                7.66E-03         147.708E-06  
                7.66784E-03      147.931E-06  
                7.67176E-03      148.019E-06  
                7.67569E-03      148.091E-06  
                7.68E-03         148.153E-06  
                7.68784E-03      148.219E-06  
                7.69177E-03      148.229E-06  
                7.69569E-03      148.223E-06  
                7.7E-03          148.199E-06  
                7.70784E-03      148.108E-06  
                7.71177E-03      148.039E-06  
                7.71569E-03      147.954E-06  
                7.72E-03         147.843E-06  
                7.72784E-03      147.589E-06  
                7.73177E-03      147.437E-06  
                7.73569E-03      147.268E-06  
                7.74E-03         147.063E-06  
                7.74784E-03      146.634E-06  
                7.75177E-03      146.393E-06  
                7.75569E-03      146.133E-06  
                7.76E-03         145.825E-06  
                7.76784E-03      145.204E-06  
                7.77177E-03      144.864E-06  
                7.77569E-03      144.504E-06  
                7.78E-03         144.083E-06  
                7.78784E-03      143.251E-06  
                7.79177E-03      142.803E-06  
                7.79569E-03      142.331E-06  
                7.8E-03          141.787E-06  
                7.80784E-03      140.724E-06  
                7.81177E-03      140.157E-06  
                7.81569E-03      139.566E-06  
                7.82E-03         138.888E-06  
                7.82784E-03      137.577E-06  
                7.83177E-03      136.884E-06  
                7.83569E-03      136.165E-06  
                7.84E-03         135.346E-06  
                7.84784E-03      133.775E-06  
                7.85177E-03      132.951E-06  
                7.85569E-03      132.101E-06  
                7.86392E-03      130.233E-06  
                7.86784E-03      129.304E-06  
                7.87176E-03      128.349E-06  
                7.87569E-03      127.369E-06  
                7.88E-03         126.262E-06  
                7.88784E-03      124.172E-06  
                7.89176E-03      123.091E-06  
                7.89569E-03      121.986E-06  
                7.9E-03          120.744E-06  
                7.90784E-03      118.414E-06  
                7.91177E-03      117.216E-06  
                7.91569E-03      115.997E-06  
                7.92E-03         114.633E-06  
                7.92784E-03      112.09E-06   
                7.93177E-03      110.79E-06   
                7.93569E-03      109.472E-06  
                7.94E-03         108.002E-06  
                7.94784E-03      105.279E-06  
                7.95177E-03      103.894E-06  
                7.95569E-03      102.496E-06  
                7.96E-03         100.942E-06  
                7.96784E-03       98.0781E-06 
                7.97177E-03       96.6293E-06 
                7.97569E-03       95.1705E-06 
                7.98E-03          93.5553E-06 
                7.98784E-03       90.5934E-06 
                7.99177E-03       89.102E-06  
                7.99569E-03       87.605E-06  
                8.E-03            85.9531E-06 
                8.00784E-03       82.9374E-06 
                8.01177E-03       81.4257E-06 
                8.01569E-03       79.9127E-06 
                8.02E-03          78.2484E-06 
                8.02784E-03       75.2231E-06 
                8.03176E-03       73.713E-06  
                8.03569E-03       72.2058E-06 
                8.04E-03          70.5523E-06 
                8.04784E-03       67.5601E-06 
                8.05177E-03       66.0727E-06 
                8.05569E-03       64.5922E-06 
                8.06E-03          62.9728E-06 
                8.06784E-03       60.0541E-06 
                8.07176E-03       58.6091E-06 
                8.07569E-03       57.1745E-06 
                8.08E-03          55.6096E-06 
                8.08784E-03       52.8013E-06 
                8.09177E-03       51.4165E-06 
                8.09569E-03       50.0455E-06 
                8.10392E-03       47.2145E-06 
                8.10784E-03       45.8898E-06 
                8.11176E-03       44.5813E-06 
                8.11569E-03       43.2893E-06 
                8.12E-03          41.8886E-06 
                8.12784E-03       39.3961E-06 
                8.13176E-03       38.1776E-06 
                8.13569E-03       36.9782E-06 
                8.14E-03          35.6816E-06 
                8.14784E-03       33.386E-06  
                8.15176E-03       32.269E-06  
                8.15569E-03       31.1732E-06 
                8.16E-03          29.9928E-06 
                8.16784E-03       27.9136E-06 
                8.17177E-03       26.9073E-06 
                8.17569E-03       25.9235E-06 
                8.18392E-03       23.932E-06  
                8.18784E-03       23.0192E-06 
                8.19176E-03       22.1296E-06 
                8.19569E-03       21.2633E-06 
                8.2E-03           20.3375E-06 
                8.20784E-03       18.727E-06  
                8.21177E-03       17.9571E-06 
                8.21569E-03       17.2107E-06 
                8.22E-03          16.4169E-06 
                8.22784E-03       15.0459E-06 
                8.23177E-03       14.3953E-06 
                8.23569E-03       13.7677E-06 
                8.24E-03          13.1041E-06 
                8.24784E-03       11.9672E-06 
                8.25177E-03       11.4323E-06 
                8.25569E-03       10.9194E-06 
                8.26E-03          10.3804E-06 
                8.26784E-03        9.46637E-06
                8.27177E-03        9.04076E-06
                8.27569E-03        8.6356E-06 
                8.28E-03           8.21331E-06
                8.28784E-03        7.50585E-06
                8.29177E-03        7.1807E-06 
                8.29569E-03        6.87405E-06
                8.3E-03            6.55769E-06
                8.30784E-03        6.03639E-06
                8.31177E-03        5.80099E-06
                8.31569E-03        5.5818E-06 
                8.32E-03           5.35887E-06
                8.32784E-03        5.00006E-06
                8.33177E-03        4.84218E-06
                8.33569E-03        4.69796E-06
                8.34E-03           4.55454E-06
                8.34784E-03        4.33206E-06
                8.35177E-03        4.23833E-06
                8.35569E-03        4.15554E-06
                8.36E-03           4.07653E-06
                8.36784E-03        3.96262E-06
                8.37177E-03        3.91901E-06
                8.37569E-03        3.88357E-06
                8.38E-03           3.85339E-06
                8.38784E-03        3.81973E-06
                8.39177E-03        3.81209E-06
                8.39569E-03        3.80987E-06
                8.4E-03            3.81308E-06
                8.40784E-03        3.83177E-06
                8.41177E-03        3.84633E-06
                8.41569E-03        3.86368E-06
                8.42E-03           3.88542E-06
                8.42784E-03        3.92999E-06
                8.43177E-03        3.95378E-06
                8.43569E-03        3.97795E-06
                8.44E-03           4.00445E-06
                8.44784E-03        4.0506E-06 
                8.45177E-03        4.07187E-06
                8.45569E-03        4.09138E-06
                8.46E-03           4.11036E-06
                8.46784E-03        4.13673E-06
                8.47177E-03        4.14529E-06
                8.47569E-03        4.15032E-06
                8.48E-03           4.15142E-06
                8.48784E-03        4.14041E-06
                8.49177E-03        4.12812E-06
                8.49569E-03        4.11098E-06
                8.5E-03            4.08629E-06
                8.50784E-03        4.02514E-06
                8.51177E-03        3.9864E-06 
                8.51569E-03        3.94209E-06
                8.52E-03           3.88683E-06
                8.52784E-03        3.76867E-06
                8.53176E-03        3.70105E-06
                8.53569E-03        3.62777E-06
                8.54E-03           3.54073E-06
                8.54784E-03        3.36555E-06
                8.55177E-03        3.27007E-06
                8.55569E-03        3.16956E-06
                8.56392E-03        2.94308E-06
                8.56784E-03        2.82835E-06
                8.57176E-03        2.70957E-06
                8.57569E-03        2.58703E-06
                8.58E-03           2.44829E-06
                8.58784E-03        2.18687E-06
                8.59177E-03        2.05247E-06
                8.59569E-03        1.91612E-06
                8.6E-03            1.76446E-06
                8.60784E-03        1.48561E-06
                8.61176E-03        1.34561E-06
                8.61569E-03        1.20582E-06
                8.62E-03           1.05286E-06
                8.62784E-03      778.615E-09  
                8.63177E-03      644.285E-09  
                8.63569E-03      512.41E-09   
                8.64E-03         370.761E-09  
                8.64784E-03      123.861E-09  
                8.65176E-03        6.42418E-09
                8.65569E-03     -106.478E-09  
                8.66E-03        -224.969E-09  
                8.66784E-03     -423.777E-09  
                8.67177E-03     -514.48E-09   
                8.67569E-03     -598.994E-09  
                8.68392E-03     -755.184E-09  
                8.68784E-03     -819.025E-09  
                8.69176E-03     -875.81E-09   
                8.69569E-03     -925.403E-09  
                8.7E-03         -971.53E-09   
                8.70784E-03       -1.0325E-06 
                8.71177E-03       -1.05186E-06
                8.71569E-03       -1.06384E-06
                8.72E-03          -1.06859E-06
                8.72784E-03       -1.05498E-06
                8.73177E-03       -1.03773E-06
                8.73569E-03       -1.01377E-06
                8.74E-03        -979.975E-09  
                8.74784E-03     -899.564E-09  
                8.75177E-03     -850.809E-09  
                8.75569E-03     -796.808E-09  
                8.76E-03        -731.804E-09  
                8.76784E-03     -600.152E-09  
                8.77177E-03     -528.649E-09  
                8.77569E-03     -453.944E-09  
                8.78E-03        -368.658E-09  
                8.78784E-03     -206.944E-09  
                8.79177E-03     -123.838E-09  
                8.79569E-03      -39.8644E-09 
                8.8E-03           52.9381E-09 
                8.80784E-03      220.96E-09   
                8.81177E-03      303.711E-09  
                8.81569E-03      385.031E-09  
                8.82E-03         472.298E-09  
                8.82784E-03      623.519E-09  
                8.83177E-03      694.734E-09  
                8.83569E-03      762.539E-09  
                8.84E-03         832.793E-09  
                8.84784E-03      947.623E-09  
                8.85177E-03      998.246E-09  
                8.85569E-03        1.04403E-06
                8.86E-03           1.08854E-06
                8.86784E-03        1.15313E-06
                8.87177E-03        1.17723E-06
                8.87569E-03        1.19575E-06
                8.88E-03           1.20963E-06
                8.88784E-03        1.21729E-06
                8.89177E-03        1.21268E-06
                8.89569E-03        1.20251E-06
                8.9E-03            1.18506E-06
                8.90784E-03        1.13699E-06
                8.91177E-03        1.10539E-06
                8.91569E-03        1.06903E-06
                8.92E-03           1.02384E-06
                8.92784E-03      928.737E-09  
                8.93177E-03      875.523E-09  
                8.93569E-03      818.953E-09  
                8.94392E-03      690.776E-09  
                8.94784E-03      625.965E-09  
                8.95176E-03      559.227E-09  
                8.95569E-03      490.93E-09   
                8.96E-03         414.443E-09  
                8.96784E-03      273.333E-09  
                8.97177E-03      202.532E-09  
                8.97569E-03      132.052E-09  
                8.98E-03          55.3392E-09 
                8.98784E-03      -80.6099E-09 
                8.99177E-03     -146.202E-09  
                8.99569E-03     -209.799E-09  
                9.E-03          -277.12E-09   
                9.00784E-03     -391.309E-09  
                9.01177E-03     -443.95E-09   
                9.01569E-03     -493.342E-09  
                9.02E-03        -543.694E-09  
                9.02784E-03     -623.897E-09  
                9.03176E-03     -658.228E-09  
                9.03569E-03     -688.57E-09   
                9.04E-03        -717.25E-09   
                9.04784E-03     -756.521E-09  
                9.05177E-03     -769.865E-09  
                9.05569E-03     -779.009E-09  
                9.06392E-03     -784.654E-09  
                9.06784E-03     -780.977E-09  
                9.07176E-03     -773.289E-09  
                9.07569E-03     -761.682E-09  
                9.08E-03        -744.52E-09   
                9.08784E-03     -702.081E-09  
                9.09177E-03     -675.728E-09  
                9.09569E-03     -646.18E-09   
                9.1E-03         -610.222E-09  
                9.10784E-03     -536.411E-09  
                9.11176E-03     -495.88E-09   
                9.11569E-03     -453.244E-09  
                9.12E-03        -404.215E-09  
                9.12784E-03     -310.438E-09  
                9.13177E-03     -261.85E-09   
                9.13569E-03     -212.489E-09  
                9.14E-03        -157.621E-09  
                9.14784E-03      -57.5306E-09 
                9.15176E-03       -7.87271E-09
                9.15569E-03       41.1722E-09 
                9.16E-03          94.0976E-09 
                9.16784E-03      186.547E-09  
                9.17177E-03      230.457E-09  
                9.17569E-03      272.531E-09  
                9.18392E-03      354.E-09     
                9.18784E-03      389.148E-09  
                9.19176E-03      421.718E-09  
                9.19569E-03      451.57E-09   
                9.2E-03          481.122E-09  
                9.20784E-03      525.618E-09  
                9.21177E-03      543.241E-09  
                9.21569E-03      557.705E-09  
                9.22E-03         569.921E-09  
                9.22784E-03      582.205E-09  
                9.23177E-03      583.558E-09  
                9.23569E-03      581.753E-09  
                9.24E-03         576.172E-09  
                9.24784E-03      556.693E-09  
                9.25177E-03      542.6E-09    
                9.25569E-03      525.734E-09  
                9.26E-03         504.104E-09  
                9.26784E-03      457.114E-09  
                9.27177E-03      430.191E-09  
                9.27569E-03      401.184E-09  
                9.28E-03         367.072E-09  
                9.28784E-03      299.86E-09   
                9.29177E-03      264.122E-09  
                9.29569E-03      227.218E-09  
                9.3E-03          185.526E-09  
                9.30784E-03      107.615E-09  
                9.31177E-03       68.0749E-09 
                9.31569E-03       28.4294E-09 
                9.32392E-03      -54.1864E-09 
                9.32784E-03      -92.7949E-09 
                9.33176E-03     -130.634E-09  
                9.33569E-03     -167.497E-09  
                9.34E-03        -206.676E-09  
                9.34784E-03     -273.431E-09  
                9.35177E-03     -304.275E-09  
                9.35569E-03     -333.2E-09    
                9.36E-03        -362.598E-09  
                9.36784E-03     -409.068E-09  
                9.37177E-03     -428.67E-09   
                9.37569E-03     -445.712E-09  
                9.38E-03        -461.395E-09  
                9.38784E-03     -481.507E-09  
                9.39176E-03     -487.418E-09  
                9.39569E-03     -490.545E-09  
                9.4E-03         -490.768E-09  
                9.40784E-03     -482.729E-09  
                9.41177E-03     -474.722E-09  
                9.41569E-03     -464.149E-09  
                9.42E-03        -449.658E-09  
                9.42784E-03     -416.133E-09  
                9.43177E-03     -396.146E-09  
                9.43569E-03     -374.195E-09  
                9.44392E-03     -322.407E-09  
                9.44784E-03     -295.375E-09  
                9.45177E-03     -267.054E-09  
                9.45569E-03     -237.627E-09  
                9.46E-03        -204.203E-09  
                9.46784E-03     -141.4E-09    
                9.47177E-03     -109.402E-09  
                9.47569E-03      -77.2654E-09 
                9.48E-03         -42.0068E-09 
                9.48784E-03       21.1614E-09 
                9.49177E-03       51.9049E-09 
                9.49569E-03       81.8455E-09 
                9.5E-03          113.628E-09  
                9.50784E-03      167.733E-09  
                9.51177E-03      192.683E-09  
                9.51569E-03      216.038E-09  
                9.52E-03         239.719E-09  
                9.52784E-03      276.955E-09  
                9.53176E-03      292.547E-09  
                9.53569E-03      306.001E-09  
                9.54E-03         318.237E-09  
                9.54784E-03      333.44E-09   
                9.55177E-03      337.555E-09  
                9.55569E-03      339.317E-09  
                9.56392E-03      335.379E-09  
                9.56784E-03      329.919E-09  
                9.57176E-03      322.197E-09  
                9.57569E-03      312.27E-09   
                9.58E-03         298.89E-09   
                9.58784E-03      268.322E-09  
                9.59177E-03      250.224E-09  
                9.59569E-03      230.405E-09  
                9.6E-03          206.787E-09  
                9.60784E-03      159.489E-09  
                9.61176E-03      134.041E-09  
                9.61569E-03      107.607E-09  
                9.62E-03          77.5979E-09 
                9.62784E-03       21.1797E-09 
                9.63177E-03       -7.58234E-09
                9.63569E-03      -36.4833E-09 
                9.64E-03         -68.215E-09  
                9.64784E-03     -125.161E-09  
                9.65176E-03     -152.944E-09  
                9.65569E-03     -180.062E-09  
                9.66E-03        -208.943E-09  
                9.66784E-03     -258.426E-09  
                9.67177E-03     -281.458E-09  
                9.67569E-03     -303.207E-09  
                9.68392E-03     -344.299E-09  
                9.68784E-03     -361.557E-09  
                9.69176E-03     -377.24E-09   
                9.69569E-03     -391.307E-09  
                9.7E-03         -404.877E-09  
                9.70784E-03     -424.426E-09  
                9.71176E-03     -431.726E-09  
                9.71569E-03     -437.406E-09  
                9.72E-03        -441.828E-09  
                9.72784E-03     -445.177E-09  
                9.73176E-03     -444.712E-09  
                9.73569E-03     -442.927E-09  
                9.74E-03        -439.555E-09  
                9.74784E-03     -430.026E-09  
                9.75177E-03     -423.839E-09  
                9.75569E-03     -416.863E-09  
                9.76E-03        -408.437E-09  
                9.76784E-03     -391.579E-09  
                9.77176E-03     -382.672E-09  
                9.77569E-03     -373.628E-09  
                9.78E-03        -363.691E-09  
                9.78784E-03     -346.143E-09  
                9.79177E-03     -337.884E-09  
                9.79569E-03     -330.137E-09  
                9.8E-03         -322.359E-09  
                9.80784E-03     -310.642E-09  
                9.81177E-03     -306.172E-09  
                9.81569E-03     -302.762E-09  
                9.82E-03        -300.344E-09  
                9.82784E-03     -299.838E-09  
                9.83177E-03     -301.609E-09  
                9.83569E-03     -304.81E-09   
                9.84E-03        -310.039E-09  
                9.84784E-03     -324.297E-09  
                9.85177E-03     -333.779E-09  
                9.85569E-03     -344.851E-09  
                9.86E-03        -358.86E-09   
                9.86784E-03     -389.279E-09  
                9.87177E-03     -406.846E-09  
                9.87569E-03     -425.947E-09  
                9.88E-03        -448.672E-09  
                9.88784E-03     -494.482E-09  
                9.89177E-03     -519.445E-09  
                9.89569E-03     -545.694E-09  
                9.9E-03         -575.957E-09  
                9.90784E-03     -634.458E-09  
                9.91177E-03     -665.219E-09  
                9.91569E-03     -696.868E-09  
                9.92E-03        -732.575E-09  
                9.92784E-03     -799.596E-09  
                9.93177E-03     -833.911E-09  
                9.93569E-03     -868.629E-09  
                9.94E-03        -907.14E-09   
                9.94784E-03     -977.715E-09  
                9.95177E-03       -1.01306E-06
                9.95569E-03       -1.04831E-06
                9.96E-03          -1.08687E-06
                9.96784E-03       -1.15605E-06
                9.97177E-03       -1.19003E-06
                9.97569E-03       -1.22349E-06
                9.98E-03          -1.25963E-06
                9.98784E-03       -1.32329E-06
                9.99177E-03       -1.35403E-06
                9.99569E-03       -1.38397E-06
               10.E-03            -1.41596E-06




