
                  X               _temp_1     

                0.                 0.         
                6.54437E-06      791.682E-09  
               10.9073E-06         1.99334E-06
               15.2702E-06         3.4364E-06 
               21.8146E-06         5.55587E-06
               26.1775E-06         6.75834E-06
               30.5404E-06         7.78729E-06
               37.0848E-06         9.1846E-06 
               41.4477E-06        10.1578E-06 
               45.8106E-06        11.2319E-06 
               50.1735E-06        12.4086E-06 
               56.7179E-06        14.2735E-06 
               61.0808E-06        15.5047E-06 
               65.4437E-06        16.6822E-06 
               71.988E-06         18.347E-06  
               76.351E-06         19.4261E-06 
               80.7139E-06        20.5237E-06 
               85.0768E-06        21.6665E-06 
               91.6212E-06        23.4862E-06 
               95.9841E-06        24.7541E-06 
              100.347E-06         26.0428E-06 
              106.891E-06         27.9657E-06 
              111.254E-06         29.2198E-06 
              115.617E-06         30.4411E-06 
              122.162E-06         32.2088E-06 
              126.524E-06         33.342E-06  
              130.887E-06         34.4418E-06 
              135.25E-06          35.5091E-06 
              141.795E-06         37.0647E-06 
              146.158E-06         38.084E-06  
              150.521E-06         39.1037E-06 
              157.065E-06         40.6494E-06 
              161.428E-06         41.6952E-06 
              165.791E-06         42.7444E-06 
              170.154E-06         43.7869E-06 
              176.698E-06         45.3032E-06 
              181.061E-06         46.2659E-06 
              185.424E-06         47.1811E-06 
              191.968E-06         48.4741E-06 
              196.331E-06         49.2942E-06 
              200.694E-06         50.0988E-06 
              205.057E-06         50.8997E-06 
              211.602E-06         52.1202E-06 
              215.964E-06         52.9541E-06 
              220.327E-06         53.8078E-06 
              226.872E-06         55.1128E-06 
              231.235E-06         55.9909E-06 
              235.598E-06         56.8628E-06 
              242.142E-06         58.1458E-06 
              246.505E-06         58.9721E-06 
              250.868E-06         59.775E-06  
              255.231E-06         60.5526E-06 
              261.775E-06         61.6851E-06 
              266.138E-06         62.4252E-06 
              270.501E-06         63.1654E-06 
              277.045E-06         64.2852E-06 
              281.408E-06         65.0457E-06 
              285.771E-06         65.8138E-06 
              290.134E-06         66.5889E-06 
              296.678E-06         67.7472E-06 
              301.041E-06         68.5084E-06 
              305.404E-06         69.2512E-06 
              311.948E-06         70.3275E-06 
              316.311E-06         71.0147E-06 
              320.674E-06         71.6827E-06 
              325.037E-06         72.3313E-06 
              331.581E-06         73.2789E-06 
              335.944E-06         73.8958E-06 
              340.307E-06         74.5061E-06 
              346.852E-06         75.4043E-06 
              351.214E-06         75.9925E-06 
              355.577E-06         76.5663E-06 
              362.122E-06         77.4005E-06 
              366.485E-06         77.9313E-06 
              370.847E-06         78.4444E-06 
              375.21E-06          78.9355E-06 
              381.755E-06         79.6366E-06 
              386.118E-06         80.0786E-06 
              390.481E-06         80.5052E-06 
              397.025E-06         81.1112E-06 
              401.388E-06         81.4956E-06 
              405.751E-06         81.8588E-06 
              410.114E-06         82.2027E-06 
              416.658E-06         82.6723E-06 
              421.021E-06         82.9532E-06 
              425.384E-06         83.2032E-06 
              431.928E-06         83.5243E-06 
              436.291E-06         83.6986E-06 
              440.654E-06         83.8469E-06 
              445.017E-06         83.9678E-06 
              451.561E-06         84.1071E-06 
              455.924E-06         84.1734E-06 
              460.287E-06         84.2247E-06 
              466.831E-06         84.2729E-06 
              471.194E-06         84.2914E-06 
              475.557E-06         84.297E-06  
              482.101E-06         84.2909E-06 
              486.464E-06         84.2744E-06 
              490.827E-06         84.254E-06  
              495.19E-06          84.2272E-06 
              501.734E-06         84.1834E-06 
              506.097E-06         84.1504E-06 
              510.46E-06          84.1191E-06 
              517.005E-06         84.0697E-06 
              521.367E-06         84.0377E-06 
              525.73E-06          84.0007E-06 
              530.093E-06         83.9608E-06 
              536.638E-06         83.8857E-06 
              541.E-06            83.8246E-06 
              545.363E-06         83.7493E-06 
              551.908E-06         83.613E-06  
              556.271E-06         83.5015E-06 
              560.633E-06         83.3774E-06 
              567.178E-06         83.1613E-06 
              571.541E-06         83.0014E-06 
              575.904E-06         82.8239E-06 
              580.267E-06         82.6326E-06 
              586.811E-06         82.3112E-06 
              591.174E-06         82.0738E-06 
              595.537E-06         81.8118E-06 
              602.081E-06         81.3741E-06 
              606.444E-06         81.0453E-06 
              610.807E-06         80.6898E-06 
              615.17E-06          80.3035E-06 
              621.714E-06         79.6718E-06 
              626.077E-06         79.2149E-06 
              630.44E-06          78.7352E-06 
              636.984E-06         77.9717E-06 
              641.347E-06         77.4395E-06 
              645.71E-06          76.8868E-06 
              650.073E-06         76.3185E-06 
              656.617E-06         75.4329E-06 
              660.98E-06          74.8224E-06 
              665.343E-06         74.1928E-06 
              671.887E-06         73.2166E-06 
              676.25E-06          72.541E-06  
              680.613E-06         71.8495E-06 
              687.158E-06         70.7784E-06 
              691.52E-06          70.0472E-06 
              695.883E-06         69.3006E-06 
              700.246E-06         68.5444E-06 
              706.791E-06         67.3922E-06 
              711.153E-06         66.6169E-06 
              715.516E-06         65.8351E-06 
              722.061E-06         64.6577E-06 
              726.424E-06         63.8669E-06 
              730.786E-06         63.0751E-06 
              735.149E-06         62.2795E-06 
              741.694E-06         61.0815E-06 
              746.057E-06         60.2771E-06 
              750.419E-06         59.4704E-06 
              756.964E-06         58.251E-06  
              761.327E-06         57.4338E-06 
              765.69E-06          56.6101E-06 
              770.053E-06         55.7825E-06 
              776.597E-06         54.5301E-06 
              780.96E-06          53.6892E-06 
              785.323E-06         52.8415E-06 
              791.867E-06         51.5605E-06 
              796.23E-06          50.6979E-06 
              800.593E-06         49.8307E-06 
              807.137E-06         48.5171E-06 
              811.5E-06           47.6347E-06 
              815.863E-06         46.7438E-06 
              820.226E-06         45.8461E-06 
              826.77E-06          44.4819E-06 
              831.133E-06         43.5601E-06 
              835.496E-06         42.625E-06  
              842.04E-06          41.197E-06  
              846.403E-06         40.2235E-06 
              850.766E-06         39.2333E-06 
              855.129E-06         38.2235E-06 
              861.673E-06         36.6725E-06 
              866.036E-06         35.6129E-06 
              870.399E-06         34.5348E-06 
              876.944E-06         32.8826E-06 
              881.306E-06         31.761E-06  
              885.669E-06         30.6236E-06 
              890.032E-06         29.4737E-06 
              896.577E-06         27.7275E-06 
              900.939E-06         26.5522E-06 
              905.302E-06         25.3687E-06 
              911.847E-06         23.5827E-06 
              916.21E-06          22.3852E-06 
              920.573E-06         21.1844E-06 
              927.117E-06         19.3772E-06 
              931.48E-06          18.1704E-06 
              935.843E-06         16.962E-06  
              940.206E-06         15.7538E-06 
              946.75E-06          13.9432E-06 
              951.113E-06         12.739E-06  
              955.476E-06         11.5379E-06 
              962.02E-06           9.74491E-06
              966.383E-06          8.55611E-06
              970.746E-06          7.37376E-06
              975.109E-06          6.19803E-06
              981.653E-06          4.44765E-06
              986.016E-06          3.28947E-06
              990.379E-06          2.13821E-06
              996.924E-06        423.484E-09  
                1.00129E-03     -657.148E-09  
                1.00565E-03       -1.22607E-06
                1.01001E-03       -1.24058E-06
                1.01656E-03     -778.874E-09  
                1.02092E-03     -484.583E-09  
                1.02528E-03     -354.94E-09   
                1.03183E-03     -473.464E-09  
                1.03619E-03     -649.584E-09  
                1.04055E-03     -792.321E-09  
                1.0471E-03      -821.433E-09  
                1.05146E-03     -717.462E-09  
                1.05582E-03     -564.462E-09  
                1.06019E-03     -417.468E-09  
                1.06673E-03     -287.199E-09  
                1.07109E-03     -266.24E-09   
                1.07546E-03     -270.121E-09  
                1.082E-03       -245.946E-09  
                1.08637E-03     -171.898E-09  
                1.09073E-03      -42.9457E-09 
                1.09509E-03      129.803E-09  
                1.10164E-03      424.934E-09  
                1.106E-03        614.182E-09  
                1.11036E-03      779.041E-09  
                1.11691E-03      964.089E-09  
                1.12127E-03        1.04241E-06
                1.12563E-03        1.08464E-06
                1.13218E-03        1.08333E-06
                1.13654E-03        1.04449E-06
                1.1409E-03       983.477E-09  
                1.14527E-03      910.855E-09  
                1.15181E-03      805.983E-09  
                1.15617E-03      752.406E-09  
                1.16054E-03      715.803E-09  
                1.16708E-03      681.399E-09  
                1.17144E-03      655.553E-09  
                1.17581E-03      611.353E-09  
                1.18017E-03      537.354E-09  
                1.18671E-03      359.344E-09  
                1.19108E-03      199.99E-09   
                1.19544E-03       19.3706E-09 
                1.20199E-03     -260.77E-09   
                1.20635E-03     -432.978E-09  
                1.21071E-03     -580.237E-09  
                1.21507E-03     -695.773E-09  
                1.22162E-03     -806.141E-09  
                1.22598E-03     -842.181E-09  
                1.23035E-03     -855.664E-09  
                1.23689E-03     -851.587E-09  
                1.24125E-03     -844.366E-09  
                1.24562E-03     -840.831E-09  
                1.25216E-03     -848.63E-09   
                1.25652E-03     -861.313E-09  
                1.26089E-03     -875.007E-09  
                1.26525E-03     -883.109E-09  
                1.27179E-03     -869.259E-09  
                1.27616E-03     -834.332E-09  
                1.28052E-03     -775.522E-09  
                1.28706E-03     -645.164E-09  
                1.29143E-03     -536.821E-09  
                1.29579E-03     -419.26E-09   
                1.30015E-03     -299.932E-09  
                1.3067E-03      -131.584E-09  
                1.31106E-03      -32.5246E-09 
                1.31542E-03       54.2971E-09 
                1.32197E-03      164.401E-09  
                1.32633E-03      228.625E-09  
                1.33069E-03      289.568E-09  
                1.33506E-03      350.265E-09  
                1.3416E-03       444.757E-09  
                1.34596E-03      510.36E-09   
                1.35033E-03      576.562E-09  
                1.35687E-03      671.741E-09  
                1.36124E-03      728.475E-09  
                1.3656E-03       777.038E-09  
                1.37214E-03      831.382E-09  
                1.37651E-03      854.727E-09  
                1.38087E-03      868.457E-09  
                1.38523E-03      873.784E-09  
                1.39178E-03      868.854E-09  
                1.39614E-03      858.24E-09   
                1.4005E-03       841.898E-09  
                1.40705E-03      804.717E-09  
                1.41141E-03      769.127E-09  
                1.41577E-03      722.58E-09   
                1.42014E-03      663.199E-09  
                1.42668E-03      547.311E-09  
                1.43104E-03      451.746E-09  
                1.43541E-03      342.506E-09  
                1.44195E-03      157.417E-09  
                1.44631E-03       23.9817E-09 
                1.45068E-03     -113.677E-09  
                1.45504E-03     -252.225E-09  
                1.46158E-03     -455.017E-09  
                1.46595E-03     -583.068E-09  
                1.47031E-03     -702.974E-09  
                1.47686E-03     -864.039E-09  
                1.48122E-03     -956.903E-09  
                1.48558E-03       -1.03666E-06
                1.49213E-03       -1.12876E-06
                1.49649E-03       -1.16975E-06
                1.50085E-03       -1.19281E-06
                1.50521E-03       -1.19682E-06
                1.51176E-03       -1.16576E-06
                1.51612E-03       -1.1205E-06 
                1.52049E-03       -1.05669E-06
                1.52703E-03     -930.252E-09  
                1.53139E-03     -829.104E-09  
                1.53576E-03     -717.773E-09  
                1.54012E-03     -599.092E-09  
                1.54666E-03     -412.739E-09  
                1.55103E-03     -285.774E-09  
                1.55539E-03     -158.145E-09  
                1.56193E-03       33.0028E-09 
                1.5663E-03       159.64E-09   
                1.57066E-03      285.157E-09  
                1.57502E-03      408.838E-09  
                1.58157E-03      588.168E-09  
                1.58593E-03      700.863E-09  
                1.59029E-03      805.263E-09  
                1.59684E-03      940.339E-09  
                1.6012E-03         1.01217E-06
                1.60556E-03        1.06686E-06
                1.61211E-03        1.11378E-06
                1.61647E-03        1.12113E-06
                1.62083E-03        1.1101E-06 
                1.6252E-03         1.08223E-06
                1.63174E-03        1.01357E-06
                1.63611E-03      953.416E-09  
                1.64047E-03      884.502E-09  
                1.64701E-03      768.893E-09  
                1.65138E-03      685.631E-09  
                1.65574E-03      598.29E-09   
                1.6601E-03       507.109E-09  
                1.66665E-03      363.019E-09  
                1.67101E-03      261.925E-09  
                1.67537E-03      156.898E-09  
                1.68192E-03       -6.89995E-09
                1.68628E-03     -118.824E-09  
                1.69064E-03     -231.224E-09  
                1.69501E-03     -342.269E-09  
                1.70155E-03     -501.877E-09  
                1.70591E-03     -600.693E-09  
                1.71028E-03     -691.28E-09   
                1.71682E-03     -808.46E-09   
                1.72118E-03     -872.502E-09  
                1.72555E-03     -924.457E-09  
                1.73209E-03     -979.031E-09  
                1.73645E-03     -999.775E-09  
                1.74082E-03       -1.00818E-06
                1.74518E-03       -1.00452E-06
                1.75173E-03     -977.19E-09   
                1.75609E-03     -945.022E-09  
                1.76045E-03     -902.263E-09  
                1.767E-03       -819.506E-09  
                1.77136E-03     -752.861E-09  
                1.77572E-03     -677.87E-09   
                1.78008E-03     -595.3E-09    
                1.78663E-03     -458.959E-09  
                1.79099E-03     -360.896E-09  
                1.79536E-03     -258.013E-09  
                1.8019E-03       -96.3754E-09 
                1.80626E-03       15.0403E-09 
                1.81063E-03      128.292E-09  
                1.81717E-03      299.163E-09  
                1.82153E-03      411.779E-09  
                1.8259E-03       521.499E-09  
                1.83026E-03      626.494E-09  
                1.8368E-03       770.747E-09  
                1.84117E-03      855.064E-09  
                1.84553E-03      927.554E-09  
                1.85207E-03        1.01025E-06
                1.85644E-03        1.04599E-06
                1.8608E-03         1.06517E-06
                1.86516E-03        1.06742E-06
                1.87171E-03        1.03952E-06
                1.87607E-03        1.00115E-06
                1.88043E-03      948.328E-09  
                1.88698E-03      845.366E-09  
                1.89134E-03      763.386E-09  
                1.8957E-03       672.794E-09  
                1.90007E-03      575.308E-09  
                1.90661E-03      419.663E-09  
                1.91098E-03      311.752E-09  
                1.91534E-03      202.06E-09   
                1.92188E-03       36.7869E-09 
                1.92625E-03      -72.2507E-09 
                1.93061E-03     -179.097E-09  
                1.93715E-03     -332.845E-09  
                1.94152E-03     -429.356E-09  
                1.94588E-03     -519.746E-09  
                1.95024E-03     -602.882E-09  
                1.95679E-03     -711.629E-09  
                1.96115E-03     -772.075E-09  
                1.96551E-03     -821.936E-09  
                1.97206E-03     -875.622E-09  
                1.97642E-03     -896.868E-09  
                1.98078E-03     -906.407E-09  
                1.98514E-03     -904.442E-09  
                1.99169E-03     -880.894E-09  
                1.99605E-03     -852.404E-09  
                2.00041E-03     -814.611E-09  
                2.00696E-03     -742.446E-09  
                2.01132E-03     -685.375E-09  
                2.01568E-03     -622.198E-09  
                2.02005E-03     -553.769E-09  
                2.02659E-03     -442.969E-09  
                2.03095E-03     -364.671E-09  
                2.03532E-03     -283.545E-09  
                2.04186E-03     -157.792E-09  
                2.04622E-03      -72.0604E-09 
                2.05059E-03       14.5034E-09 
                2.05713E-03      144.469E-09  
                2.06149E-03      230.104E-09  
                2.06586E-03      313.944E-09  
                2.07022E-03      395.056E-09  
                2.07676E-03      509.412E-09  
                2.08113E-03      579.265E-09  
                2.08549E-03      642.812E-09  
                2.09203E-03      724.199E-09  
                2.0964E-03       767.912E-09  
                2.10076E-03      802.34E-09   
                2.10512E-03      826.92E-09   
                2.11167E-03      844.481E-09  
                2.11603E-03      843.022E-09  
                2.12039E-03      831.007E-09  
                2.12694E-03      793.579E-09  
                2.1313E-03       756.186E-09  
                2.13566E-03      709.417E-09  
                2.14002E-03      653.906E-09  
                2.14657E-03      555.924E-09  
                2.15093E-03      482.07E-09   
                2.15529E-03      402.53E-09   
                2.16184E-03      274.877E-09  
                2.1662E-03       185.833E-09  
                2.17056E-03       94.9647E-09 
                2.17711E-03      -42.2657E-09 
                2.18147E-03     -132.744E-09  
                2.18583E-03     -221.16E-09   
                2.1902E-03      -306.493E-09  
                2.19674E-03     -426.601E-09  
                2.2011E-03      -500.096E-09  
                2.20547E-03     -567.343E-09  
                2.21201E-03     -654.789E-09  
                2.21637E-03     -703.084E-09  
                2.22073E-03     -742.616E-09  
                2.2251E-03      -772.819E-09  
                2.23164E-03     -799.633E-09  
                2.236E-03       -804.721E-09  
                2.24037E-03     -799.406E-09  
                2.24691E-03     -772.084E-09  
                2.25127E-03     -741.389E-09  
                2.25564E-03     -701.303E-09  
                2.26218E-03     -625.186E-09  
                2.26654E-03     -565.125E-09  
                2.27091E-03     -498.85E-09   
                2.27527E-03     -427.517E-09  
                2.28181E-03     -313.637E-09  
                2.28618E-03     -234.847E-09  
                2.29054E-03     -155.064E-09  
                2.29708E-03      -35.7453E-09 
                2.30145E-03       42.2538E-09 
                2.30581E-03      118.108E-09  
                2.31017E-03      191.154E-09  
                2.31672E-03      294.22E-09   
                2.32108E-03      357.884E-09  
                2.32544E-03      417.006E-09  
                2.33199E-03      496.318E-09  
                2.33635E-03      542.407E-09  
                2.34071E-03      582.657E-09  
                2.34507E-03      616.732E-09  
                2.35162E-03      655.583E-09  
                2.35598E-03      672.903E-09  
                2.36034E-03      683.086E-09  
                2.36689E-03      684.618E-09  
                2.37125E-03      676.341E-09  
                2.37561E-03      660.612E-09  
                2.38216E-03      623.238E-09  
                2.38652E-03      589.401E-09  
                2.39088E-03      548.753E-09  
                2.39525E-03      501.671E-09  
                2.40179E-03      420.019E-09  
                2.40615E-03      359.06E-09   
                2.41052E-03      293.649E-09  
                2.41706E-03      188.826E-09  
                2.42142E-03      115.673E-09  
                2.42579E-03       40.9335E-09 
                2.43015E-03      -34.4627E-09 
                2.43669E-03     -146.699E-09  
                2.44106E-03     -219.549E-09  
                2.44542E-03     -289.715E-09  
                2.45196E-03     -387.947E-09  
                2.45632E-03     -447.519E-09  
                2.46069E-03     -501.455E-09  
                2.46505E-03     -549.073E-09  
                2.47159E-03     -607.375E-09  
                2.47596E-03     -636.804E-09  
                2.48032E-03     -658.264E-09  
                2.48686E-03     -675.015E-09  
                2.49123E-03     -675.731E-09  
                2.49559E-03     -668.099E-09  
                2.50213E-03     -641.301E-09  
                2.5065E-03      -613.573E-09  
                2.51086E-03     -578.38E-09   
                2.51522E-03     -536.192E-09  
                2.52177E-03     -461.043E-09  
                2.52613E-03     -403.997E-09  
                2.53049E-03     -342.258E-09  
                2.53704E-03     -242.646E-09  
                2.5414E-03      -172.838E-09  
                2.54576E-03     -101.369E-09  
                2.55012E-03      -29.1682E-09 
                2.55667E-03       78.4728E-09 
                2.56103E-03      148.46E-09   
                2.56539E-03      215.999E-09  
                2.57194E-03      310.901E-09  
                2.5763E-03       368.775E-09  
                2.58066E-03      421.52E-09   
                2.58503E-03      468.519E-09  
                2.59157E-03      527.095E-09  
                2.59593E-03      557.57E-09   
                2.6003E-03       580.806E-09  
                2.60684E-03      601.641E-09  
                2.6112E-03       606.052E-09  
                2.61557E-03      602.913E-09  
                2.62211E-03      584.392E-09  
                2.62647E-03      563.234E-09  
                2.63084E-03      535.473E-09  
                2.6352E-03       501.59E-09   
                2.64174E-03      440.53E-09   
                2.64611E-03      393.928E-09  
                2.65047E-03      343.408E-09  
                2.65701E-03      261.849E-09  
                2.66138E-03      204.672E-09  
                2.66574E-03      146.074E-09  
                2.6701E-03        86.7294E-09 
                2.67665E-03       -2.30642E-09
                2.68101E-03      -60.8265E-09 
                2.68537E-03     -118.055E-09  
                2.69192E-03     -200.417E-09  
                2.69628E-03     -252.353E-09  
                2.70064E-03     -301.419E-09  
                2.705E-03       -347.208E-09  
                2.71155E-03     -408.872E-09  
                2.71591E-03     -444.72E-09   
                2.72027E-03     -475.891E-09  
                2.72682E-03     -513.023E-09  
                2.73118E-03     -530.813E-09  
                2.73554E-03     -542.632E-09  
                2.74209E-03     -548.55E-09   
                2.74645E-03     -544.319E-09  
                2.75081E-03     -533.418E-09  
                2.75518E-03     -515.851E-09  
                2.76172E-03     -477.278E-09  
                2.76608E-03     -443.794E-09  
                2.77045E-03     -404.551E-09  
                2.77699E-03     -336.044E-09  
                2.78135E-03     -284.871E-09  
                2.78571E-03     -230.14E-09   
                2.79008E-03     -172.638E-09  
                2.79662E-03      -82.9969E-09 
                2.80098E-03      -22.1985E-09 
                2.80535E-03       38.4649E-09 
                2.81189E-03      127.475E-09  
                2.81625E-03      184.408E-09  
                2.82062E-03      238.618E-09  
                2.82716E-03      313.496E-09  
                2.83152E-03      358.334E-09  
                2.83589E-03      398.555E-09  
                2.84025E-03      433.754E-09  
                2.84679E-03      476.38E-09   
                2.85116E-03      497.604E-09  
                2.85552E-03      512.814E-09  
                2.86206E-03      524.016E-09  
                2.86643E-03      523.615E-09  
                2.87079E-03      516.898E-09  
                2.87515E-03      503.926E-09  
                2.8817E-03       473.055E-09  
                2.88606E-03      445.204E-09  
                2.89042E-03      411.914E-09  
                2.89697E-03      352.708E-09  
                2.90133E-03      307.804E-09  
                2.90569E-03      259.241E-09  
                2.91005E-03      207.678E-09  
                2.9166E-03       126.263E-09  
                2.92096E-03       70.3614E-09 
                2.92532E-03       14.0517E-09 
                2.93187E-03      -69.5118E-09 
                2.93623E-03     -123.541E-09  
                2.94059E-03     -175.406E-09  
                2.94714E-03     -247.734E-09  
                2.9515E-03      -291.459E-09  
                2.95586E-03     -330.99E-09   
                2.96023E-03     -365.892E-09  
                2.96677E-03     -408.773E-09  
                2.97113E-03     -430.627E-09  
                2.9755E-03      -446.845E-09  
                2.98204E-03     -460.299E-09  
                2.9864E-03      -461.906E-09  
                2.99077E-03     -457.601E-09  
                2.99513E-03     -447.417E-09  
                3.00167E-03     -421.295E-09  
                3.00604E-03     -396.832E-09  
                3.0104E-03      -366.924E-09  
                3.01694E-03     -312.306E-09  
                3.0213E-03      -269.741E-09  
                3.02567E-03     -222.573E-09  
                3.03003E-03     -171.102E-09  
                3.03657E-03      -86.5339E-09 
                3.04094E-03      -25.7496E-09 
                3.0453E-03        38.1408E-09 
                3.05184E-03      138.993E-09  
                3.05621E-03      209.028E-09  
                3.06057E-03      280.871E-09  
                3.06711E-03      391.236E-09  
                3.07148E-03      466.044E-09  
                3.07584E-03      541.458E-09  
                3.0802E-03       617.183E-09  
                3.08675E-03      730.78E-09   
                3.09111E-03      806.196E-09  
                3.09547E-03      881.159E-09  
                3.10202E-03      992.509E-09  
                3.10638E-03        1.06594E-06
                3.11074E-03        1.13877E-06
                3.1151E-03         1.21108E-06
                3.12165E-03        1.31899E-06
                3.12601E-03        1.39097E-06
                3.13037E-03        1.46341E-06
                3.13692E-03        1.57403E-06
                3.14128E-03        1.64994E-06
                3.14564E-03        1.72838E-06
                3.15001E-03        1.81016E-06
                3.15655E-03        1.94099E-06
                3.16091E-03        2.03508E-06
                3.16528E-03        2.13586E-06
                3.17182E-03        2.302E-06  
                3.17618E-03        2.42439E-06
                3.18055E-03        2.55743E-06
                3.18709E-03        2.77951E-06
                3.19145E-03        2.94425E-06
                3.19582E-03        3.12364E-06
                3.20018E-03        3.31874E-06
                3.20672E-03        3.64306E-06
                3.21109E-03        3.88177E-06
                3.21545E-03        4.13948E-06
                3.22199E-03        4.56337E-06
                3.22636E-03        4.87185E-06
                3.23072E-03        5.20174E-06
                3.23508E-03        5.55354E-06
                3.24163E-03        6.12326E-06
                3.24599E-03        6.53157E-06
                3.25035E-03        6.96295E-06
                3.2569E-03         7.65362E-06
                3.26126E-03        8.14321E-06
                3.26562E-03        8.65607E-06
                3.27216E-03        9.46873E-06
                3.27653E-03       10.0391E-06 
                3.28089E-03       10.632E-06  
                3.28525E-03       11.2471E-06 
                3.2918E-03        12.2101E-06 
                3.29616E-03       12.8784E-06 
                3.30052E-03       13.567E-06  
                3.30707E-03       14.6363E-06 
                3.31143E-03       15.3724E-06 
                3.31579E-03       16.1263E-06 
                3.32016E-03       16.8971E-06 
                3.3267E-03        18.0832E-06 
                3.33106E-03       18.8926E-06 
                3.33543E-03       19.7159E-06 
                3.34197E-03       20.9753E-06 
                3.34633E-03       21.8298E-06 
                3.35069E-03       22.6954E-06 
                3.35506E-03       23.5712E-06 
                3.3616E-03        24.9023E-06 
                3.36596E-03       25.8002E-06 
                3.37033E-03       26.7056E-06 
                3.37687E-03       28.0762E-06 
                3.38123E-03       28.9971E-06 
                3.3856E-03        29.9229E-06 
                3.39214E-03       31.3194E-06 
                3.3965E-03        32.2545E-06 
                3.40087E-03       33.192E-06  
                3.40523E-03       34.1313E-06 
                3.41177E-03       35.5418E-06 
                3.41614E-03       36.4822E-06 
                3.4205E-03        37.4218E-06 
                3.42704E-03       38.8281E-06 
                3.43141E-03       39.7625E-06 
                3.43577E-03       40.6935E-06 
                3.44013E-03       41.6203E-06 
                3.44668E-03       43.001E-06  
                3.45104E-03       43.9141E-06 
                3.4554E-03        44.8202E-06 
                3.46195E-03       46.1647E-06 
                3.46631E-03       47.05E-06   
                3.47067E-03       47.9254E-06 
                3.47503E-03       48.7902E-06 
                3.48158E-03       50.0655E-06 
                3.48594E-03       50.8996E-06 
                3.4903E-03        51.7199E-06 
                3.49685E-03       52.922E-06  
                3.50121E-03       53.7032E-06 
                3.50557E-03       54.467E-06  
                3.51212E-03       55.5777E-06 
                3.51648E-03       56.2932E-06 
                3.52084E-03       56.9875E-06 
                3.52521E-03       57.6595E-06 
                3.53175E-03       58.6232E-06 
                3.53611E-03       59.2344E-06 
                3.54048E-03       59.8193E-06 
                3.54702E-03       60.645E-06  
                3.55138E-03       61.1594E-06 
                3.55575E-03       61.6437E-06 
                3.56011E-03       62.097E-06  
                3.56665E-03       62.7166E-06 
                3.57102E-03       63.0883E-06 
                3.57538E-03       63.4259E-06 
                3.58192E-03       63.8671E-06 
                3.58629E-03       64.1168E-06 
                3.59065E-03       64.3304E-06 
                3.59501E-03       64.5076E-06 
                3.60155E-03       64.7045E-06 
                3.60592E-03       64.7897E-06 
                3.61028E-03       64.8379E-06 
                3.61682E-03       64.8411E-06 
                3.62119E-03       64.7974E-06 
                3.62555E-03       64.7175E-06 
                3.63209E-03       64.5306E-06 
                3.63646E-03       64.362E-06  
                3.64082E-03       64.159E-06  
                3.64518E-03       63.9223E-06 
                3.65173E-03       63.5057E-06 
                3.65609E-03       63.1883E-06 
                3.66045E-03       62.8403E-06 
                3.667E-03         62.2631E-06 
                3.67136E-03       61.8431E-06 
                3.67572E-03       61.3963E-06 
                3.68008E-03       60.9238E-06 
                3.68663E-03       60.1695E-06 
                3.69099E-03       59.638E-06  
                3.69535E-03       59.0849E-06 
                3.7019E-03        58.2173E-06 
                3.70626E-03       57.6153E-06 
                3.71062E-03       56.9955E-06 
                3.71717E-03       56.0347E-06 
                3.72153E-03       55.3747E-06 
                3.72589E-03       54.7001E-06 
                3.73026E-03       54.0117E-06 
                3.7368E-03        52.9546E-06 
                3.74116E-03       52.2343E-06 
                3.74553E-03       51.5022E-06 
                3.75207E-03       50.3826E-06 
                3.75643E-03       49.6226E-06 
                3.7608E-03        48.8518E-06 
                3.76516E-03       48.0706E-06 
                3.7717E-03        46.8795E-06 
                3.77607E-03       46.0727E-06 
                3.78043E-03       45.2558E-06 
                3.78697E-03       44.0116E-06 
                3.79134E-03       43.1695E-06 
                3.7957E-03        42.3173E-06 
                3.80006E-03       41.455E-06  
                3.80661E-03       40.1424E-06 
                3.81097E-03       39.2545E-06 
                3.81533E-03       38.3563E-06 
                3.82188E-03       36.9897E-06 
                3.82624E-03       36.0656E-06 
                3.8306E-03        35.1311E-06 
                3.83714E-03       33.71E-06   
                3.84151E-03       32.7497E-06 
                3.84587E-03       31.7791E-06 
                3.85023E-03       30.7985E-06 
                3.85678E-03       29.3088E-06 
                3.86114E-03       28.3035E-06 
                3.8655E-03        27.2886E-06 
                3.87205E-03       25.7491E-06 
                3.87641E-03       24.7116E-06 
                3.88077E-03       23.6657E-06 
                3.88514E-03       22.6116E-06 
                3.89168E-03       21.0162E-06 
                3.89604E-03       19.9437E-06 
                3.90041E-03       18.8647E-06 
                3.90695E-03       17.235E-06  
                3.91131E-03       16.1419E-06 
                3.91568E-03       15.0443E-06 
                3.92004E-03       13.9426E-06 
                3.92658E-03       12.2839E-06 
                3.93095E-03       11.1749E-06 
                3.93531E-03       10.0641E-06 
                3.94186E-03        8.39569E-06
                3.94622E-03        7.28287E-06
                3.95058E-03        6.17029E-06
                3.95713E-03        4.50303E-06
                3.96149E-03        3.39335E-06
                3.96585E-03        2.28568E-06
                3.97022E-03        1.18043E-06
                3.97676E-03     -472.088E-09  
                3.98112E-03       -1.56972E-06
                3.98549E-03       -2.66379E-06
                3.99203E-03       -4.29778E-06
                3.9964E-03        -5.38212E-06
                4.00076E-03       -6.46235E-06
                4.00512E-03       -7.5384E-06 
                4.01167E-03       -9.14462E-06
                4.01603E-03      -10.2102E-06 
                4.02039E-03      -11.2718E-06 
                4.02694E-03      -12.8568E-06 
                4.0313E-03       -13.9087E-06 
                4.03567E-03      -14.9571E-06 
                4.04003E-03      -16.0022E-06 
                4.04657E-03      -17.564E-06  
                4.05094E-03      -18.6016E-06 
                4.0553E-03       -19.6368E-06 
                4.06184E-03      -21.1852E-06 
                4.06621E-03      -22.2149E-06 
                4.07057E-03      -23.2428E-06 
                4.07712E-03      -24.7817E-06 
                4.08148E-03      -25.8056E-06 
                4.08584E-03      -26.8282E-06 
                4.09021E-03      -27.8493E-06 
                4.09675E-03      -29.378E-06  
                4.10111E-03      -30.395E-06  
                4.10548E-03      -31.41E-06   
                4.11202E-03      -32.928E-06  
                4.11639E-03      -33.9364E-06 
                4.12075E-03      -34.9414E-06 
                4.12511E-03      -35.9423E-06 
                4.13166E-03      -37.4346E-06 
                4.13602E-03      -38.4222E-06 
                4.14038E-03      -39.4032E-06 
                4.14693E-03      -40.8599E-06 
                4.15129E-03      -41.8198E-06 
                4.15565E-03      -42.7694E-06 
                4.16002E-03      -43.7077E-06 
                4.16656E-03      -45.0911E-06 
                4.17093E-03      -45.9955E-06 
                4.17529E-03      -46.8843E-06 
                4.18183E-03      -48.185E-06  
                4.1862E-03       -49.0286E-06 
                4.19056E-03      -49.8518E-06 
                4.19711E-03      -51.0453E-06 
                4.20147E-03      -51.8114E-06 
                4.20583E-03      -52.5523E-06 
                4.2102E-03       -53.2666E-06 
                4.21674E-03      -54.2854E-06 
                4.2211E-03       -54.9277E-06 
                4.22547E-03      -55.539E-06  
                4.23201E-03      -56.3956E-06 
                4.23637E-03      -56.9247E-06 
                4.24074E-03      -57.4193E-06 
                4.2451E-03       -57.8783E-06 
                4.25165E-03      -58.4987E-06 
                4.25601E-03      -58.8659E-06 
                4.26037E-03      -59.1953E-06 
                4.26692E-03      -59.6178E-06 
                4.27128E-03      -59.8512E-06 
                4.27564E-03      -60.046E-06  
                4.28001E-03      -60.2019E-06 
                4.28655E-03      -60.3634E-06 
                4.29092E-03      -60.423E-06  
                4.29528E-03      -60.4445E-06 
                4.30182E-03      -60.4063E-06 
                4.30619E-03      -60.3347E-06 
                4.31055E-03      -60.2269E-06 
                4.31709E-03      -59.9988E-06 
                4.32146E-03      -59.8036E-06 
                4.32582E-03      -59.5748E-06 
                4.33018E-03      -59.3134E-06 
                4.33673E-03      -58.8621E-06 
                4.34109E-03      -58.5232E-06 
                4.34546E-03      -58.155E-06  
                4.352E-03        -57.5499E-06 
                4.35636E-03      -57.1129E-06 
                4.36073E-03      -56.6502E-06 
                4.36509E-03      -56.1627E-06 
                4.37163E-03      -55.3875E-06 
                4.376E-03        -54.8428E-06 
                4.38036E-03      -54.277E-06  
                4.38691E-03      -53.391E-06  
                4.39127E-03      -52.7769E-06 
                4.39563E-03      -52.1453E-06 
                4.40218E-03      -51.1671E-06 
                4.40654E-03      -50.496E-06  
                4.4109E-03       -49.8108E-06 
                4.41527E-03      -49.1124E-06 
                4.42181E-03      -48.0425E-06 
                4.42618E-03      -47.3158E-06 
                4.43054E-03      -46.5792E-06 
                4.43708E-03      -45.4584E-06 
                4.44145E-03      -44.7017E-06 
                4.44581E-03      -43.9386E-06 
                4.45017E-03      -43.17E-06   
                4.45672E-03      -42.0086E-06 
                4.46108E-03      -41.2301E-06 
                4.46545E-03      -40.449E-06  
                4.47199E-03      -39.2747E-06 
                4.47635E-03      -38.4912E-06 
                4.48072E-03      -37.7081E-06 
                4.48508E-03      -36.9262E-06 
                4.49162E-03      -35.7572E-06 
                4.49599E-03      -34.9814E-06 
                4.50035E-03      -34.2094E-06 
                4.5069E-03       -33.0599E-06 
                4.51126E-03      -32.3002E-06 
                4.51562E-03      -31.5465E-06 
                4.52217E-03      -30.4286E-06 
                4.52653E-03      -29.6926E-06 
                4.53089E-03      -28.9647E-06 
                4.53526E-03      -28.2456E-06 
                4.5418E-03       -27.1843E-06 
                4.54616E-03      -26.4892E-06 
                4.55053E-03      -25.8047E-06 
                4.55707E-03      -24.7988E-06 
                4.56144E-03      -24.143E-06  
                4.5658E-03       -23.4994E-06 
                4.57016E-03      -22.8688E-06 
                4.57671E-03      -21.9478E-06 
                4.58107E-03      -21.3513E-06 
                4.58543E-03      -20.7691E-06 
                4.59198E-03      -19.9239E-06 
                4.59634E-03      -19.3796E-06 
                4.60071E-03      -18.851E-06  
                4.60507E-03      -18.3385E-06 
                4.61161E-03      -17.6004E-06 
                4.61598E-03      -17.129E-06  
                4.62034E-03      -16.6744E-06 
                4.62688E-03      -16.0241E-06 
                4.63125E-03      -15.6116E-06 
                4.63561E-03      -15.2159E-06 
                4.64216E-03      -14.6534E-06 
                4.64652E-03      -14.2988E-06 
                4.65088E-03      -13.9602E-06 
                4.65525E-03      -13.6371E-06 
                4.66179E-03      -13.1808E-06 
                4.66615E-03      -12.8948E-06 
                4.67052E-03      -12.6226E-06 
                4.67706E-03      -12.2391E-06 
                4.68143E-03      -11.9989E-06 
                4.68579E-03      -11.7705E-06 
                4.69015E-03      -11.553E-06  
                4.6967E-03       -11.246E-06  
                4.70106E-03      -11.0531E-06 
                4.70542E-03      -10.8689E-06 
                4.71197E-03      -10.6075E-06 
                4.71633E-03      -10.4423E-06 
                4.7207E-03       -10.2837E-06 
                4.72506E-03      -10.1311E-06 
                4.7316E-03        -9.91262E-06
                4.73597E-03       -9.77317E-06
                4.74033E-03       -9.63824E-06
                4.74687E-03       -9.44348E-06
                4.75124E-03       -9.31827E-06
                4.7556E-03        -9.19641E-06
                4.76215E-03       -9.01931E-06
                4.76651E-03       -8.90467E-06
                4.77087E-03       -8.79251E-06
                4.77524E-03       -8.68261E-06
                4.78178E-03       -8.52155E-06
                4.78614E-03       -8.41641E-06
                4.79051E-03       -8.31284E-06
                4.79705E-03       -8.16003E-06
                4.80141E-03       -8.05959E-06
                4.80578E-03       -7.96009E-06
                4.81014E-03       -7.86139E-06
                4.81669E-03       -7.71445E-06
                4.82105E-03       -7.61703E-06
                4.82541E-03       -7.51989E-06
                4.83196E-03       -7.37443E-06
                4.83632E-03       -7.27747E-06
                4.84068E-03       -7.18042E-06
                4.84505E-03       -7.08318E-06
                4.85159E-03       -6.93685E-06
                4.85596E-03       -6.83889E-06
                4.86032E-03       -6.74057E-06
                4.86686E-03       -6.59232E-06
                4.87123E-03       -6.49295E-06
                4.87559E-03       -6.39311E-06
                4.88213E-03       -6.24245E-06
                4.8865E-03        -6.14139E-06
                4.89086E-03       -6.03981E-06
                4.89522E-03       -5.93769E-06
                4.90177E-03       -5.78343E-06
                4.90613E-03       -5.67985E-06
                4.9105E-03        -5.57562E-06
                4.91704E-03       -5.41799E-06
                4.9214E-03        -5.31198E-06
                4.92577E-03       -5.20518E-06
                4.93013E-03       -5.09754E-06
                4.93668E-03       -4.93439E-06
                4.94104E-03       -4.82443E-06
                4.9454E-03        -4.71348E-06
                4.95195E-03       -4.54509E-06
                4.95631E-03       -4.43149E-06
                4.96067E-03       -4.31682E-06
                4.96504E-03       -4.20108E-06
                4.97158E-03       -4.02551E-06
                4.97594E-03       -3.90724E-06
                4.98031E-03       -3.78807E-06
                4.98685E-03       -3.60786E-06
                4.99122E-03       -3.48694E-06
                4.99558E-03       -3.36559E-06
                5.00212E-03       -3.18317E-06
                5.00649E-03       -3.06161E-06
                5.01085E-03       -2.9404E-06 
                5.01521E-03       -2.8198E-06 
                5.02176E-03       -2.64071E-06
                5.02612E-03       -2.52299E-06
                5.03049E-03       -2.407E-06  
                5.03703E-03       -2.237E-06  
                5.04139E-03       -2.12686E-06
                5.04576E-03       -2.01967E-06
                5.05012E-03       -1.9158E-06 
                5.05666E-03       -1.76697E-06
                5.06103E-03       -1.67288E-06
                5.06539E-03       -1.58325E-06
                5.07194E-03       -1.4578E-06 
                5.0763E-03        -1.38054E-06
                5.08066E-03       -1.30863E-06
                5.08503E-03       -1.24227E-06
                5.09157E-03       -1.15347E-06
                5.09593E-03       -1.10159E-06
                5.1003E-03        -1.05564E-06
                5.10684E-03     -997.908E-09  
                5.11121E-03     -966.85E-09   
                5.11557E-03     -941.668E-09  
                5.12211E-03     -914.686E-09  
                5.12648E-03     -903.682E-09  
                5.13084E-03     -898.053E-09  
                5.1352E-03      -897.583E-09  
                5.14175E-03     -906.002E-09  
                5.14611E-03     -917.284E-09  
                5.15047E-03     -932.738E-09  
                5.15702E-03     -962.99E-09   
                5.16138E-03     -987.339E-09  
                5.16575E-03       -1.01458E-06
                5.17011E-03       -1.0443E-06 
                5.17665E-03       -1.09261E-06
                5.18102E-03       -1.12666E-06
                5.18538E-03       -1.16166E-06
                5.19193E-03       -1.21496E-06
                5.19629E-03       -1.25036E-06
                5.20065E-03       -1.28511E-06
                5.20502E-03       -1.31878E-06
                5.21156E-03       -1.36628E-06
                5.21592E-03       -1.39534E-06
                5.22029E-03       -1.42185E-06
                5.22683E-03       -1.45602E-06
                5.23119E-03       -1.47459E-06
                5.23556E-03       -1.48944E-06
                5.2421E-03        -1.5042E-06 
                5.24647E-03       -1.50873E-06
                5.25083E-03       -1.50882E-06
                5.25519E-03       -1.50437E-06
                5.26174E-03       -1.48906E-06
                5.2661E-03        -1.47309E-06
                5.27046E-03       -1.45258E-06
                5.27701E-03       -1.41352E-06
                5.28137E-03       -1.38218E-06
                5.28574E-03       -1.34682E-06
                5.2901E-03        -1.3077E-06 
                5.29664E-03       -1.24255E-06
                5.30101E-03       -1.19527E-06
                5.30537E-03       -1.14531E-06
                5.31191E-03       -1.06612E-06
                5.31628E-03       -1.01105E-06
                5.32064E-03     -954.616E-09  
                5.325E-03       -897.221E-09  
                5.33155E-03     -810.192E-09  
                5.33591E-03     -752.127E-09  
                5.34028E-03     -694.478E-09  
                5.34682E-03     -609.609E-09  
                5.35118E-03     -554.624E-09  
                5.35555E-03     -501.314E-09  
                5.36209E-03     -425.185E-09  
                5.36646E-03     -377.417E-09  
                5.37082E-03     -332.348E-09  
                5.37518E-03     -290.217E-09  
                5.38173E-03     -232.986E-09  
                5.38609E-03     -199.068E-09  
                5.39045E-03     -168.708E-09  
                5.397E-03       -130.082E-09  
                5.40136E-03     -109.054E-09  
                5.40572E-03      -91.8561E-09 
                5.41009E-03      -78.5035E-09 
                5.41663E-03      -65.6486E-09 
                5.421E-03        -61.7952E-09 
                5.42536E-03      -61.63E-09   
                5.4319E-03       -68.0761E-09 
                5.43627E-03      -76.6541E-09 
                5.44063E-03      -88.4863E-09 
                5.44718E-03     -111.971E-09  
                5.45154E-03     -131.185E-09  
                5.4559E-03      -153.016E-09  
                5.46027E-03     -177.254E-09  
                5.46681E-03     -217.649E-09  
                5.47117E-03     -246.944E-09  
                5.47554E-03     -277.861E-09  
                5.48208E-03     -326.769E-09  
                5.48644E-03     -360.719E-09  
                5.49081E-03     -395.47E-09   
                5.49517E-03     -430.788E-09  
                5.50172E-03     -484.319E-09  
                5.50608E-03     -520.045E-09  
                5.51044E-03     -555.54E-09   
                5.51699E-03     -607.878E-09  
                5.52135E-03     -641.863E-09  
                5.52571E-03     -674.89E-09   
                5.53008E-03     -706.768E-09  
                5.53662E-03     -752.047E-09  
                5.54099E-03     -780.303E-09  
                5.54535E-03     -806.841E-09  
                5.55189E-03     -843.148E-09  
                5.55626E-03     -864.86E-09   
                5.56062E-03     -884.474E-09  
                5.56716E-03     -909.82E-09   
                5.57153E-03     -923.942E-09  
                5.57589E-03     -935.823E-09  
                5.58025E-03     -945.471E-09  
                5.5868E-03      -955.822E-09  
                5.59116E-03     -960.054E-09  
                5.59553E-03     -962.24E-09   
                5.60207E-03     -961.9E-09    
                5.60643E-03     -959.429E-09  
                5.6108E-03      -955.316E-09  
                5.61516E-03     -949.705E-09  
                5.62171E-03     -938.812E-09  
                5.62607E-03     -930.13E-09   
                5.63043E-03     -920.497E-09  
                5.63698E-03     -904.611E-09  
                5.64134E-03     -893.285E-09  
                5.6457E-03      -881.54E-09   
                5.65007E-03     -869.511E-09  
                5.65661E-03     -851.2E-09    
                5.66097E-03     -838.972E-09  
                5.66534E-03     -826.837E-09  
                5.67188E-03     -808.974E-09  
                5.67625E-03     -797.378E-09  
                5.68061E-03     -786.088E-09  
                5.68715E-03     -769.789E-09  
                5.69152E-03     -759.374E-09  
                5.69588E-03     -749.328E-09  
                5.70024E-03     -739.65E-09   
                5.70679E-03     -725.804E-09  
                5.71115E-03     -717.001E-09  
                5.71552E-03     -708.522E-09  
                5.72206E-03     -696.367E-09  
                5.72642E-03     -688.616E-09  
                5.73079E-03     -681.126E-09  
                5.73515E-03     -673.884E-09  
                5.74169E-03     -663.463E-09  
                5.74606E-03     -656.799E-09  
                5.75042E-03     -650.36E-09   
                5.75697E-03     -641.122E-09  
                5.76133E-03     -635.253E-09  
                5.76569E-03     -629.623E-09  
                5.77006E-03     -624.243E-09  
                5.7766E-03      -616.667E-09  
                5.78096E-03     -611.964E-09  
                5.78533E-03     -607.553E-09  
                5.79187E-03     -601.507E-09  
                5.79624E-03     -597.87E-09   
                5.8006E-03      -594.554E-09  
                5.80714E-03     -590.181E-09  
                5.81151E-03     -587.662E-09  
                5.81587E-03     -585.448E-09  
                5.82023E-03     -583.524E-09  
                5.82678E-03     -581.133E-09  
                5.83114E-03     -579.828E-09  
                5.8355E-03      -578.714E-09  
                5.84205E-03     -577.311E-09  
                5.84641E-03     -576.486E-09  
                5.85078E-03     -575.688E-09  
                5.85514E-03     -574.863E-09  
                5.86168E-03     -573.446E-09  
                5.86605E-03     -572.294E-09  
                5.87041E-03     -570.905E-09  
                5.87696E-03     -568.248E-09  
                5.88132E-03     -566.011E-09  
                5.88568E-03     -563.338E-09  
                5.89004E-03     -560.181E-09  
                5.89659E-03     -554.443E-09  
                5.90095E-03     -549.895E-09  
                5.90532E-03     -544.734E-09  
                5.91186E-03     -535.797E-09  
                5.91622E-03     -529.02E-09   
                5.92059E-03     -521.582E-09  
                5.92713E-03     -509.186E-09  
                5.9315E-03      -500.107E-09  
                5.93586E-03     -490.392E-09  
                5.94022E-03     -480.061E-09  
                5.94677E-03     -463.461E-09  
                5.95113E-03     -451.7E-09    
                5.95549E-03     -439.421E-09  
                5.96204E-03     -420.111E-09  
                5.9664E-03      -406.701E-09  
                5.97077E-03     -392.913E-09  
                5.97513E-03     -378.795E-09  
                5.98167E-03     -357.111E-09  
                5.98604E-03     -342.4E-09    
                5.9904E-03      -327.559E-09  
                5.99694E-03     -305.201E-09  
                6.00131E-03     -290.341E-09  
                6.00567E-03     -275.611E-09  
                6.01003E-03     -261.098E-09  
                6.01658E-03     -239.935E-09  
                6.02094E-03     -226.371E-09  
                6.02531E-03     -213.359E-09  
                6.03185E-03     -195.094E-09  
                6.03621E-03     -183.896E-09  
                6.04058E-03     -173.594E-09  
                6.04712E-03     -160.013E-09  
                6.05149E-03     -152.323E-09  
                6.05585E-03     -145.803E-09  
                6.06021E-03     -140.508E-09  
                6.06676E-03     -134.941E-09  
                6.07112E-03     -132.841E-09  
                6.07548E-03     -132.028E-09  
                6.08203E-03     -133.168E-09  
                6.08639E-03     -135.433E-09  
                6.09075E-03     -138.824E-09  
                6.09512E-03     -143.251E-09  
                6.10166E-03     -151.603E-09  
                6.10603E-03     -158.129E-09  
                6.11039E-03     -165.258E-09  
                6.11693E-03     -176.748E-09  
                6.1213E-03      -184.701E-09  
                6.12566E-03     -192.693E-09  
                6.13002E-03     -200.551E-09  
                6.13657E-03     -211.711E-09  
                6.14093E-03     -218.486E-09  
                6.14529E-03     -224.541E-09  
                6.15184E-03     -231.934E-09  
                6.1562E-03      -235.528E-09  
                6.16057E-03     -237.903E-09  
                6.16711E-03     -238.924E-09  
                6.17147E-03     -237.766E-09  
                6.17584E-03     -235.038E-09  
                6.1802E-03      -230.672E-09  
                6.18675E-03     -220.935E-09  
                6.19111E-03     -212.265E-09  
                6.19547E-03     -201.828E-09  
                6.20202E-03     -182.846E-09  
                6.20638E-03     -167.986E-09  
                6.21074E-03     -151.385E-09  
                6.21511E-03     -133.077E-09  
                6.22165E-03     -102.506E-09  
                6.22601E-03      -80.128E-09  
                6.23038E-03      -56.2213E-09 
                6.23692E-03      -17.6404E-09 
                6.24129E-03        9.78959E-09
                6.24565E-03       38.4991E-09 
                6.25001E-03       68.41E-09   
                6.25656E-03      115.355E-09  
                6.26092E-03      147.92E-09   
                6.26528E-03      181.409E-09  
                6.27183E-03      233.204E-09  
                6.27619E-03      268.669E-09  
                6.28056E-03      304.799E-09  
                6.2871E-03       360.104E-09  
                6.29146E-03      397.63E-09   
                6.29583E-03      435.623E-09  
                6.30019E-03      474.04E-09   
                6.30674E-03      532.396E-09  
                6.3111E-03       571.755E-09  
                6.31546E-03      611.469E-09  
                6.32201E-03      671.719E-09  
                6.32637E-03      712.37E-09   
                6.33073E-03      753.451E-09  
                6.3351E-03       795.018E-09  
                6.34164E-03      858.437E-09  
                6.346E-03        901.563E-09  
                6.35037E-03      945.499E-09  
                6.35691E-03        1.01322E-06
                6.36128E-03        1.0598E-06 
                6.36564E-03        1.10774E-06
                6.37E-03           1.15724E-06
                6.37655E-03        1.2349E-06 
                6.38091E-03        1.28929E-06
                6.38527E-03        1.34607E-06
                6.39182E-03        1.43634E-06
                6.39618E-03        1.50034E-06
                6.40054E-03        1.56773E-06
                6.40709E-03        1.67588E-06
                6.41145E-03        1.75312E-06
                6.41582E-03        1.83484E-06
                6.42018E-03        1.92135E-06
                6.42672E-03        2.06072E-06
                6.43109E-03        2.16046E-06
                6.43545E-03        2.26597E-06
                6.442E-03          2.43558E-06
                6.44636E-03        2.55656E-06
                6.45072E-03        2.68407E-06
                6.45509E-03        2.8183E-06 
                6.46163E-03        3.03254E-06
                6.46599E-03        3.18413E-06
                6.47036E-03        3.34281E-06
                6.4769E-03         3.59425E-06
                6.48126E-03        3.77084E-06
                6.48563E-03        3.9546E-06 
                6.49217E-03        4.24359E-06
                6.49654E-03        4.44506E-06
                6.5009E-03         4.65348E-06
                6.50526E-03        4.86877E-06
                6.51181E-03        5.20429E-06
                6.51617E-03        5.43619E-06
                6.52053E-03        5.6745E-06 
                6.52708E-03        6.04366E-06
                6.53144E-03        6.29733E-06
                6.53581E-03        6.55686E-06
                6.54017E-03        6.8221E-06 
                6.54671E-03        7.23026E-06
                6.55108E-03        7.509E-06  
                6.55544E-03        7.79283E-06
                6.56198E-03        8.22775E-06
                6.56635E-03        8.52355E-06
                6.57071E-03        8.82382E-06
                6.57507E-03        9.12838E-06
                6.58162E-03        9.59285E-06
                6.58598E-03        9.90732E-06
                6.59035E-03       10.2254E-06 
                6.59689E-03       10.709E-06  
                6.60125E-03       11.0353E-06 
                6.60562E-03       11.3646E-06 
                6.61216E-03       11.8636E-06 
                6.61653E-03       12.1994E-06 
                6.62089E-03       12.5374E-06 
                6.62525E-03       12.8775E-06 
                6.6318E-03        13.391E-06  
                6.63616E-03       13.7353E-06 
                6.64052E-03       14.0809E-06 
                6.64707E-03       14.6013E-06 
                6.65143E-03       14.9493E-06 
                6.65579E-03       15.2979E-06 
                6.66016E-03       15.6467E-06 
                6.6667E-03        16.1702E-06 
                6.67107E-03       16.5189E-06 
                6.67543E-03       16.8671E-06 
                6.68197E-03       17.3878E-06 
                6.68634E-03       17.7335E-06 
                6.6907E-03        18.0777E-06 
                6.69506E-03       18.4201E-06 
                6.70161E-03       18.9296E-06 
                6.70597E-03       19.266E-06  
                6.71034E-03       19.5994E-06 
                6.71688E-03       20.0929E-06 
                6.72124E-03       20.4169E-06 
                6.72561E-03       20.7363E-06 
                6.73215E-03       21.206E-06  
                6.73651E-03       21.5121E-06 
                6.74088E-03       21.8119E-06 
                6.74524E-03       22.1049E-06 
                6.75179E-03       22.5304E-06 
                6.75615E-03       22.8039E-06 
                6.76051E-03       23.0687E-06 
                6.76706E-03       23.4479E-06 
                6.77142E-03       23.688E-06  
                6.77578E-03       23.9172E-06 
                6.78015E-03       24.1348E-06 
                6.78669E-03       24.4382E-06 
                6.79106E-03       24.6243E-06 
                6.79542E-03       24.7968E-06 
                6.80196E-03       25.0288E-06 
                6.80633E-03       25.1649E-06 
                6.81069E-03       25.2855E-06 
                6.81505E-03       25.3902E-06 
                6.8216E-03        25.5165E-06 
                6.82596E-03       25.5797E-06 
                6.83032E-03       25.6256E-06 
                6.83687E-03       25.6616E-06 
                6.84123E-03       25.6634E-06 
                6.8456E-03        25.6472E-06 
                6.85214E-03       25.589E-06  
                6.8565E-03        25.5275E-06 
                6.86087E-03       25.4479E-06 
                6.86523E-03       25.3501E-06 
                6.87178E-03       25.1699E-06 
                6.87614E-03       25.0275E-06 
                6.8805E-03        24.8677E-06 
                6.88705E-03       24.5957E-06 
                6.89141E-03       24.3934E-06 
                6.89577E-03       24.1746E-06 
                6.90014E-03       23.9399E-06 
                6.90668E-03       23.5586E-06 
                6.91104E-03       23.2858E-06 
                6.91541E-03       22.9985E-06 
                6.92195E-03       22.5418E-06 
                6.92632E-03       22.221E-06  
                6.93068E-03       21.8877E-06 
                6.93504E-03       21.5426E-06 
                6.94159E-03       21.0043E-06 
                6.94595E-03       20.6325E-06 
                6.95031E-03       20.2513E-06 
                6.95686E-03       19.6631E-06 
                6.96122E-03       19.2613E-06 
                6.96559E-03       18.8524E-06 
                6.97213E-03       18.2278E-06 
                6.97649E-03       17.8048E-06 
                6.98086E-03       17.3776E-06 
                6.98522E-03       16.9468E-06 
                6.99176E-03       16.2959E-06 
                6.99613E-03       15.8598E-06 
                7.00049E-03       15.4229E-06 
                7.00704E-03       14.768E-06  
                7.0114E-03        14.3327E-06 
                7.01576E-03       13.8994E-06 
                7.02013E-03       13.4689E-06 
                7.02667E-03       12.83E-06   
                7.03103E-03       12.4097E-06 
                7.0354E-03        11.9949E-06 
                7.04194E-03       11.3845E-06 
                7.04631E-03       10.9865E-06 
                7.05067E-03       10.5965E-06 
                7.05503E-03       10.2152E-06 
                7.06158E-03        9.66131E-06
                7.06594E-03        9.30506E-06
                7.0703E-03         8.96006E-06
                7.07685E-03        8.4652E-06 
                7.08121E-03        8.15142E-06
                7.08557E-03        7.85137E-06
                7.09212E-03        7.42856E-06
                7.09648E-03        7.16588E-06
                7.10085E-03        6.91939E-06
                7.10521E-03        6.68977E-06
                7.11175E-03        6.37848E-06
                7.11612E-03        6.19405E-06
                7.12048E-03        6.02888E-06
                7.12703E-03        5.8187E-06 
                7.13139E-03        5.70457E-06
                7.13575E-03        5.61199E-06
                7.14011E-03        5.54156E-06
                7.14666E-03        5.47877E-06
                7.15102E-03        5.4663E-06 
                7.15539E-03        5.47797E-06
                7.16193E-03        5.54186E-06
                7.16629E-03        5.61605E-06
                7.17066E-03        5.71602E-06
                7.17502E-03        5.84215E-06
                7.18157E-03        6.08115E-06
                7.18593E-03        6.27411E-06
                7.19029E-03        6.49426E-06
                7.19684E-03        6.87585E-06
                7.2012E-03         7.16467E-06
                7.20556E-03        7.48112E-06
                7.21211E-03        8.00763E-06
                7.21647E-03        8.39312E-06
                7.22083E-03        8.80606E-06
                7.2252E-03         9.24632E-06
                7.23174E-03        9.95741E-06
                7.23611E-03       10.4649E-06 
                7.24047E-03       10.9987E-06 
                7.24701E-03       11.848E-06  
                7.25138E-03       12.446E-06  
                7.25574E-03       13.0688E-06 
                7.2601E-03        13.7159E-06 
                7.26665E-03       14.7309E-06 
                7.27101E-03       15.4362E-06 
                7.27538E-03       16.1638E-06 
                7.28192E-03       17.2951E-06 
                7.28628E-03       18.0751E-06 
                7.29065E-03       18.8747E-06 
                7.29501E-03       19.6931E-06 
                7.30156E-03       20.9545E-06 
                7.30592E-03       21.8167E-06 
                7.31028E-03       22.6948E-06 
                7.31683E-03       24.0403E-06 
                7.32119E-03       24.9548E-06 
                7.32555E-03       25.8823E-06 
                7.3321E-03        27.2961E-06 
                7.33646E-03       28.2524E-06 
                7.34082E-03       29.2187E-06 
                7.34519E-03       30.1942E-06 
                7.35173E-03       31.6728E-06 
                7.3561E-03        32.6676E-06 
                7.36046E-03       33.6687E-06 
                7.367E-03         35.1807E-06 
                7.37137E-03       36.1945E-06 
                7.37573E-03       37.2122E-06 
                7.38009E-03       38.233E-06  
                7.38664E-03       39.769E-06  
                7.391E-03         40.7952E-06 
                7.39536E-03       41.8227E-06 
                7.40191E-03       43.3651E-06 
                7.40627E-03       44.3936E-06 
                7.41064E-03       45.4217E-06 
                7.41718E-03       46.9626E-06 
                7.42154E-03       47.9884E-06 
                7.42591E-03       49.0129E-06 
                7.43027E-03       50.0357E-06 
                7.43682E-03       51.5664E-06 
                7.44118E-03       52.5843E-06 
                7.44554E-03       53.6E-06    
                7.45209E-03       55.119E-06  
                7.45645E-03       56.1287E-06 
                7.46081E-03       57.1357E-06 
                7.46518E-03       58.1402E-06 
                7.47172E-03       59.6421E-06 
                7.47608E-03       60.6401E-06 
                7.48045E-03       61.6355E-06 
                7.48699E-03       63.1238E-06 
                7.49136E-03       64.1128E-06 
                7.49572E-03       65.0994E-06 
                7.50008E-03       66.0836E-06 
                7.50663E-03       67.5556E-06 
                7.51099E-03       68.5342E-06 
                7.51535E-03       69.5106E-06 
                7.5219E-03        70.9715E-06 
                7.52626E-03       71.9432E-06 
                7.53063E-03       72.913E-06  
                7.53717E-03       74.3649E-06 
                7.54153E-03       75.3309E-06 
                7.5459E-03        76.2957E-06 
                7.55026E-03       77.2592E-06 
                7.55681E-03       78.7025E-06 
                7.56117E-03       79.6636E-06 
                7.56553E-03       80.6238E-06 
                7.57208E-03       82.0628E-06 
                7.57644E-03       83.0214E-06 
                7.5808E-03        83.9795E-06 
                7.58517E-03       84.9371E-06 
                7.59171E-03       86.3728E-06 
                7.59607E-03       87.3293E-06 
                7.60044E-03       88.2855E-06 
                7.60698E-03       89.7188E-06 
                7.61135E-03       90.6736E-06 
                7.61571E-03       91.6277E-06 
                7.62007E-03       92.5811E-06 
                7.62662E-03       94.0092E-06 
                7.63098E-03       94.9596E-06 
                7.63534E-03       95.9086E-06 
                7.64189E-03       97.3284E-06 
                7.64625E-03       98.2721E-06 
                7.65061E-03       99.2131E-06 
                7.65716E-03      100.619E-06  
                7.66152E-03      101.551E-06  
                7.66589E-03      102.479E-06  
                7.67025E-03      103.402E-06  
                7.67679E-03      104.776E-06  
                7.68116E-03      105.685E-06  
                7.68552E-03      106.586E-06  
                7.69207E-03      107.923E-06  
                7.69643E-03      108.803E-06  
                7.70079E-03      109.673E-06  
                7.70516E-03      110.533E-06  
                7.7117E-03       111.802E-06  
                7.71606E-03      112.631E-06  
                7.72043E-03      113.447E-06  
                7.72697E-03      114.643E-06  
                7.73133E-03      115.421E-06  
                7.7357E-03       116.181E-06  
                7.74006E-03      116.923E-06  
                7.74661E-03      118.E-06     
                7.75097E-03      118.692E-06  
                7.75533E-03      119.361E-06  
                7.76188E-03      120.323E-06  
                7.76624E-03      120.933E-06  
                7.7706E-03       121.518E-06  
                7.77715E-03      122.344E-06  
                7.78151E-03      122.859E-06  
                7.78588E-03      123.346E-06  
                7.79024E-03      123.801E-06  
                7.79678E-03      124.426E-06  
                7.80115E-03      124.801E-06  
                7.80551E-03      125.143E-06  
                7.81205E-03      125.592E-06  
                7.81642E-03      125.846E-06  
                7.82078E-03      126.064E-06  
                7.82514E-03      126.245E-06  
                7.83169E-03      126.446E-06  
                7.83605E-03      126.533E-06  
                7.84041E-03      126.581E-06  
                7.84695E-03      126.579E-06  
                7.85132E-03      126.529E-06  
                7.85568E-03      126.44E-06   
                7.86004E-03      126.311E-06  
                7.86658E-03      126.044E-06  
                7.87095E-03      125.816E-06  
                7.87531E-03      125.55E-06   
                7.88185E-03      125.077E-06  
                7.88621E-03      124.715E-06  
                7.89058E-03      124.314E-06  
                7.89712E-03      123.643E-06  
                7.90148E-03      123.151E-06  
                7.90584E-03      122.622E-06  
                7.91021E-03      122.059E-06  
                7.91675E-03      121.15E-06   
                7.92111E-03      120.503E-06  
                7.92548E-03      119.824E-06  
                7.93202E-03      118.747E-06  
                7.93638E-03      117.992E-06  
                7.94074E-03      117.209E-06  
                7.94511E-03      116.399E-06  
                7.95165E-03      115.134E-06  
                7.95601E-03      114.259E-06  
                7.96037E-03      113.362E-06  
                7.96692E-03      111.974E-06  
                7.97128E-03      111.023E-06  
                7.97564E-03      110.053E-06  
                7.98E-03         109.065E-06  
                7.98655E-03      107.551E-06  
                7.99091E-03      106.523E-06  
                7.99527E-03      105.481E-06  
                8.00182E-03      103.894E-06  
                8.00618E-03      102.822E-06  
                8.01054E-03      101.74E-06   
                8.01708E-03      100.102E-06  
                8.02145E-03       98.9998E-06 
                8.02581E-03       97.8917E-06 
                8.03017E-03       96.7785E-06 
                8.03671E-03       95.1011E-06 
                8.04108E-03       93.9791E-06 
                8.04544E-03       92.8552E-06 
                8.05198E-03       91.1676E-06 
                8.05634E-03       90.0426E-06 
                8.06071E-03       88.9186E-06 
                8.06507E-03       87.7963E-06 
                8.07161E-03       86.1177E-06 
                8.07597E-03       85.0028E-06 
                8.08034E-03       83.8921E-06 
                8.08688E-03       82.235E-06  
                8.09124E-03       81.1372E-06 
                8.0956E-03        80.0457E-06 
                8.10215E-03       78.421E-06  
                8.10651E-03       77.3472E-06 
                8.11087E-03       76.2813E-06 
                8.11524E-03       75.2238E-06 
                8.12178E-03       73.6543E-06 
                8.12614E-03       72.6197E-06 
                8.1305E-03        71.595E-06  
                8.13705E-03       70.0772E-06 
                8.14141E-03       69.0788E-06 
                8.14577E-03       68.0915E-06 
                8.15013E-03       67.1155E-06 
                8.15668E-03       65.6738E-06 
                8.16104E-03       64.7278E-06 
                8.1654E-03        63.7942E-06 
                8.17195E-03       62.4178E-06 
                8.17631E-03       61.5164E-06 
                8.18067E-03       60.6283E-06 
                8.18503E-03       59.7537E-06 
                8.19158E-03       58.4675E-06 
                8.19594E-03       57.6273E-06 
                8.2003E-03        56.8013E-06 
                8.20684E-03       55.5888E-06 
                8.21121E-03       54.7983E-06 
                8.21557E-03       54.0223E-06 
                8.22211E-03       52.8855E-06 
                8.22647E-03       52.1457E-06 
                8.23084E-03       51.4205E-06 
                8.2352E-03        50.7099E-06 
                8.24174E-03       49.6711E-06 
                8.24611E-03       48.9966E-06 
                8.25047E-03       48.3365E-06 
                8.25701E-03       47.373E-06  
                8.26137E-03       46.7482E-06 
                8.26574E-03       46.1374E-06 
                8.2701E-03        45.5404E-06 
                8.27664E-03       44.6702E-06 
                8.281E-03         44.1066E-06 
                8.28537E-03       43.556E-06  
                8.29191E-03       42.754E-06  
                8.29627E-03       42.2347E-06 
                8.30063E-03       41.7274E-06 
                8.30718E-03       40.9883E-06 
                8.31154E-03       40.5096E-06 
                8.3159E-03        40.0417E-06 
                8.32026E-03       39.5842E-06 
                8.32681E-03       38.9166E-06 
                8.33117E-03       38.4833E-06 
                8.33553E-03       38.059E-06  
                8.34208E-03       37.4385E-06 
                8.34644E-03       37.0347E-06 
                8.3508E-03        36.6383E-06 
                8.35516E-03       36.2488E-06 
                8.36171E-03       35.6765E-06 
                8.36607E-03       35.3022E-06 
                8.37043E-03       34.9332E-06 
                8.37698E-03       34.3884E-06 
                8.38134E-03       34.0305E-06 
                8.3857E-03        33.676E-06  
                8.39006E-03       33.3247E-06 
                8.39661E-03       32.8026E-06 
                8.40097E-03       32.457E-06  
                8.40533E-03       32.113E-06  
                8.41187E-03       31.5989E-06 
                8.41623E-03       31.2569E-06 
                8.4206E-03        30.915E-06  
                8.42714E-03       30.4015E-06 
                8.4315E-03        30.0582E-06 
                8.43587E-03       29.7139E-06 
                8.44023E-03       29.3681E-06 
                8.44677E-03       28.8462E-06 
                8.45113E-03       28.4957E-06 
                8.4555E-03        28.143E-06  
                8.46204E-03       27.6092E-06 
                8.4664E-03        27.25E-06   
                8.47076E-03       26.888E-06  
                8.47513E-03       26.5232E-06 
                8.48167E-03       25.9704E-06 
                8.48603E-03       25.5982E-06 
                8.49039E-03       25.223E-06  
                8.49694E-03       24.655E-06  
                8.5013E-03        24.2729E-06 
                8.50566E-03       23.8882E-06 
                8.51003E-03       23.501E-06  
                8.51657E-03       22.9163E-06 
                8.52093E-03       22.524E-06  
                8.52529E-03       22.1302E-06 
                8.53184E-03       21.537E-06  
                8.5362E-03        21.1405E-06 
                8.54056E-03       20.7435E-06 
                8.5471E-03        20.1478E-06 
                8.55147E-03       19.7513E-06 
                8.55583E-03       19.3556E-06 
                8.56019E-03       18.9613E-06 
                8.56674E-03       18.3734E-06 
                8.5711E-03        17.9844E-06 
                8.57546E-03       17.5985E-06 
                8.582E-03         17.0261E-06 
                8.58637E-03       16.6496E-06 
                8.59073E-03       16.2778E-06 
                8.59509E-03       15.9111E-06 
                8.60163E-03       15.3717E-06 
                8.606E-03         15.0199E-06 
                8.61036E-03       14.6749E-06 
                8.6169E-03        14.1711E-06 
                8.62126E-03       13.8449E-06 
                8.62563E-03       13.527E-06  
                8.63217E-03       13.0664E-06 
                8.63653E-03       12.7707E-06 
                8.64089E-03       12.4845E-06 
                8.64526E-03       12.208E-06  
                8.6518E-03        11.812E-06  
                8.65616E-03       11.5608E-06 
                8.66053E-03       11.32E-06   
                8.66707E-03       10.9786E-06 
                8.67143E-03       10.7644E-06 
                8.67579E-03       10.5607E-06 
                8.68016E-03       10.3677E-06 
                8.6867E-03        10.0979E-06 
                8.69106E-03        9.9311E-06 
                8.69542E-03        9.77446E-06
                8.70197E-03        9.55812E-06
                8.70633E-03        9.42595E-06
                8.71069E-03        9.30305E-06
                8.71505E-03        9.18908E-06
                8.7216E-03         9.03404E-06
                8.72596E-03        8.94067E-06
                8.73032E-03        8.85476E-06
                8.73687E-03        8.73884E-06
                8.74123E-03        8.66944E-06
                8.74559E-03        8.60572E-06
                8.75213E-03        8.51958E-06
                8.7565E-03         8.46762E-06
                8.76086E-03        8.41936E-06
                8.76522E-03        8.37421E-06
                8.77176E-03        8.31103E-06
                8.77613E-03        8.27108E-06
                8.78049E-03        8.23219E-06
                8.78703E-03        8.1746E-06 
                8.79139E-03        8.13588E-06
                8.79576E-03        8.09627E-06
                8.80012E-03        8.05525E-06
                8.80666E-03        7.98999E-06
                8.81102E-03        7.94331E-06
                8.81539E-03        7.8936E-06 
                8.82193E-03        7.81245E-06
                8.82629E-03        7.75345E-06
                8.83066E-03        7.69016E-06
                8.83502E-03        7.62228E-06
                8.84156E-03        7.51139E-06
                8.84592E-03        7.43112E-06
                8.85029E-03        7.34563E-06
                8.85683E-03        7.2074E-06 
                8.86119E-03        7.10853E-06
                8.86555E-03        7.0043E-06 
                8.8721E-03         6.83803E-06
                8.87646E-03        6.72073E-06
                8.88082E-03        6.59845E-06
                8.88518E-03        6.47141E-06
                8.89173E-03        6.27241E-06
                8.89609E-03        6.13455E-06
                8.90045E-03        5.9929E-06 
                8.907E-03          5.77412E-06
                8.91136E-03        5.62463E-06
                8.91572E-03        5.47272E-06
                8.92008E-03        5.31883E-06
                8.92663E-03        5.08528E-06
                8.93099E-03        4.92847E-06
                8.93535E-03        4.77135E-06
                8.94189E-03        4.53614E-06
                8.94626E-03        4.38038E-06
                8.95062E-03        4.22603E-06
                8.95716E-03        3.99822E-06
                8.96152E-03        3.84952E-06
                8.96589E-03        3.70389E-06
                8.97025E-03        3.56177E-06
                8.97679E-03        3.35612E-06
                8.98116E-03        3.2246E-06 
                8.98552E-03        3.09797E-06
                8.99206E-03        2.91795E-06
                8.99642E-03        2.80498E-06
                9.00079E-03        2.69796E-06
                9.00515E-03        2.59711E-06
                9.01169E-03        2.45784E-06
                9.01605E-03        2.37322E-06
                9.02042E-03        2.2953E-06 
                9.02696E-03        2.19117E-06
                9.03132E-03        2.13029E-06
                9.03568E-03        2.07624E-06
                9.04005E-03        2.02896E-06
                9.04659E-03        1.97057E-06
                9.05095E-03        1.93982E-06
                9.05532E-03        1.91543E-06
                9.06186E-03        1.89037E-06
                9.06622E-03        1.88101E-06
                9.07058E-03        1.87724E-06
                9.07713E-03        1.88144E-06
                9.08149E-03        1.89036E-06
                9.08585E-03        1.90379E-06
                9.09021E-03        1.92139E-06
                9.09676E-03        1.95479E-06
                9.10112E-03        1.98116E-06
                9.10548E-03        2.01036E-06
                9.11202E-03        2.05859E-06
                9.11639E-03        2.09309E-06
                9.12075E-03        2.129E-06  
                9.12511E-03        2.1659E-06 
                9.13165E-03        2.22221E-06
                9.13602E-03        2.25981E-06
                9.14038E-03        2.29702E-06
                9.14692E-03        2.35124E-06
                9.15129E-03        2.38581E-06
                9.15565E-03        2.41872E-06
                9.16001E-03        2.44965E-06
                9.16655E-03        2.49168E-06
                9.17092E-03        2.51639E-06
                9.17528E-03        2.53817E-06
                9.18182E-03        2.56488E-06
                9.18618E-03        2.57844E-06
                9.19055E-03        2.58842E-06
                9.19709E-03        2.59644E-06
                9.20145E-03        2.59701E-06
                9.20581E-03        2.5937E-06 
                9.21018E-03        2.58649E-06
                9.21672E-03        2.56835E-06
                9.22108E-03        2.55143E-06
                9.22544E-03        2.53072E-06
                9.23199E-03        2.49275E-06
                9.23635E-03        2.46301E-06
                9.24071E-03        2.42989E-06
                9.24508E-03        2.39356E-06
                9.25162E-03        2.33344E-06
                9.25598E-03        2.28991E-06
                9.26034E-03        2.24387E-06
                9.26689E-03        2.17062E-06
                9.27125E-03        2.11935E-06
                9.27561E-03        2.06643E-06
                9.28216E-03        1.98452E-06
                9.28652E-03        1.92863E-06
                9.29088E-03        1.87203E-06
                9.29524E-03        1.81498E-06
                9.30179E-03        1.72918E-06
                9.30615E-03        1.67222E-06
                9.31051E-03        1.61575E-06
                9.31705E-03        1.53256E-06
                9.32142E-03        1.47846E-06
                9.32578E-03        1.42573E-06
                9.33014E-03        1.3746E-06 
                9.33668E-03        1.30137E-06
                9.34105E-03        1.25516E-06
                9.34541E-03        1.21126E-06
                9.35195E-03        1.15009E-06
                9.35631E-03        1.11265E-06
                9.36068E-03        1.07804E-06
                9.36504E-03        1.04636E-06
                9.37158E-03        1.00455E-06
                9.37595E-03      980.572E-09  
                9.38031E-03      959.77E-09   
                9.38685E-03      934.566E-09  
                9.39121E-03      921.762E-09  
                9.39558E-03      912.131E-09  
                9.40212E-03      903.532E-09  
                9.40648E-03      901.6E-09    
                9.41084E-03      902.606E-09  
                9.41521E-03      906.444E-09  
                9.42175E-03      917.237E-09  
                9.42611E-03      927.585E-09  
                9.43047E-03      940.273E-09  
                9.43702E-03      963.323E-09  
                9.44138E-03      981.106E-09  
                9.44574E-03        1.0006E-06 
                9.4501E-03         1.02161E-06
                9.45665E-03        1.05554E-06
                9.46101E-03        1.07947E-06
                9.46537E-03        1.10422E-06
                9.47192E-03        1.14244E-06
                9.47628E-03        1.16838E-06
                9.48064E-03        1.19447E-06
                9.485E-03          1.22054E-06
                9.49155E-03        1.25923E-06
                9.49591E-03        1.28453E-06
                9.50027E-03        1.30928E-06
                9.50681E-03        1.3451E-06 
                9.51118E-03        1.36794E-06
                9.51554E-03        1.38986E-06
                9.52208E-03        1.42084E-06
                9.52644E-03        1.44014E-06
                9.53081E-03        1.45831E-06
                9.53517E-03        1.47533E-06
                9.54171E-03        1.4987E-06 
                9.54607E-03        1.51283E-06
                9.55044E-03        1.52584E-06
                9.55698E-03        1.54333E-06
                9.56134E-03        1.55372E-06
                9.56571E-03        1.56318E-06
                9.57007E-03        1.57177E-06
                9.57661E-03        1.58324E-06
                9.58097E-03        1.5901E-06 
                9.58534E-03        1.59646E-06
                9.59188E-03        1.60534E-06
                9.59624E-03        1.61101E-06
                9.6006E-03         1.61665E-06
                9.60715E-03        1.6254E-06 
                9.61151E-03        1.63165E-06
                9.61587E-03        1.63843E-06
                9.62023E-03        1.64591E-06
                9.62678E-03        1.6588E-06 
                9.63114E-03        1.66876E-06
                9.6355E-03         1.68003E-06
                9.64205E-03        1.69975E-06
                9.64641E-03        1.71503E-06
                9.65077E-03        1.7322E-06 
                9.65513E-03        1.75142E-06
                9.66168E-03        1.78444E-06
                9.66604E-03        1.80945E-06
                9.6704E-03         1.83701E-06
                9.67694E-03        1.88341E-06
                9.68131E-03        1.91786E-06
                9.68567E-03        1.95524E-06
                9.69003E-03        1.99564E-06
                9.69658E-03        2.06201E-06
                9.70094E-03        2.1102E-06 
                9.7053E-03         2.16157E-06
                9.71184E-03        2.24465E-06
                9.71621E-03        2.30407E-06
                9.72057E-03        2.3667E-06 
                9.72711E-03        2.46663E-06
                9.73147E-03        2.53719E-06
                9.73584E-03        2.61085E-06
                9.7402E-03         2.68756E-06
                9.74674E-03        2.80823E-06
                9.7511E-03         2.8923E-06 
                9.75547E-03        2.97919E-06
                9.76201E-03        3.11463E-06
                9.76637E-03        3.2082E-06 
                9.77073E-03        3.3043E-06 
                9.7751E-03         3.40283E-06
                9.78164E-03        3.555E-06  
                9.786E-03          3.6592E-06 
                9.79036E-03        3.76551E-06
                9.79691E-03        3.9287E-06 
                9.80127E-03        4.03983E-06
                9.80563E-03        4.15271E-06
                9.81218E-03        4.32508E-06
                9.81654E-03        4.44188E-06
                9.8209E-03         4.56007E-06
                9.82526E-03        4.67952E-06
                9.83181E-03        4.86084E-06
                9.83617E-03        4.98299E-06
                9.84053E-03        5.10601E-06
                9.84707E-03        5.29193E-06
                9.85144E-03        5.41663E-06
                9.8558E-03         5.54178E-06
                9.86016E-03        5.66728E-06
                9.8667E-03         5.85589E-06
                9.87107E-03        5.9817E-06 
                9.87543E-03        6.10742E-06
                9.88197E-03        6.29557E-06
                9.88634E-03        6.42053E-06
                9.8907E-03         6.54498E-06
                9.89506E-03        6.6688E-06 
                9.9016E-03         6.85309E-06
                9.90597E-03        6.97481E-06
                9.91033E-03        7.09549E-06
                9.91687E-03        7.27431E-06
                9.92123E-03        7.39189E-06
                9.9256E-03         7.50803E-06
                9.93214E-03        7.67928E-06
                9.9365E-03         7.79131E-06
                9.94086E-03        7.9015E-06 
                9.94523E-03        8.00972E-06
                9.95177E-03        8.16809E-06
                9.95613E-03        8.27085E-06
                9.96049E-03        8.3712E-06 
                9.96704E-03        8.51692E-06
                9.9714E-03         8.61066E-06
                9.97576E-03        8.70151E-06
                9.98013E-03        8.78932E-06
                9.98646E-03        8.91106E-06
                9.9905E-03         8.98509E-06
                9.99631E-03        9.08593E-06
               10.E-03             9.14664E-06





                  X               _temp_1     

                0.                 0.         
                6.54437E-06      791.682E-09  
               10.9073E-06         1.99334E-06
               15.2702E-06         3.4364E-06 
               21.8146E-06         5.55587E-06
               26.1775E-06         6.75834E-06
               30.5404E-06         7.78729E-06
               37.0848E-06         9.1846E-06 
               41.4477E-06        10.1578E-06 
               45.8106E-06        11.2319E-06 
               50.1735E-06        12.4086E-06 
               56.7179E-06        14.2735E-06 
               61.0808E-06        15.5047E-06 
               65.4437E-06        16.6822E-06 
               71.988E-06         18.347E-06  
               76.351E-06         19.4261E-06 
               80.7139E-06        20.5237E-06 
               85.0768E-06        21.6665E-06 
               91.6212E-06        23.4862E-06 
               95.9841E-06        24.7541E-06 
              100.347E-06         26.0428E-06 
              106.891E-06         27.9657E-06 
              111.254E-06         29.2198E-06 
              115.617E-06         30.4411E-06 
              122.162E-06         32.2088E-06 
              126.524E-06         33.342E-06  
              130.887E-06         34.4418E-06 
              135.25E-06          35.5091E-06 
              141.795E-06         37.0647E-06 
              146.158E-06         38.084E-06  
              150.521E-06         39.1037E-06 
              157.065E-06         40.6494E-06 
              161.428E-06         41.6952E-06 
              165.791E-06         42.7444E-06 
              170.154E-06         43.7869E-06 
              176.698E-06         45.3032E-06 
              181.061E-06         46.2659E-06 
              185.424E-06         47.1811E-06 
              191.968E-06         48.4741E-06 
              196.331E-06         49.2942E-06 
              200.694E-06         50.0988E-06 
              205.057E-06         50.8997E-06 
              211.602E-06         52.1202E-06 
              215.964E-06         52.9541E-06 
              220.327E-06         53.8078E-06 
              226.872E-06         55.1128E-06 
              231.235E-06         55.9909E-06 
              235.598E-06         56.8628E-06 
              242.142E-06         58.1458E-06 
              246.505E-06         58.9721E-06 
              250.868E-06         59.775E-06  
              255.231E-06         60.5526E-06 
              261.775E-06         61.6851E-06 
              266.138E-06         62.4252E-06 
              270.501E-06         63.1654E-06 
              277.045E-06         64.2852E-06 
              281.408E-06         65.0457E-06 
              285.771E-06         65.8138E-06 
              290.134E-06         66.5889E-06 
              296.678E-06         67.7472E-06 
              301.041E-06         68.5084E-06 
              305.404E-06         69.2512E-06 
              311.948E-06         70.3275E-06 
              316.311E-06         71.0147E-06 
              320.674E-06         71.6827E-06 
              325.037E-06         72.3313E-06 
              331.581E-06         73.2789E-06 
              335.944E-06         73.8958E-06 
              340.307E-06         74.5061E-06 
              346.852E-06         75.4043E-06 
              351.214E-06         75.9925E-06 
              355.577E-06         76.5663E-06 
              362.122E-06         77.4005E-06 
              366.485E-06         77.9313E-06 
              370.847E-06         78.4444E-06 
              375.21E-06          78.9355E-06 
              381.755E-06         79.6366E-06 
              386.118E-06         80.0786E-06 
              390.481E-06         80.5052E-06 
              397.025E-06         81.1112E-06 
              401.388E-06         81.4956E-06 
              405.751E-06         81.8588E-06 
              410.114E-06         82.2027E-06 
              416.658E-06         82.6723E-06 
              421.021E-06         82.9532E-06 
              425.384E-06         83.2032E-06 
              431.928E-06         83.5243E-06 
              436.291E-06         83.6986E-06 
              440.654E-06         83.8469E-06 
              445.017E-06         83.9678E-06 
              451.561E-06         84.1071E-06 
              455.924E-06         84.1734E-06 
              460.287E-06         84.2247E-06 
              466.831E-06         84.2729E-06 
              471.194E-06         84.2914E-06 
              475.557E-06         84.297E-06  
              482.101E-06         84.2909E-06 
              486.464E-06         84.2744E-06 
              490.827E-06         84.254E-06  
              495.19E-06          84.2272E-06 
              501.734E-06         84.1834E-06 
              506.097E-06         84.1504E-06 
              510.46E-06          84.1191E-06 
              517.005E-06         84.0697E-06 
              521.367E-06         84.0377E-06 
              525.73E-06          84.0007E-06 
              530.093E-06         83.9608E-06 
              536.638E-06         83.8857E-06 
              541.E-06            83.8246E-06 
              545.363E-06         83.7493E-06 
              551.908E-06         83.613E-06  
              556.271E-06         83.5015E-06 
              560.633E-06         83.3774E-06 
              567.178E-06         83.1613E-06 
              571.541E-06         83.0014E-06 
              575.904E-06         82.8239E-06 
              580.267E-06         82.6326E-06 
              586.811E-06         82.3112E-06 
              591.174E-06         82.0738E-06 
              595.537E-06         81.8118E-06 
              602.081E-06         81.3741E-06 
              606.444E-06         81.0453E-06 
              610.807E-06         80.6898E-06 
              615.17E-06          80.3035E-06 
              621.714E-06         79.6718E-06 
              626.077E-06         79.2149E-06 
              630.44E-06          78.7352E-06 
              636.984E-06         77.9717E-06 
              641.347E-06         77.4395E-06 
              645.71E-06          76.8868E-06 
              650.073E-06         76.3185E-06 
              656.617E-06         75.4329E-06 
              660.98E-06          74.8224E-06 
              665.343E-06         74.1928E-06 
              671.887E-06         73.2166E-06 
              676.25E-06          72.541E-06  
              680.613E-06         71.8495E-06 
              687.158E-06         70.7784E-06 
              691.52E-06          70.0472E-06 
              695.883E-06         69.3006E-06 
              700.246E-06         68.5444E-06 
              706.791E-06         67.3922E-06 
              711.153E-06         66.6169E-06 
              715.516E-06         65.8351E-06 
              722.061E-06         64.6577E-06 
              726.424E-06         63.8669E-06 
              730.786E-06         63.0751E-06 
              735.149E-06         62.2795E-06 
              741.694E-06         61.0815E-06 
              746.057E-06         60.2771E-06 
              750.419E-06         59.4704E-06 
              756.964E-06         58.251E-06  
              761.327E-06         57.4338E-06 
              765.69E-06          56.6101E-06 
              770.053E-06         55.7825E-06 
              776.597E-06         54.5301E-06 
              780.96E-06          53.6892E-06 
              785.323E-06         52.8415E-06 
              791.867E-06         51.5605E-06 
              796.23E-06          50.6979E-06 
              800.593E-06         49.8307E-06 
              807.137E-06         48.5171E-06 
              811.5E-06           47.6347E-06 
              815.863E-06         46.7438E-06 
              820.226E-06         45.8461E-06 
              826.77E-06          44.4819E-06 
              831.133E-06         43.5601E-06 
              835.496E-06         42.625E-06  
              842.04E-06          41.197E-06  
              846.403E-06         40.2235E-06 
              850.766E-06         39.2333E-06 
              855.129E-06         38.2235E-06 
              861.673E-06         36.6725E-06 
              866.036E-06         35.6129E-06 
              870.399E-06         34.5348E-06 
              876.944E-06         32.8826E-06 
              881.306E-06         31.761E-06  
              885.669E-06         30.6236E-06 
              890.032E-06         29.4737E-06 
              896.577E-06         27.7275E-06 
              900.939E-06         26.5522E-06 
              905.302E-06         25.3687E-06 
              911.847E-06         23.5827E-06 
              916.21E-06          22.3852E-06 
              920.573E-06         21.1844E-06 
              927.117E-06         19.3772E-06 
              931.48E-06          18.1704E-06 
              935.843E-06         16.962E-06  
              940.206E-06         15.7538E-06 
              946.75E-06          13.9432E-06 
              951.113E-06         12.739E-06  
              955.476E-06         11.5379E-06 
              962.02E-06           9.74491E-06
              966.383E-06          8.55611E-06
              970.746E-06          7.37376E-06
              975.109E-06          6.19803E-06
              981.653E-06          4.44765E-06
              986.016E-06          3.28947E-06
              990.379E-06          2.13821E-06
              996.924E-06        423.484E-09  
                1.00129E-03     -657.148E-09  
                1.00565E-03       -1.22607E-06
                1.01001E-03       -1.24058E-06
                1.01656E-03     -778.874E-09  
                1.02092E-03     -484.583E-09  
                1.02528E-03     -354.94E-09   
                1.03183E-03     -473.464E-09  
                1.03619E-03     -649.584E-09  
                1.04055E-03     -792.321E-09  
                1.0471E-03      -821.433E-09  
                1.05146E-03     -717.462E-09  
                1.05582E-03     -564.462E-09  
                1.06019E-03     -417.468E-09  
                1.06673E-03     -287.199E-09  
                1.07109E-03     -266.24E-09   
                1.07546E-03     -270.121E-09  
                1.082E-03       -245.946E-09  
                1.08637E-03     -171.898E-09  
                1.09073E-03      -42.9457E-09 
                1.09509E-03      129.803E-09  
                1.10164E-03      424.934E-09  
                1.106E-03        614.182E-09  
                1.11036E-03      779.041E-09  
                1.11691E-03      964.089E-09  
                1.12127E-03        1.04241E-06
                1.12563E-03        1.08464E-06
                1.13218E-03        1.08333E-06
                1.13654E-03        1.04449E-06
                1.1409E-03       983.477E-09  
                1.14527E-03      910.855E-09  
                1.15181E-03      805.983E-09  
                1.15617E-03      752.406E-09  
                1.16054E-03      715.803E-09  
                1.16708E-03      681.399E-09  
                1.17144E-03      655.553E-09  
                1.17581E-03      611.353E-09  
                1.18017E-03      537.354E-09  
                1.18671E-03      359.344E-09  
                1.19108E-03      199.99E-09   
                1.19544E-03       19.3706E-09 
                1.20199E-03     -260.77E-09   
                1.20635E-03     -432.978E-09  
                1.21071E-03     -580.237E-09  
                1.21507E-03     -695.773E-09  
                1.22162E-03     -806.141E-09  
                1.22598E-03     -842.181E-09  
                1.23035E-03     -855.664E-09  
                1.23689E-03     -851.587E-09  
                1.24125E-03     -844.366E-09  
                1.24562E-03     -840.831E-09  
                1.25216E-03     -848.63E-09   
                1.25652E-03     -861.313E-09  
                1.26089E-03     -875.007E-09  
                1.26525E-03     -883.109E-09  
                1.27179E-03     -869.259E-09  
                1.27616E-03     -834.332E-09  
                1.28052E-03     -775.522E-09  
                1.28706E-03     -645.164E-09  
                1.29143E-03     -536.821E-09  
                1.29579E-03     -419.26E-09   
                1.30015E-03     -299.932E-09  
                1.3067E-03      -131.584E-09  
                1.31106E-03      -32.5246E-09 
                1.31542E-03       54.2971E-09 
                1.32197E-03      164.401E-09  
                1.32633E-03      228.625E-09  
                1.33069E-03      289.568E-09  
                1.33506E-03      350.265E-09  
                1.3416E-03       444.757E-09  
                1.34596E-03      510.36E-09   
                1.35033E-03      576.562E-09  
                1.35687E-03      671.741E-09  
                1.36124E-03      728.475E-09  
                1.3656E-03       777.038E-09  
                1.37214E-03      831.382E-09  
                1.37651E-03      854.727E-09  
                1.38087E-03      868.457E-09  
                1.38523E-03      873.784E-09  
                1.39178E-03      868.854E-09  
                1.39614E-03      858.24E-09   
                1.4005E-03       841.898E-09  
                1.40705E-03      804.717E-09  
                1.41141E-03      769.127E-09  
                1.41577E-03      722.58E-09   
                1.42014E-03      663.199E-09  
                1.42668E-03      547.311E-09  
                1.43104E-03      451.746E-09  
                1.43541E-03      342.506E-09  
                1.44195E-03      157.417E-09  
                1.44631E-03       23.9817E-09 
                1.45068E-03     -113.677E-09  
                1.45504E-03     -252.225E-09  
                1.46158E-03     -455.017E-09  
                1.46595E-03     -583.068E-09  
                1.47031E-03     -702.974E-09  
                1.47686E-03     -864.039E-09  
                1.48122E-03     -956.903E-09  
                1.48558E-03       -1.03666E-06
                1.49213E-03       -1.12876E-06
                1.49649E-03       -1.16975E-06
                1.50085E-03       -1.19281E-06
                1.50521E-03       -1.19682E-06
                1.51176E-03       -1.16576E-06
                1.51612E-03       -1.1205E-06 
                1.52049E-03       -1.05669E-06
                1.52703E-03     -930.252E-09  
                1.53139E-03     -829.104E-09  
                1.53576E-03     -717.773E-09  
                1.54012E-03     -599.092E-09  
                1.54666E-03     -412.739E-09  
                1.55103E-03     -285.774E-09  
                1.55539E-03     -158.145E-09  
                1.56193E-03       33.0028E-09 
                1.5663E-03       159.64E-09   
                1.57066E-03      285.157E-09  
                1.57502E-03      408.838E-09  
                1.58157E-03      588.168E-09  
                1.58593E-03      700.863E-09  
                1.59029E-03      805.263E-09  
                1.59684E-03      940.339E-09  
                1.6012E-03         1.01217E-06
                1.60556E-03        1.06686E-06
                1.61211E-03        1.11378E-06
                1.61647E-03        1.12113E-06
                1.62083E-03        1.1101E-06 
                1.6252E-03         1.08223E-06
                1.63174E-03        1.01357E-06
                1.63611E-03      953.416E-09  
                1.64047E-03      884.502E-09  
                1.64701E-03      768.893E-09  
                1.65138E-03      685.631E-09  
                1.65574E-03      598.29E-09   
                1.6601E-03       507.109E-09  
                1.66665E-03      363.019E-09  
                1.67101E-03      261.925E-09  
                1.67537E-03      156.898E-09  
                1.68192E-03       -6.89995E-09
                1.68628E-03     -118.824E-09  
                1.69064E-03     -231.224E-09  
                1.69501E-03     -342.269E-09  
                1.70155E-03     -501.877E-09  
                1.70591E-03     -600.693E-09  
                1.71028E-03     -691.28E-09   
                1.71682E-03     -808.46E-09   
                1.72118E-03     -872.502E-09  
                1.72555E-03     -924.457E-09  
                1.73209E-03     -979.031E-09  
                1.73645E-03     -999.775E-09  
                1.74082E-03       -1.00818E-06
                1.74518E-03       -1.00452E-06
                1.75173E-03     -977.19E-09   
                1.75609E-03     -945.022E-09  
                1.76045E-03     -902.263E-09  
                1.767E-03       -819.506E-09  
                1.77136E-03     -752.861E-09  
                1.77572E-03     -677.87E-09   
                1.78008E-03     -595.3E-09    
                1.78663E-03     -458.959E-09  
                1.79099E-03     -360.896E-09  
                1.79536E-03     -258.013E-09  
                1.8019E-03       -96.3754E-09 
                1.80626E-03       15.0403E-09 
                1.81063E-03      128.292E-09  
                1.81717E-03      299.163E-09  
                1.82153E-03      411.779E-09  
                1.8259E-03       521.499E-09  
                1.83026E-03      626.494E-09  
                1.8368E-03       770.747E-09  
                1.84117E-03      855.064E-09  
                1.84553E-03      927.554E-09  
                1.85207E-03        1.01025E-06
                1.85644E-03        1.04599E-06
                1.8608E-03         1.06517E-06
                1.86516E-03        1.06742E-06
                1.87171E-03        1.03952E-06
                1.87607E-03        1.00115E-06
                1.88043E-03      948.328E-09  
                1.88698E-03      845.366E-09  
                1.89134E-03      763.386E-09  
                1.8957E-03       672.794E-09  
                1.90007E-03      575.308E-09  
                1.90661E-03      419.663E-09  
                1.91098E-03      311.752E-09  
                1.91534E-03      202.06E-09   
                1.92188E-03       36.7869E-09 
                1.92625E-03      -72.2507E-09 
                1.93061E-03     -179.097E-09  
                1.93715E-03     -332.845E-09  
                1.94152E-03     -429.356E-09  
                1.94588E-03     -519.746E-09  
                1.95024E-03     -602.882E-09  
                1.95679E-03     -711.629E-09  
                1.96115E-03     -772.075E-09  
                1.96551E-03     -821.936E-09  
                1.97206E-03     -875.622E-09  
                1.97642E-03     -896.868E-09  
                1.98078E-03     -906.407E-09  
                1.98514E-03     -904.442E-09  
                1.99169E-03     -880.894E-09  
                1.99605E-03     -852.404E-09  
                2.00041E-03     -814.611E-09  
                2.00696E-03     -742.446E-09  
                2.01132E-03     -685.375E-09  
                2.01568E-03     -622.198E-09  
                2.02005E-03     -553.769E-09  
                2.02659E-03     -442.969E-09  
                2.03095E-03     -364.671E-09  
                2.03532E-03     -283.545E-09  
                2.04186E-03     -157.792E-09  
                2.04622E-03      -72.0604E-09 
                2.05059E-03       14.5034E-09 
                2.05713E-03      144.469E-09  
                2.06149E-03      230.104E-09  
                2.06586E-03      313.944E-09  
                2.07022E-03      395.056E-09  
                2.07676E-03      509.412E-09  
                2.08113E-03      579.265E-09  
                2.08549E-03      642.812E-09  
                2.09203E-03      724.199E-09  
                2.0964E-03       767.912E-09  
                2.10076E-03      802.34E-09   
                2.10512E-03      826.92E-09   
                2.11167E-03      844.481E-09  
                2.11603E-03      843.022E-09  
                2.12039E-03      831.007E-09  
                2.12694E-03      793.579E-09  
                2.1313E-03       756.186E-09  
                2.13566E-03      709.417E-09  
                2.14002E-03      653.906E-09  
                2.14657E-03      555.924E-09  
                2.15093E-03      482.07E-09   
                2.15529E-03      402.53E-09   
                2.16184E-03      274.877E-09  
                2.1662E-03       185.833E-09  
                2.17056E-03       94.9647E-09 
                2.17711E-03      -42.2657E-09 
                2.18147E-03     -132.744E-09  
                2.18583E-03     -221.16E-09   
                2.1902E-03      -306.493E-09  
                2.19674E-03     -426.601E-09  
                2.2011E-03      -500.096E-09  
                2.20547E-03     -567.343E-09  
                2.21201E-03     -654.789E-09  
                2.21637E-03     -703.084E-09  
                2.22073E-03     -742.616E-09  
                2.2251E-03      -772.819E-09  
                2.23164E-03     -799.633E-09  
                2.236E-03       -804.721E-09  
                2.24037E-03     -799.406E-09  
                2.24691E-03     -772.084E-09  
                2.25127E-03     -741.389E-09  
                2.25564E-03     -701.303E-09  
                2.26218E-03     -625.186E-09  
                2.26654E-03     -565.125E-09  
                2.27091E-03     -498.85E-09   
                2.27527E-03     -427.517E-09  
                2.28181E-03     -313.637E-09  
                2.28618E-03     -234.847E-09  
                2.29054E-03     -155.064E-09  
                2.29708E-03      -35.7453E-09 
                2.30145E-03       42.2538E-09 
                2.30581E-03      118.108E-09  
                2.31017E-03      191.154E-09  
                2.31672E-03      294.22E-09   
                2.32108E-03      357.884E-09  
                2.32544E-03      417.006E-09  
                2.33199E-03      496.318E-09  
                2.33635E-03      542.407E-09  
                2.34071E-03      582.657E-09  
                2.34507E-03      616.732E-09  
                2.35162E-03      655.583E-09  
                2.35598E-03      672.903E-09  
                2.36034E-03      683.086E-09  
                2.36689E-03      684.618E-09  
                2.37125E-03      676.341E-09  
                2.37561E-03      660.612E-09  
                2.38216E-03      623.238E-09  
                2.38652E-03      589.401E-09  
                2.39088E-03      548.753E-09  
                2.39525E-03      501.671E-09  
                2.40179E-03      420.019E-09  
                2.40615E-03      359.06E-09   
                2.41052E-03      293.649E-09  
                2.41706E-03      188.826E-09  
                2.42142E-03      115.673E-09  
                2.42579E-03       40.9335E-09 
                2.43015E-03      -34.4627E-09 
                2.43669E-03     -146.699E-09  
                2.44106E-03     -219.549E-09  
                2.44542E-03     -289.715E-09  
                2.45196E-03     -387.947E-09  
                2.45632E-03     -447.519E-09  
                2.46069E-03     -501.455E-09  
                2.46505E-03     -549.073E-09  
                2.47159E-03     -607.375E-09  
                2.47596E-03     -636.804E-09  
                2.48032E-03     -658.264E-09  
                2.48686E-03     -675.015E-09  
                2.49123E-03     -675.731E-09  
                2.49559E-03     -668.099E-09  
                2.50213E-03     -641.301E-09  
                2.5065E-03      -613.573E-09  
                2.51086E-03     -578.38E-09   
                2.51522E-03     -536.192E-09  
                2.52177E-03     -461.043E-09  
                2.52613E-03     -403.997E-09  
                2.53049E-03     -342.258E-09  
                2.53704E-03     -242.646E-09  
                2.5414E-03      -172.838E-09  
                2.54576E-03     -101.369E-09  
                2.55012E-03      -29.1682E-09 
                2.55667E-03       78.4728E-09 
                2.56103E-03      148.46E-09   
                2.56539E-03      215.999E-09  
                2.57194E-03      310.901E-09  
                2.5763E-03       368.775E-09  
                2.58066E-03      421.52E-09   
                2.58503E-03      468.519E-09  
                2.59157E-03      527.095E-09  
                2.59593E-03      557.57E-09   
                2.6003E-03       580.806E-09  
                2.60684E-03      601.641E-09  
                2.6112E-03       606.052E-09  
                2.61557E-03      602.913E-09  
                2.62211E-03      584.392E-09  
                2.62647E-03      563.234E-09  
                2.63084E-03      535.473E-09  
                2.6352E-03       501.59E-09   
                2.64174E-03      440.53E-09   
                2.64611E-03      393.928E-09  
                2.65047E-03      343.408E-09  
                2.65701E-03      261.849E-09  
                2.66138E-03      204.672E-09  
                2.66574E-03      146.074E-09  
                2.6701E-03        86.7294E-09 
                2.67665E-03       -2.30642E-09
                2.68101E-03      -60.8265E-09 
                2.68537E-03     -118.055E-09  
                2.69192E-03     -200.417E-09  
                2.69628E-03     -252.353E-09  
                2.70064E-03     -301.419E-09  
                2.705E-03       -347.208E-09  
                2.71155E-03     -408.872E-09  
                2.71591E-03     -444.72E-09   
                2.72027E-03     -475.891E-09  
                2.72682E-03     -513.023E-09  
                2.73118E-03     -530.813E-09  
                2.73554E-03     -542.632E-09  
                2.74209E-03     -548.55E-09   
                2.74645E-03     -544.319E-09  
                2.75081E-03     -533.418E-09  
                2.75518E-03     -515.851E-09  
                2.76172E-03     -477.278E-09  
                2.76608E-03     -443.794E-09  
                2.77045E-03     -404.551E-09  
                2.77699E-03     -336.044E-09  
                2.78135E-03     -284.871E-09  
                2.78571E-03     -230.14E-09   
                2.79008E-03     -172.638E-09  
                2.79662E-03      -82.9969E-09 
                2.80098E-03      -22.1985E-09 
                2.80535E-03       38.4649E-09 
                2.81189E-03      127.475E-09  
                2.81625E-03      184.408E-09  
                2.82062E-03      238.618E-09  
                2.82716E-03      313.496E-09  
                2.83152E-03      358.334E-09  
                2.83589E-03      398.555E-09  
                2.84025E-03      433.754E-09  
                2.84679E-03      476.38E-09   
                2.85116E-03      497.604E-09  
                2.85552E-03      512.814E-09  
                2.86206E-03      524.016E-09  
                2.86643E-03      523.615E-09  
                2.87079E-03      516.898E-09  
                2.87515E-03      503.926E-09  
                2.8817E-03       473.055E-09  
                2.88606E-03      445.204E-09  
                2.89042E-03      411.914E-09  
                2.89697E-03      352.708E-09  
                2.90133E-03      307.804E-09  
                2.90569E-03      259.241E-09  
                2.91005E-03      207.678E-09  
                2.9166E-03       126.263E-09  
                2.92096E-03       70.3614E-09 
                2.92532E-03       14.0517E-09 
                2.93187E-03      -69.5118E-09 
                2.93623E-03     -123.541E-09  
                2.94059E-03     -175.406E-09  
                2.94714E-03     -247.734E-09  
                2.9515E-03      -291.459E-09  
                2.95586E-03     -330.99E-09   
                2.96023E-03     -365.892E-09  
                2.96677E-03     -408.773E-09  
                2.97113E-03     -430.627E-09  
                2.9755E-03      -446.845E-09  
                2.98204E-03     -460.299E-09  
                2.9864E-03      -461.906E-09  
                2.99077E-03     -457.601E-09  
                2.99513E-03     -447.417E-09  
                3.00167E-03     -421.295E-09  
                3.00604E-03     -396.832E-09  
                3.0104E-03      -366.924E-09  
                3.01694E-03     -312.306E-09  
                3.0213E-03      -269.741E-09  
                3.02567E-03     -222.573E-09  
                3.03003E-03     -171.102E-09  
                3.03657E-03      -86.5339E-09 
                3.04094E-03      -25.7496E-09 
                3.0453E-03        38.1408E-09 
                3.05184E-03      138.993E-09  
                3.05621E-03      209.028E-09  
                3.06057E-03      280.871E-09  
                3.06711E-03      391.236E-09  
                3.07148E-03      466.044E-09  
                3.07584E-03      541.458E-09  
                3.0802E-03       617.183E-09  
                3.08675E-03      730.78E-09   
                3.09111E-03      806.196E-09  
                3.09547E-03      881.159E-09  
                3.10202E-03      992.509E-09  
                3.10638E-03        1.06594E-06
                3.11074E-03        1.13877E-06
                3.1151E-03         1.21108E-06
                3.12165E-03        1.31899E-06
                3.12601E-03        1.39097E-06
                3.13037E-03        1.46341E-06
                3.13692E-03        1.57403E-06
                3.14128E-03        1.64994E-06
                3.14564E-03        1.72838E-06
                3.15001E-03        1.81016E-06
                3.15655E-03        1.94099E-06
                3.16091E-03        2.03508E-06
                3.16528E-03        2.13586E-06
                3.17182E-03        2.302E-06  
                3.17618E-03        2.42439E-06
                3.18055E-03        2.55743E-06
                3.18709E-03        2.77951E-06
                3.19145E-03        2.94425E-06
                3.19582E-03        3.12364E-06
                3.20018E-03        3.31874E-06
                3.20672E-03        3.64306E-06
                3.21109E-03        3.88177E-06
                3.21545E-03        4.13948E-06
                3.22199E-03        4.56337E-06
                3.22636E-03        4.87185E-06
                3.23072E-03        5.20174E-06
                3.23508E-03        5.55354E-06
                3.24163E-03        6.12326E-06
                3.24599E-03        6.53157E-06
                3.25035E-03        6.96295E-06
                3.2569E-03         7.65362E-06
                3.26126E-03        8.14321E-06
                3.26562E-03        8.65607E-06
                3.27216E-03        9.46873E-06
                3.27653E-03       10.0391E-06 
                3.28089E-03       10.632E-06  
                3.28525E-03       11.2471E-06 
                3.2918E-03        12.2101E-06 
                3.29616E-03       12.8784E-06 
                3.30052E-03       13.567E-06  
                3.30707E-03       14.6363E-06 
                3.31143E-03       15.3724E-06 
                3.31579E-03       16.1263E-06 
                3.32016E-03       16.8971E-06 
                3.3267E-03        18.0832E-06 
                3.33106E-03       18.8926E-06 
                3.33543E-03       19.7159E-06 
                3.34197E-03       20.9753E-06 
                3.34633E-03       21.8298E-06 
                3.35069E-03       22.6954E-06 
                3.35506E-03       23.5712E-06 
                3.3616E-03        24.9023E-06 
                3.36596E-03       25.8002E-06 
                3.37033E-03       26.7056E-06 
                3.37687E-03       28.0762E-06 
                3.38123E-03       28.9971E-06 
                3.3856E-03        29.9229E-06 
                3.39214E-03       31.3194E-06 
                3.3965E-03        32.2545E-06 
                3.40087E-03       33.192E-06  
                3.40523E-03       34.1313E-06 
                3.41177E-03       35.5418E-06 
                3.41614E-03       36.4822E-06 
                3.4205E-03        37.4218E-06 
                3.42704E-03       38.8281E-06 
                3.43141E-03       39.7625E-06 
                3.43577E-03       40.6935E-06 
                3.44013E-03       41.6203E-06 
                3.44668E-03       43.001E-06  
                3.45104E-03       43.9141E-06 
                3.4554E-03        44.8202E-06 
                3.46195E-03       46.1647E-06 
                3.46631E-03       47.05E-06   
                3.47067E-03       47.9254E-06 
                3.47503E-03       48.7902E-06 
                3.48158E-03       50.0655E-06 
                3.48594E-03       50.8996E-06 
                3.4903E-03        51.7199E-06 
                3.49685E-03       52.922E-06  
                3.50121E-03       53.7032E-06 
                3.50557E-03       54.467E-06  
                3.51212E-03       55.5777E-06 
                3.51648E-03       56.2932E-06 
                3.52084E-03       56.9875E-06 
                3.52521E-03       57.6595E-06 
                3.53175E-03       58.6232E-06 
                3.53611E-03       59.2344E-06 
                3.54048E-03       59.8193E-06 
                3.54702E-03       60.645E-06  
                3.55138E-03       61.1594E-06 
                3.55575E-03       61.6437E-06 
                3.56011E-03       62.097E-06  
                3.56665E-03       62.7166E-06 
                3.57102E-03       63.0883E-06 
                3.57538E-03       63.4259E-06 
                3.58192E-03       63.8671E-06 
                3.58629E-03       64.1168E-06 
                3.59065E-03       64.3304E-06 
                3.59501E-03       64.5076E-06 
                3.60155E-03       64.7045E-06 
                3.60592E-03       64.7897E-06 
                3.61028E-03       64.8379E-06 
                3.61682E-03       64.8411E-06 
                3.62119E-03       64.7974E-06 
                3.62555E-03       64.7175E-06 
                3.63209E-03       64.5306E-06 
                3.63646E-03       64.362E-06  
                3.64082E-03       64.159E-06  
                3.64518E-03       63.9223E-06 
                3.65173E-03       63.5057E-06 
                3.65609E-03       63.1883E-06 
                3.66045E-03       62.8403E-06 
                3.667E-03         62.2631E-06 
                3.67136E-03       61.8431E-06 
                3.67572E-03       61.3963E-06 
                3.68008E-03       60.9238E-06 
                3.68663E-03       60.1695E-06 
                3.69099E-03       59.638E-06  
                3.69535E-03       59.0849E-06 
                3.7019E-03        58.2173E-06 
                3.70626E-03       57.6153E-06 
                3.71062E-03       56.9955E-06 
                3.71717E-03       56.0347E-06 
                3.72153E-03       55.3747E-06 
                3.72589E-03       54.7001E-06 
                3.73026E-03       54.0117E-06 
                3.7368E-03        52.9546E-06 
                3.74116E-03       52.2343E-06 
                3.74553E-03       51.5022E-06 
                3.75207E-03       50.3826E-06 
                3.75643E-03       49.6226E-06 
                3.7608E-03        48.8518E-06 
                3.76516E-03       48.0706E-06 
                3.7717E-03        46.8795E-06 
                3.77607E-03       46.0727E-06 
                3.78043E-03       45.2558E-06 
                3.78697E-03       44.0116E-06 
                3.79134E-03       43.1695E-06 
                3.7957E-03        42.3173E-06 
                3.80006E-03       41.455E-06  
                3.80661E-03       40.1424E-06 
                3.81097E-03       39.2545E-06 
                3.81533E-03       38.3563E-06 
                3.82188E-03       36.9897E-06 
                3.82624E-03       36.0656E-06 
                3.8306E-03        35.1311E-06 
                3.83714E-03       33.71E-06   
                3.84151E-03       32.7497E-06 
                3.84587E-03       31.7791E-06 
                3.85023E-03       30.7985E-06 
                3.85678E-03       29.3088E-06 
                3.86114E-03       28.3035E-06 
                3.8655E-03        27.2886E-06 
                3.87205E-03       25.7491E-06 
                3.87641E-03       24.7116E-06 
                3.88077E-03       23.6657E-06 
                3.88514E-03       22.6116E-06 
                3.89168E-03       21.0162E-06 
                3.89604E-03       19.9437E-06 
                3.90041E-03       18.8647E-06 
                3.90695E-03       17.235E-06  
                3.91131E-03       16.1419E-06 
                3.91568E-03       15.0443E-06 
                3.92004E-03       13.9426E-06 
                3.92658E-03       12.2839E-06 
                3.93095E-03       11.1749E-06 
                3.93531E-03       10.0641E-06 
                3.94186E-03        8.39569E-06
                3.94622E-03        7.28287E-06
                3.95058E-03        6.17029E-06
                3.95713E-03        4.50303E-06
                3.96149E-03        3.39335E-06
                3.96585E-03        2.28568E-06
                3.97022E-03        1.18043E-06
                3.97676E-03     -472.088E-09  
                3.98112E-03       -1.56972E-06
                3.98549E-03       -2.66379E-06
                3.99203E-03       -4.29778E-06
                3.9964E-03        -5.38212E-06
                4.00076E-03       -6.46235E-06
                4.00512E-03       -7.5384E-06 
                4.01167E-03       -9.14462E-06
                4.01603E-03      -10.2102E-06 
                4.02039E-03      -11.2718E-06 
                4.02694E-03      -12.8568E-06 
                4.0313E-03       -13.9087E-06 
                4.03567E-03      -14.9571E-06 
                4.04003E-03      -16.0022E-06 
                4.04657E-03      -17.564E-06  
                4.05094E-03      -18.6016E-06 
                4.0553E-03       -19.6368E-06 
                4.06184E-03      -21.1852E-06 
                4.06621E-03      -22.2149E-06 
                4.07057E-03      -23.2428E-06 
                4.07712E-03      -24.7817E-06 
                4.08148E-03      -25.8056E-06 
                4.08584E-03      -26.8282E-06 
                4.09021E-03      -27.8493E-06 
                4.09675E-03      -29.378E-06  
                4.10111E-03      -30.395E-06  
                4.10548E-03      -31.41E-06   
                4.11202E-03      -32.928E-06  
                4.11639E-03      -33.9364E-06 
                4.12075E-03      -34.9414E-06 
                4.12511E-03      -35.9423E-06 
                4.13166E-03      -37.4346E-06 
                4.13602E-03      -38.4222E-06 
                4.14038E-03      -39.4032E-06 
                4.14693E-03      -40.8599E-06 
                4.15129E-03      -41.8198E-06 
                4.15565E-03      -42.7694E-06 
                4.16002E-03      -43.7077E-06 
                4.16656E-03      -45.0911E-06 
                4.17093E-03      -45.9955E-06 
                4.17529E-03      -46.8843E-06 
                4.18183E-03      -48.185E-06  
                4.1862E-03       -49.0286E-06 
                4.19056E-03      -49.8518E-06 
                4.19711E-03      -51.0453E-06 
                4.20147E-03      -51.8114E-06 
                4.20583E-03      -52.5523E-06 
                4.2102E-03       -53.2666E-06 
                4.21674E-03      -54.2854E-06 
                4.2211E-03       -54.9277E-06 
                4.22547E-03      -55.539E-06  
                4.23201E-03      -56.3956E-06 
                4.23637E-03      -56.9247E-06 
                4.24074E-03      -57.4193E-06 
                4.2451E-03       -57.8783E-06 
                4.25165E-03      -58.4987E-06 
                4.25601E-03      -58.8659E-06 
                4.26037E-03      -59.1953E-06 
                4.26692E-03      -59.6178E-06 
                4.27128E-03      -59.8512E-06 
                4.27564E-03      -60.046E-06  
                4.28001E-03      -60.2019E-06 
                4.28655E-03      -60.3634E-06 
                4.29092E-03      -60.423E-06  
                4.29528E-03      -60.4445E-06 
                4.30182E-03      -60.4063E-06 
                4.30619E-03      -60.3347E-06 
                4.31055E-03      -60.2269E-06 
                4.31709E-03      -59.9988E-06 
                4.32146E-03      -59.8036E-06 
                4.32582E-03      -59.5748E-06 
                4.33018E-03      -59.3134E-06 
                4.33673E-03      -58.8621E-06 
                4.34109E-03      -58.5232E-06 
                4.34546E-03      -58.155E-06  
                4.352E-03        -57.5499E-06 
                4.35636E-03      -57.1129E-06 
                4.36073E-03      -56.6502E-06 
                4.36509E-03      -56.1627E-06 
                4.37163E-03      -55.3875E-06 
                4.376E-03        -54.8428E-06 
                4.38036E-03      -54.277E-06  
                4.38691E-03      -53.391E-06  
                4.39127E-03      -52.7769E-06 
                4.39563E-03      -52.1453E-06 
                4.40218E-03      -51.1671E-06 
                4.40654E-03      -50.496E-06  
                4.4109E-03       -49.8108E-06 
                4.41527E-03      -49.1124E-06 
                4.42181E-03      -48.0425E-06 
                4.42618E-03      -47.3158E-06 
                4.43054E-03      -46.5792E-06 
                4.43708E-03      -45.4584E-06 
                4.44145E-03      -44.7017E-06 
                4.44581E-03      -43.9386E-06 
                4.45017E-03      -43.17E-06   
                4.45672E-03      -42.0086E-06 
                4.46108E-03      -41.2301E-06 
                4.46545E-03      -40.449E-06  
                4.47199E-03      -39.2747E-06 
                4.47635E-03      -38.4912E-06 
                4.48072E-03      -37.7081E-06 
                4.48508E-03      -36.9262E-06 
                4.49162E-03      -35.7572E-06 
                4.49599E-03      -34.9814E-06 
                4.50035E-03      -34.2094E-06 
                4.5069E-03       -33.0599E-06 
                4.51126E-03      -32.3002E-06 
                4.51562E-03      -31.5465E-06 
                4.52217E-03      -30.4286E-06 
                4.52653E-03      -29.6926E-06 
                4.53089E-03      -28.9647E-06 
                4.53526E-03      -28.2456E-06 
                4.5418E-03       -27.1843E-06 
                4.54616E-03      -26.4892E-06 
                4.55053E-03      -25.8047E-06 
                4.55707E-03      -24.7988E-06 
                4.56144E-03      -24.143E-06  
                4.5658E-03       -23.4994E-06 
                4.57016E-03      -22.8688E-06 
                4.57671E-03      -21.9478E-06 
                4.58107E-03      -21.3513E-06 
                4.58543E-03      -20.7691E-06 
                4.59198E-03      -19.9239E-06 
                4.59634E-03      -19.3796E-06 
                4.60071E-03      -18.851E-06  
                4.60507E-03      -18.3385E-06 
                4.61161E-03      -17.6004E-06 
                4.61598E-03      -17.129E-06  
                4.62034E-03      -16.6744E-06 
                4.62688E-03      -16.0241E-06 
                4.63125E-03      -15.6116E-06 
                4.63561E-03      -15.2159E-06 
                4.64216E-03      -14.6534E-06 
                4.64652E-03      -14.2988E-06 
                4.65088E-03      -13.9602E-06 
                4.65525E-03      -13.6371E-06 
                4.66179E-03      -13.1808E-06 
                4.66615E-03      -12.8948E-06 
                4.67052E-03      -12.6226E-06 
                4.67706E-03      -12.2391E-06 
                4.68143E-03      -11.9989E-06 
                4.68579E-03      -11.7705E-06 
                4.69015E-03      -11.553E-06  
                4.6967E-03       -11.246E-06  
                4.70106E-03      -11.0531E-06 
                4.70542E-03      -10.8689E-06 
                4.71197E-03      -10.6075E-06 
                4.71633E-03      -10.4423E-06 
                4.7207E-03       -10.2837E-06 
                4.72506E-03      -10.1311E-06 
                4.7316E-03        -9.91262E-06
                4.73597E-03       -9.77317E-06
                4.74033E-03       -9.63824E-06
                4.74687E-03       -9.44348E-06
                4.75124E-03       -9.31827E-06
                4.7556E-03        -9.19641E-06
                4.76215E-03       -9.01931E-06
                4.76651E-03       -8.90467E-06
                4.77087E-03       -8.79251E-06
                4.77524E-03       -8.68261E-06
                4.78178E-03       -8.52155E-06
                4.78614E-03       -8.41641E-06
                4.79051E-03       -8.31284E-06
                4.79705E-03       -8.16003E-06
                4.80141E-03       -8.05959E-06
                4.80578E-03       -7.96009E-06
                4.81014E-03       -7.86139E-06
                4.81669E-03       -7.71445E-06
                4.82105E-03       -7.61703E-06
                4.82541E-03       -7.51989E-06
                4.83196E-03       -7.37443E-06
                4.83632E-03       -7.27747E-06
                4.84068E-03       -7.18042E-06
                4.84505E-03       -7.08318E-06
                4.85159E-03       -6.93685E-06
                4.85596E-03       -6.83889E-06
                4.86032E-03       -6.74057E-06
                4.86686E-03       -6.59232E-06
                4.87123E-03       -6.49295E-06
                4.87559E-03       -6.39311E-06
                4.88213E-03       -6.24245E-06
                4.8865E-03        -6.14139E-06
                4.89086E-03       -6.03981E-06
                4.89522E-03       -5.93769E-06
                4.90177E-03       -5.78343E-06
                4.90613E-03       -5.67985E-06
                4.9105E-03        -5.57562E-06
                4.91704E-03       -5.41799E-06
                4.9214E-03        -5.31198E-06
                4.92577E-03       -5.20518E-06
                4.93013E-03       -5.09754E-06
                4.93668E-03       -4.93439E-06
                4.94104E-03       -4.82443E-06
                4.9454E-03        -4.71348E-06
                4.95195E-03       -4.54509E-06
                4.95631E-03       -4.43149E-06
                4.96067E-03       -4.31682E-06
                4.96504E-03       -4.20108E-06
                4.97158E-03       -4.02551E-06
                4.97594E-03       -3.90724E-06
                4.98031E-03       -3.78807E-06
                4.98685E-03       -3.60786E-06
                4.99122E-03       -3.48694E-06
                4.99558E-03       -3.36559E-06
                5.00212E-03       -3.18317E-06
                5.00649E-03       -3.06161E-06
                5.01085E-03       -2.9404E-06 
                5.01521E-03       -2.8198E-06 
                5.02176E-03       -2.64071E-06
                5.02612E-03       -2.52299E-06
                5.03049E-03       -2.407E-06  
                5.03703E-03       -2.237E-06  
                5.04139E-03       -2.12686E-06
                5.04576E-03       -2.01967E-06
                5.05012E-03       -1.9158E-06 
                5.05666E-03       -1.76697E-06
                5.06103E-03       -1.67288E-06
                5.06539E-03       -1.58325E-06
                5.07194E-03       -1.4578E-06 
                5.0763E-03        -1.38054E-06
                5.08066E-03       -1.30863E-06
                5.08503E-03       -1.24227E-06
                5.09157E-03       -1.15347E-06
                5.09593E-03       -1.10159E-06
                5.1003E-03        -1.05564E-06
                5.10684E-03     -997.908E-09  
                5.11121E-03     -966.85E-09   
                5.11557E-03     -941.668E-09  
                5.12211E-03     -914.686E-09  
                5.12648E-03     -903.682E-09  
                5.13084E-03     -898.053E-09  
                5.1352E-03      -897.583E-09  
                5.14175E-03     -906.002E-09  
                5.14611E-03     -917.284E-09  
                5.15047E-03     -932.738E-09  
                5.15702E-03     -962.99E-09   
                5.16138E-03     -987.339E-09  
                5.16575E-03       -1.01458E-06
                5.17011E-03       -1.0443E-06 
                5.17665E-03       -1.09261E-06
                5.18102E-03       -1.12666E-06
                5.18538E-03       -1.16166E-06
                5.19193E-03       -1.21496E-06
                5.19629E-03       -1.25036E-06
                5.20065E-03       -1.28511E-06
                5.20502E-03       -1.31878E-06
                5.21156E-03       -1.36628E-06
                5.21592E-03       -1.39534E-06
                5.22029E-03       -1.42185E-06
                5.22683E-03       -1.45602E-06
                5.23119E-03       -1.47459E-06
                5.23556E-03       -1.48944E-06
                5.2421E-03        -1.5042E-06 
                5.24647E-03       -1.50873E-06
                5.25083E-03       -1.50882E-06
                5.25519E-03       -1.50437E-06
                5.26174E-03       -1.48906E-06
                5.2661E-03        -1.47309E-06
                5.27046E-03       -1.45258E-06
                5.27701E-03       -1.41352E-06
                5.28137E-03       -1.38218E-06
                5.28574E-03       -1.34682E-06
                5.2901E-03        -1.3077E-06 
                5.29664E-03       -1.24255E-06
                5.30101E-03       -1.19527E-06
                5.30537E-03       -1.14531E-06
                5.31191E-03       -1.06612E-06
                5.31628E-03       -1.01105E-06
                5.32064E-03     -954.616E-09  
                5.325E-03       -897.221E-09  
                5.33155E-03     -810.192E-09  
                5.33591E-03     -752.127E-09  
                5.34028E-03     -694.478E-09  
                5.34682E-03     -609.609E-09  
                5.35118E-03     -554.624E-09  
                5.35555E-03     -501.314E-09  
                5.36209E-03     -425.185E-09  
                5.36646E-03     -377.417E-09  
                5.37082E-03     -332.348E-09  
                5.37518E-03     -290.217E-09  
                5.38173E-03     -232.986E-09  
                5.38609E-03     -199.068E-09  
                5.39045E-03     -168.708E-09  
                5.397E-03       -130.082E-09  
                5.40136E-03     -109.054E-09  
                5.40572E-03      -91.8561E-09 
                5.41009E-03      -78.5035E-09 
                5.41663E-03      -65.6486E-09 
                5.421E-03        -61.7952E-09 
                5.42536E-03      -61.63E-09   
                5.4319E-03       -68.0761E-09 
                5.43627E-03      -76.6541E-09 
                5.44063E-03      -88.4863E-09 
                5.44718E-03     -111.971E-09  
                5.45154E-03     -131.185E-09  
                5.4559E-03      -153.016E-09  
                5.46027E-03     -177.254E-09  
                5.46681E-03     -217.649E-09  
                5.47117E-03     -246.944E-09  
                5.47554E-03     -277.861E-09  
                5.48208E-03     -326.769E-09  
                5.48644E-03     -360.719E-09  
                5.49081E-03     -395.47E-09   
                5.49517E-03     -430.788E-09  
                5.50172E-03     -484.319E-09  
                5.50608E-03     -520.045E-09  
                5.51044E-03     -555.54E-09   
                5.51699E-03     -607.878E-09  
                5.52135E-03     -641.863E-09  
                5.52571E-03     -674.89E-09   
                5.53008E-03     -706.768E-09  
                5.53662E-03     -752.047E-09  
                5.54099E-03     -780.303E-09  
                5.54535E-03     -806.841E-09  
                5.55189E-03     -843.148E-09  
                5.55626E-03     -864.86E-09   
                5.56062E-03     -884.474E-09  
                5.56716E-03     -909.82E-09   
                5.57153E-03     -923.942E-09  
                5.57589E-03     -935.823E-09  
                5.58025E-03     -945.471E-09  
                5.5868E-03      -955.822E-09  
                5.59116E-03     -960.054E-09  
                5.59553E-03     -962.24E-09   
                5.60207E-03     -961.9E-09    
                5.60643E-03     -959.429E-09  
                5.6108E-03      -955.316E-09  
                5.61516E-03     -949.705E-09  
                5.62171E-03     -938.812E-09  
                5.62607E-03     -930.13E-09   
                5.63043E-03     -920.497E-09  
                5.63698E-03     -904.611E-09  
                5.64134E-03     -893.285E-09  
                5.6457E-03      -881.54E-09   
                5.65007E-03     -869.511E-09  
                5.65661E-03     -851.2E-09    
                5.66097E-03     -838.972E-09  
                5.66534E-03     -826.837E-09  
                5.67188E-03     -808.974E-09  
                5.67625E-03     -797.378E-09  
                5.68061E-03     -786.088E-09  
                5.68715E-03     -769.789E-09  
                5.69152E-03     -759.374E-09  
                5.69588E-03     -749.328E-09  
                5.70024E-03     -739.65E-09   
                5.70679E-03     -725.804E-09  
                5.71115E-03     -717.001E-09  
                5.71552E-03     -708.522E-09  
                5.72206E-03     -696.367E-09  
                5.72642E-03     -688.616E-09  
                5.73079E-03     -681.126E-09  
                5.73515E-03     -673.884E-09  
                5.74169E-03     -663.463E-09  
                5.74606E-03     -656.799E-09  
                5.75042E-03     -650.36E-09   
                5.75697E-03     -641.122E-09  
                5.76133E-03     -635.253E-09  
                5.76569E-03     -629.623E-09  
                5.77006E-03     -624.243E-09  
                5.7766E-03      -616.667E-09  
                5.78096E-03     -611.964E-09  
                5.78533E-03     -607.553E-09  
                5.79187E-03     -601.507E-09  
                5.79624E-03     -597.87E-09   
                5.8006E-03      -594.554E-09  
                5.80714E-03     -590.181E-09  
                5.81151E-03     -587.662E-09  
                5.81587E-03     -585.448E-09  
                5.82023E-03     -583.524E-09  
                5.82678E-03     -581.133E-09  
                5.83114E-03     -579.828E-09  
                5.8355E-03      -578.714E-09  
                5.84205E-03     -577.311E-09  
                5.84641E-03     -576.486E-09  
                5.85078E-03     -575.688E-09  
                5.85514E-03     -574.863E-09  
                5.86168E-03     -573.446E-09  
                5.86605E-03     -572.294E-09  
                5.87041E-03     -570.905E-09  
                5.87696E-03     -568.248E-09  
                5.88132E-03     -566.011E-09  
                5.88568E-03     -563.338E-09  
                5.89004E-03     -560.181E-09  
                5.89659E-03     -554.443E-09  
                5.90095E-03     -549.895E-09  
                5.90532E-03     -544.734E-09  
                5.91186E-03     -535.797E-09  
                5.91622E-03     -529.02E-09   
                5.92059E-03     -521.582E-09  
                5.92713E-03     -509.186E-09  
                5.9315E-03      -500.107E-09  
                5.93586E-03     -490.392E-09  
                5.94022E-03     -480.061E-09  
                5.94677E-03     -463.461E-09  
                5.95113E-03     -451.7E-09    
                5.95549E-03     -439.421E-09  
                5.96204E-03     -420.111E-09  
                5.9664E-03      -406.701E-09  
                5.97077E-03     -392.913E-09  
                5.97513E-03     -378.795E-09  
                5.98167E-03     -357.111E-09  
                5.98604E-03     -342.4E-09    
                5.9904E-03      -327.559E-09  
                5.99694E-03     -305.201E-09  
                6.00131E-03     -290.341E-09  
                6.00567E-03     -275.611E-09  
                6.01003E-03     -261.098E-09  
                6.01658E-03     -239.935E-09  
                6.02094E-03     -226.371E-09  
                6.02531E-03     -213.359E-09  
                6.03185E-03     -195.094E-09  
                6.03621E-03     -183.896E-09  
                6.04058E-03     -173.594E-09  
                6.04712E-03     -160.013E-09  
                6.05149E-03     -152.323E-09  
                6.05585E-03     -145.803E-09  
                6.06021E-03     -140.508E-09  
                6.06676E-03     -134.941E-09  
                6.07112E-03     -132.841E-09  
                6.07548E-03     -132.028E-09  
                6.08203E-03     -133.168E-09  
                6.08639E-03     -135.433E-09  
                6.09075E-03     -138.824E-09  
                6.09512E-03     -143.251E-09  
                6.10166E-03     -151.603E-09  
                6.10603E-03     -158.129E-09  
                6.11039E-03     -165.258E-09  
                6.11693E-03     -176.748E-09  
                6.1213E-03      -184.701E-09  
                6.12566E-03     -192.693E-09  
                6.13002E-03     -200.551E-09  
                6.13657E-03     -211.711E-09  
                6.14093E-03     -218.486E-09  
                6.14529E-03     -224.541E-09  
                6.15184E-03     -231.934E-09  
                6.1562E-03      -235.528E-09  
                6.16057E-03     -237.903E-09  
                6.16711E-03     -238.924E-09  
                6.17147E-03     -237.766E-09  
                6.17584E-03     -235.038E-09  
                6.1802E-03      -230.672E-09  
                6.18675E-03     -220.935E-09  
                6.19111E-03     -212.265E-09  
                6.19547E-03     -201.828E-09  
                6.20202E-03     -182.846E-09  
                6.20638E-03     -167.986E-09  
                6.21074E-03     -151.385E-09  
                6.21511E-03     -133.077E-09  
                6.22165E-03     -102.506E-09  
                6.22601E-03      -80.128E-09  
                6.23038E-03      -56.2213E-09 
                6.23692E-03      -17.6404E-09 
                6.24129E-03        9.78959E-09
                6.24565E-03       38.4991E-09 
                6.25001E-03       68.41E-09   
                6.25656E-03      115.355E-09  
                6.26092E-03      147.92E-09   
                6.26528E-03      181.409E-09  
                6.27183E-03      233.204E-09  
                6.27619E-03      268.669E-09  
                6.28056E-03      304.799E-09  
                6.2871E-03       360.104E-09  
                6.29146E-03      397.63E-09   
                6.29583E-03      435.623E-09  
                6.30019E-03      474.04E-09   
                6.30674E-03      532.396E-09  
                6.3111E-03       571.755E-09  
                6.31546E-03      611.469E-09  
                6.32201E-03      671.719E-09  
                6.32637E-03      712.37E-09   
                6.33073E-03      753.451E-09  
                6.3351E-03       795.018E-09  
                6.34164E-03      858.437E-09  
                6.346E-03        901.563E-09  
                6.35037E-03      945.499E-09  
                6.35691E-03        1.01322E-06
                6.36128E-03        1.0598E-06 
                6.36564E-03        1.10774E-06
                6.37E-03           1.15724E-06
                6.37655E-03        1.2349E-06 
                6.38091E-03        1.28929E-06
                6.38527E-03        1.34607E-06
                6.39182E-03        1.43634E-06
                6.39618E-03        1.50034E-06
                6.40054E-03        1.56773E-06
                6.40709E-03        1.67588E-06
                6.41145E-03        1.75312E-06
                6.41582E-03        1.83484E-06
                6.42018E-03        1.92135E-06
                6.42672E-03        2.06072E-06
                6.43109E-03        2.16046E-06
                6.43545E-03        2.26597E-06
                6.442E-03          2.43558E-06
                6.44636E-03        2.55656E-06
                6.45072E-03        2.68407E-06
                6.45509E-03        2.8183E-06 
                6.46163E-03        3.03254E-06
                6.46599E-03        3.18413E-06
                6.47036E-03        3.34281E-06
                6.4769E-03         3.59425E-06
                6.48126E-03        3.77084E-06
                6.48563E-03        3.9546E-06 
                6.49217E-03        4.24359E-06
                6.49654E-03        4.44506E-06
                6.5009E-03         4.65348E-06
                6.50526E-03        4.86877E-06
                6.51181E-03        5.20429E-06
                6.51617E-03        5.43619E-06
                6.52053E-03        5.6745E-06 
                6.52708E-03        6.04366E-06
                6.53144E-03        6.29733E-06
                6.53581E-03        6.55686E-06
                6.54017E-03        6.8221E-06 
                6.54671E-03        7.23026E-06
                6.55108E-03        7.509E-06  
                6.55544E-03        7.79283E-06
                6.56198E-03        8.22775E-06
                6.56635E-03        8.52355E-06
                6.57071E-03        8.82382E-06
                6.57507E-03        9.12838E-06
                6.58162E-03        9.59285E-06
                6.58598E-03        9.90732E-06
                6.59035E-03       10.2254E-06 
                6.59689E-03       10.709E-06  
                6.60125E-03       11.0353E-06 
                6.60562E-03       11.3646E-06 
                6.61216E-03       11.8636E-06 
                6.61653E-03       12.1994E-06 
                6.62089E-03       12.5374E-06 
                6.62525E-03       12.8775E-06 
                6.6318E-03        13.391E-06  
                6.63616E-03       13.7353E-06 
                6.64052E-03       14.0809E-06 
                6.64707E-03       14.6013E-06 
                6.65143E-03       14.9493E-06 
                6.65579E-03       15.2979E-06 
                6.66016E-03       15.6467E-06 
                6.6667E-03        16.1702E-06 
                6.67107E-03       16.5189E-06 
                6.67543E-03       16.8671E-06 
                6.68197E-03       17.3878E-06 
                6.68634E-03       17.7335E-06 
                6.6907E-03        18.0777E-06 
                6.69506E-03       18.4201E-06 
                6.70161E-03       18.9296E-06 
                6.70597E-03       19.266E-06  
                6.71034E-03       19.5994E-06 
                6.71688E-03       20.0929E-06 
                6.72124E-03       20.4169E-06 
                6.72561E-03       20.7363E-06 
                6.73215E-03       21.206E-06  
                6.73651E-03       21.5121E-06 
                6.74088E-03       21.8119E-06 
                6.74524E-03       22.1049E-06 
                6.75179E-03       22.5304E-06 
                6.75615E-03       22.8039E-06 
                6.76051E-03       23.0687E-06 
                6.76706E-03       23.4479E-06 
                6.77142E-03       23.688E-06  
                6.77578E-03       23.9172E-06 
                6.78015E-03       24.1348E-06 
                6.78669E-03       24.4382E-06 
                6.79106E-03       24.6243E-06 
                6.79542E-03       24.7968E-06 
                6.80196E-03       25.0288E-06 
                6.80633E-03       25.1649E-06 
                6.81069E-03       25.2855E-06 
                6.81505E-03       25.3902E-06 
                6.8216E-03        25.5165E-06 
                6.82596E-03       25.5797E-06 
                6.83032E-03       25.6256E-06 
                6.83687E-03       25.6616E-06 
                6.84123E-03       25.6634E-06 
                6.8456E-03        25.6472E-06 
                6.85214E-03       25.589E-06  
                6.8565E-03        25.5275E-06 
                6.86087E-03       25.4479E-06 
                6.86523E-03       25.3501E-06 
                6.87178E-03       25.1699E-06 
                6.87614E-03       25.0275E-06 
                6.8805E-03        24.8677E-06 
                6.88705E-03       24.5957E-06 
                6.89141E-03       24.3934E-06 
                6.89577E-03       24.1746E-06 
                6.90014E-03       23.9399E-06 
                6.90668E-03       23.5586E-06 
                6.91104E-03       23.2858E-06 
                6.91541E-03       22.9985E-06 
                6.92195E-03       22.5418E-06 
                6.92632E-03       22.221E-06  
                6.93068E-03       21.8877E-06 
                6.93504E-03       21.5426E-06 
                6.94159E-03       21.0043E-06 
                6.94595E-03       20.6325E-06 
                6.95031E-03       20.2513E-06 
                6.95686E-03       19.6631E-06 
                6.96122E-03       19.2613E-06 
                6.96559E-03       18.8524E-06 
                6.97213E-03       18.2278E-06 
                6.97649E-03       17.8048E-06 
                6.98086E-03       17.3776E-06 
                6.98522E-03       16.9468E-06 
                6.99176E-03       16.2959E-06 
                6.99613E-03       15.8598E-06 
                7.00049E-03       15.4229E-06 
                7.00704E-03       14.768E-06  
                7.0114E-03        14.3327E-06 
                7.01576E-03       13.8994E-06 
                7.02013E-03       13.4689E-06 
                7.02667E-03       12.83E-06   
                7.03103E-03       12.4097E-06 
                7.0354E-03        11.9949E-06 
                7.04194E-03       11.3845E-06 
                7.04631E-03       10.9865E-06 
                7.05067E-03       10.5965E-06 
                7.05503E-03       10.2152E-06 
                7.06158E-03        9.66131E-06
                7.06594E-03        9.30506E-06
                7.0703E-03         8.96006E-06
                7.07685E-03        8.4652E-06 
                7.08121E-03        8.15142E-06
                7.08557E-03        7.85137E-06
                7.09212E-03        7.42856E-06
                7.09648E-03        7.16588E-06
                7.10085E-03        6.91939E-06
                7.10521E-03        6.68977E-06
                7.11175E-03        6.37848E-06
                7.11612E-03        6.19405E-06
                7.12048E-03        6.02888E-06
                7.12703E-03        5.8187E-06 
                7.13139E-03        5.70457E-06
                7.13575E-03        5.61199E-06
                7.14011E-03        5.54156E-06
                7.14666E-03        5.47877E-06
                7.15102E-03        5.4663E-06 
                7.15539E-03        5.47797E-06
                7.16193E-03        5.54186E-06
                7.16629E-03        5.61605E-06
                7.17066E-03        5.71602E-06
                7.17502E-03        5.84215E-06
                7.18157E-03        6.08115E-06
                7.18593E-03        6.27411E-06
                7.19029E-03        6.49426E-06
                7.19684E-03        6.87585E-06
                7.2012E-03         7.16467E-06
                7.20556E-03        7.48112E-06
                7.21211E-03        8.00763E-06
                7.21647E-03        8.39312E-06
                7.22083E-03        8.80606E-06
                7.2252E-03         9.24632E-06
                7.23174E-03        9.95741E-06
                7.23611E-03       10.4649E-06 
                7.24047E-03       10.9987E-06 
                7.24701E-03       11.848E-06  
                7.25138E-03       12.446E-06  
                7.25574E-03       13.0688E-06 
                7.2601E-03        13.7159E-06 
                7.26665E-03       14.7309E-06 
                7.27101E-03       15.4362E-06 
                7.27538E-03       16.1638E-06 
                7.28192E-03       17.2951E-06 
                7.28628E-03       18.0751E-06 
                7.29065E-03       18.8747E-06 
                7.29501E-03       19.6931E-06 
                7.30156E-03       20.9545E-06 
                7.30592E-03       21.8167E-06 
                7.31028E-03       22.6948E-06 
                7.31683E-03       24.0403E-06 
                7.32119E-03       24.9548E-06 
                7.32555E-03       25.8823E-06 
                7.3321E-03        27.2961E-06 
                7.33646E-03       28.2524E-06 
                7.34082E-03       29.2187E-06 
                7.34519E-03       30.1942E-06 
                7.35173E-03       31.6728E-06 
                7.3561E-03        32.6676E-06 
                7.36046E-03       33.6687E-06 
                7.367E-03         35.1807E-06 
                7.37137E-03       36.1945E-06 
                7.37573E-03       37.2122E-06 
                7.38009E-03       38.233E-06  
                7.38664E-03       39.769E-06  
                7.391E-03         40.7952E-06 
                7.39536E-03       41.8227E-06 
                7.40191E-03       43.3651E-06 
                7.40627E-03       44.3936E-06 
                7.41064E-03       45.4217E-06 
                7.41718E-03       46.9626E-06 
                7.42154E-03       47.9884E-06 
                7.42591E-03       49.0129E-06 
                7.43027E-03       50.0357E-06 
                7.43682E-03       51.5664E-06 
                7.44118E-03       52.5843E-06 
                7.44554E-03       53.6E-06    
                7.45209E-03       55.119E-06  
                7.45645E-03       56.1287E-06 
                7.46081E-03       57.1357E-06 
                7.46518E-03       58.1402E-06 
                7.47172E-03       59.6421E-06 
                7.47608E-03       60.6401E-06 
                7.48045E-03       61.6355E-06 
                7.48699E-03       63.1238E-06 
                7.49136E-03       64.1128E-06 
                7.49572E-03       65.0994E-06 
                7.50008E-03       66.0836E-06 
                7.50663E-03       67.5556E-06 
                7.51099E-03       68.5342E-06 
                7.51535E-03       69.5106E-06 
                7.5219E-03        70.9715E-06 
                7.52626E-03       71.9432E-06 
                7.53063E-03       72.913E-06  
                7.53717E-03       74.3649E-06 
                7.54153E-03       75.3309E-06 
                7.5459E-03        76.2957E-06 
                7.55026E-03       77.2592E-06 
                7.55681E-03       78.7025E-06 
                7.56117E-03       79.6636E-06 
                7.56553E-03       80.6238E-06 
                7.57208E-03       82.0628E-06 
                7.57644E-03       83.0214E-06 
                7.5808E-03        83.9795E-06 
                7.58517E-03       84.9371E-06 
                7.59171E-03       86.3728E-06 
                7.59607E-03       87.3293E-06 
                7.60044E-03       88.2855E-06 
                7.60698E-03       89.7188E-06 
                7.61135E-03       90.6736E-06 
                7.61571E-03       91.6277E-06 
                7.62007E-03       92.5811E-06 
                7.62662E-03       94.0092E-06 
                7.63098E-03       94.9596E-06 
                7.63534E-03       95.9086E-06 
                7.64189E-03       97.3284E-06 
                7.64625E-03       98.2721E-06 
                7.65061E-03       99.2131E-06 
                7.65716E-03      100.619E-06  
                7.66152E-03      101.551E-06  
                7.66589E-03      102.479E-06  
                7.67025E-03      103.402E-06  
                7.67679E-03      104.776E-06  
                7.68116E-03      105.685E-06  
                7.68552E-03      106.586E-06  
                7.69207E-03      107.923E-06  
                7.69643E-03      108.803E-06  
                7.70079E-03      109.673E-06  
                7.70516E-03      110.533E-06  
                7.7117E-03       111.802E-06  
                7.71606E-03      112.631E-06  
                7.72043E-03      113.447E-06  
                7.72697E-03      114.643E-06  
                7.73133E-03      115.421E-06  
                7.7357E-03       116.181E-06  
                7.74006E-03      116.923E-06  
                7.74661E-03      118.E-06     
                7.75097E-03      118.692E-06  
                7.75533E-03      119.361E-06  
                7.76188E-03      120.323E-06  
                7.76624E-03      120.933E-06  
                7.7706E-03       121.518E-06  
                7.77715E-03      122.344E-06  
                7.78151E-03      122.859E-06  
                7.78588E-03      123.346E-06  
                7.79024E-03      123.801E-06  
                7.79678E-03      124.426E-06  
                7.80115E-03      124.801E-06  
                7.80551E-03      125.143E-06  
                7.81205E-03      125.592E-06  
                7.81642E-03      125.846E-06  
                7.82078E-03      126.064E-06  
                7.82514E-03      126.245E-06  
                7.83169E-03      126.446E-06  
                7.83605E-03      126.533E-06  
                7.84041E-03      126.581E-06  
                7.84695E-03      126.579E-06  
                7.85132E-03      126.529E-06  
                7.85568E-03      126.44E-06   
                7.86004E-03      126.311E-06  
                7.86658E-03      126.044E-06  
                7.87095E-03      125.816E-06  
                7.87531E-03      125.55E-06   
                7.88185E-03      125.077E-06  
                7.88621E-03      124.715E-06  
                7.89058E-03      124.314E-06  
                7.89712E-03      123.643E-06  
                7.90148E-03      123.151E-06  
                7.90584E-03      122.622E-06  
                7.91021E-03      122.059E-06  
                7.91675E-03      121.15E-06   
                7.92111E-03      120.503E-06  
                7.92548E-03      119.824E-06  
                7.93202E-03      118.747E-06  
                7.93638E-03      117.992E-06  
                7.94074E-03      117.209E-06  
                7.94511E-03      116.399E-06  
                7.95165E-03      115.134E-06  
                7.95601E-03      114.259E-06  
                7.96037E-03      113.362E-06  
                7.96692E-03      111.974E-06  
                7.97128E-03      111.023E-06  
                7.97564E-03      110.053E-06  
                7.98E-03         109.065E-06  
                7.98655E-03      107.551E-06  
                7.99091E-03      106.523E-06  
                7.99527E-03      105.481E-06  
                8.00182E-03      103.894E-06  
                8.00618E-03      102.822E-06  
                8.01054E-03      101.74E-06   
                8.01708E-03      100.102E-06  
                8.02145E-03       98.9998E-06 
                8.02581E-03       97.8917E-06 
                8.03017E-03       96.7785E-06 
                8.03671E-03       95.1011E-06 
                8.04108E-03       93.9791E-06 
                8.04544E-03       92.8552E-06 
                8.05198E-03       91.1676E-06 
                8.05634E-03       90.0426E-06 
                8.06071E-03       88.9186E-06 
                8.06507E-03       87.7963E-06 
                8.07161E-03       86.1177E-06 
                8.07597E-03       85.0028E-06 
                8.08034E-03       83.8921E-06 
                8.08688E-03       82.235E-06  
                8.09124E-03       81.1372E-06 
                8.0956E-03        80.0457E-06 
                8.10215E-03       78.421E-06  
                8.10651E-03       77.3472E-06 
                8.11087E-03       76.2813E-06 
                8.11524E-03       75.2238E-06 
                8.12178E-03       73.6543E-06 
                8.12614E-03       72.6197E-06 
                8.1305E-03        71.595E-06  
                8.13705E-03       70.0772E-06 
                8.14141E-03       69.0788E-06 
                8.14577E-03       68.0915E-06 
                8.15013E-03       67.1155E-06 
                8.15668E-03       65.6738E-06 
                8.16104E-03       64.7278E-06 
                8.1654E-03        63.7942E-06 
                8.17195E-03       62.4178E-06 
                8.17631E-03       61.5164E-06 
                8.18067E-03       60.6283E-06 
                8.18503E-03       59.7537E-06 
                8.19158E-03       58.4675E-06 
                8.19594E-03       57.6273E-06 
                8.2003E-03        56.8013E-06 
                8.20684E-03       55.5888E-06 
                8.21121E-03       54.7983E-06 
                8.21557E-03       54.0223E-06 
                8.22211E-03       52.8855E-06 
                8.22647E-03       52.1457E-06 
                8.23084E-03       51.4205E-06 
                8.2352E-03        50.7099E-06 
                8.24174E-03       49.6711E-06 
                8.24611E-03       48.9966E-06 
                8.25047E-03       48.3365E-06 
                8.25701E-03       47.373E-06  
                8.26137E-03       46.7482E-06 
                8.26574E-03       46.1374E-06 
                8.2701E-03        45.5404E-06 
                8.27664E-03       44.6702E-06 
                8.281E-03         44.1066E-06 
                8.28537E-03       43.556E-06  
                8.29191E-03       42.754E-06  
                8.29627E-03       42.2347E-06 
                8.30063E-03       41.7274E-06 
                8.30718E-03       40.9883E-06 
                8.31154E-03       40.5096E-06 
                8.3159E-03        40.0417E-06 
                8.32026E-03       39.5842E-06 
                8.32681E-03       38.9166E-06 
                8.33117E-03       38.4833E-06 
                8.33553E-03       38.059E-06  
                8.34208E-03       37.4385E-06 
                8.34644E-03       37.0347E-06 
                8.3508E-03        36.6383E-06 
                8.35516E-03       36.2488E-06 
                8.36171E-03       35.6765E-06 
                8.36607E-03       35.3022E-06 
                8.37043E-03       34.9332E-06 
                8.37698E-03       34.3884E-06 
                8.38134E-03       34.0305E-06 
                8.3857E-03        33.676E-06  
                8.39006E-03       33.3247E-06 
                8.39661E-03       32.8026E-06 
                8.40097E-03       32.457E-06  
                8.40533E-03       32.113E-06  
                8.41187E-03       31.5989E-06 
                8.41623E-03       31.2569E-06 
                8.4206E-03        30.915E-06  
                8.42714E-03       30.4015E-06 
                8.4315E-03        30.0582E-06 
                8.43587E-03       29.7139E-06 
                8.44023E-03       29.3681E-06 
                8.44677E-03       28.8462E-06 
                8.45113E-03       28.4957E-06 
                8.4555E-03        28.143E-06  
                8.46204E-03       27.6092E-06 
                8.4664E-03        27.25E-06   
                8.47076E-03       26.888E-06  
                8.47513E-03       26.5232E-06 
                8.48167E-03       25.9704E-06 
                8.48603E-03       25.5982E-06 
                8.49039E-03       25.223E-06  
                8.49694E-03       24.655E-06  
                8.5013E-03        24.2729E-06 
                8.50566E-03       23.8882E-06 
                8.51003E-03       23.501E-06  
                8.51657E-03       22.9163E-06 
                8.52093E-03       22.524E-06  
                8.52529E-03       22.1302E-06 
                8.53184E-03       21.537E-06  
                8.5362E-03        21.1405E-06 
                8.54056E-03       20.7435E-06 
                8.5471E-03        20.1478E-06 
                8.55147E-03       19.7513E-06 
                8.55583E-03       19.3556E-06 
                8.56019E-03       18.9613E-06 
                8.56674E-03       18.3734E-06 
                8.5711E-03        17.9844E-06 
                8.57546E-03       17.5985E-06 
                8.582E-03         17.0261E-06 
                8.58637E-03       16.6496E-06 
                8.59073E-03       16.2778E-06 
                8.59509E-03       15.9111E-06 
                8.60163E-03       15.3717E-06 
                8.606E-03         15.0199E-06 
                8.61036E-03       14.6749E-06 
                8.6169E-03        14.1711E-06 
                8.62126E-03       13.8449E-06 
                8.62563E-03       13.527E-06  
                8.63217E-03       13.0664E-06 
                8.63653E-03       12.7707E-06 
                8.64089E-03       12.4845E-06 
                8.64526E-03       12.208E-06  
                8.6518E-03        11.812E-06  
                8.65616E-03       11.5608E-06 
                8.66053E-03       11.32E-06   
                8.66707E-03       10.9786E-06 
                8.67143E-03       10.7644E-06 
                8.67579E-03       10.5607E-06 
                8.68016E-03       10.3677E-06 
                8.6867E-03        10.0979E-06 
                8.69106E-03        9.9311E-06 
                8.69542E-03        9.77446E-06
                8.70197E-03        9.55812E-06
                8.70633E-03        9.42595E-06
                8.71069E-03        9.30305E-06
                8.71505E-03        9.18908E-06
                8.7216E-03         9.03404E-06
                8.72596E-03        8.94067E-06
                8.73032E-03        8.85476E-06
                8.73687E-03        8.73884E-06
                8.74123E-03        8.66944E-06
                8.74559E-03        8.60572E-06
                8.75213E-03        8.51958E-06
                8.7565E-03         8.46762E-06
                8.76086E-03        8.41936E-06
                8.76522E-03        8.37421E-06
                8.77176E-03        8.31103E-06
                8.77613E-03        8.27108E-06
                8.78049E-03        8.23219E-06
                8.78703E-03        8.1746E-06 
                8.79139E-03        8.13588E-06
                8.79576E-03        8.09627E-06
                8.80012E-03        8.05525E-06
                8.80666E-03        7.98999E-06
                8.81102E-03        7.94331E-06
                8.81539E-03        7.8936E-06 
                8.82193E-03        7.81245E-06
                8.82629E-03        7.75345E-06
                8.83066E-03        7.69016E-06
                8.83502E-03        7.62228E-06
                8.84156E-03        7.51139E-06
                8.84592E-03        7.43112E-06
                8.85029E-03        7.34563E-06
                8.85683E-03        7.2074E-06 
                8.86119E-03        7.10853E-06
                8.86555E-03        7.0043E-06 
                8.8721E-03         6.83803E-06
                8.87646E-03        6.72073E-06
                8.88082E-03        6.59845E-06
                8.88518E-03        6.47141E-06
                8.89173E-03        6.27241E-06
                8.89609E-03        6.13455E-06
                8.90045E-03        5.9929E-06 
                8.907E-03          5.77412E-06
                8.91136E-03        5.62463E-06
                8.91572E-03        5.47272E-06
                8.92008E-03        5.31883E-06
                8.92663E-03        5.08528E-06
                8.93099E-03        4.92847E-06
                8.93535E-03        4.77135E-06
                8.94189E-03        4.53614E-06
                8.94626E-03        4.38038E-06
                8.95062E-03        4.22603E-06
                8.95716E-03        3.99822E-06
                8.96152E-03        3.84952E-06
                8.96589E-03        3.70389E-06
                8.97025E-03        3.56177E-06
                8.97679E-03        3.35612E-06
                8.98116E-03        3.2246E-06 
                8.98552E-03        3.09797E-06
                8.99206E-03        2.91795E-06
                8.99642E-03        2.80498E-06
                9.00079E-03        2.69796E-06
                9.00515E-03        2.59711E-06
                9.01169E-03        2.45784E-06
                9.01605E-03        2.37322E-06
                9.02042E-03        2.2953E-06 
                9.02696E-03        2.19117E-06
                9.03132E-03        2.13029E-06
                9.03568E-03        2.07624E-06
                9.04005E-03        2.02896E-06
                9.04659E-03        1.97057E-06
                9.05095E-03        1.93982E-06
                9.05532E-03        1.91543E-06
                9.06186E-03        1.89037E-06
                9.06622E-03        1.88101E-06
                9.07058E-03        1.87724E-06
                9.07713E-03        1.88144E-06
                9.08149E-03        1.89036E-06
                9.08585E-03        1.90379E-06
                9.09021E-03        1.92139E-06
                9.09676E-03        1.95479E-06
                9.10112E-03        1.98116E-06
                9.10548E-03        2.01036E-06
                9.11202E-03        2.05859E-06
                9.11639E-03        2.09309E-06
                9.12075E-03        2.129E-06  
                9.12511E-03        2.1659E-06 
                9.13165E-03        2.22221E-06
                9.13602E-03        2.25981E-06
                9.14038E-03        2.29702E-06
                9.14692E-03        2.35124E-06
                9.15129E-03        2.38581E-06
                9.15565E-03        2.41872E-06
                9.16001E-03        2.44965E-06
                9.16655E-03        2.49168E-06
                9.17092E-03        2.51639E-06
                9.17528E-03        2.53817E-06
                9.18182E-03        2.56488E-06
                9.18618E-03        2.57844E-06
                9.19055E-03        2.58842E-06
                9.19709E-03        2.59644E-06
                9.20145E-03        2.59701E-06
                9.20581E-03        2.5937E-06 
                9.21018E-03        2.58649E-06
                9.21672E-03        2.56835E-06
                9.22108E-03        2.55143E-06
                9.22544E-03        2.53072E-06
                9.23199E-03        2.49275E-06
                9.23635E-03        2.46301E-06
                9.24071E-03        2.42989E-06
                9.24508E-03        2.39356E-06
                9.25162E-03        2.33344E-06
                9.25598E-03        2.28991E-06
                9.26034E-03        2.24387E-06
                9.26689E-03        2.17062E-06
                9.27125E-03        2.11935E-06
                9.27561E-03        2.06643E-06
                9.28216E-03        1.98452E-06
                9.28652E-03        1.92863E-06
                9.29088E-03        1.87203E-06
                9.29524E-03        1.81498E-06
                9.30179E-03        1.72918E-06
                9.30615E-03        1.67222E-06
                9.31051E-03        1.61575E-06
                9.31705E-03        1.53256E-06
                9.32142E-03        1.47846E-06
                9.32578E-03        1.42573E-06
                9.33014E-03        1.3746E-06 
                9.33668E-03        1.30137E-06
                9.34105E-03        1.25516E-06
                9.34541E-03        1.21126E-06
                9.35195E-03        1.15009E-06
                9.35631E-03        1.11265E-06
                9.36068E-03        1.07804E-06
                9.36504E-03        1.04636E-06
                9.37158E-03        1.00455E-06
                9.37595E-03      980.572E-09  
                9.38031E-03      959.77E-09   
                9.38685E-03      934.566E-09  
                9.39121E-03      921.762E-09  
                9.39558E-03      912.131E-09  
                9.40212E-03      903.532E-09  
                9.40648E-03      901.6E-09    
                9.41084E-03      902.606E-09  
                9.41521E-03      906.444E-09  
                9.42175E-03      917.237E-09  
                9.42611E-03      927.585E-09  
                9.43047E-03      940.273E-09  
                9.43702E-03      963.323E-09  
                9.44138E-03      981.106E-09  
                9.44574E-03        1.0006E-06 
                9.4501E-03         1.02161E-06
                9.45665E-03        1.05554E-06
                9.46101E-03        1.07947E-06
                9.46537E-03        1.10422E-06
                9.47192E-03        1.14244E-06
                9.47628E-03        1.16838E-06
                9.48064E-03        1.19447E-06
                9.485E-03          1.22054E-06
                9.49155E-03        1.25923E-06
                9.49591E-03        1.28453E-06
                9.50027E-03        1.30928E-06
                9.50681E-03        1.3451E-06 
                9.51118E-03        1.36794E-06
                9.51554E-03        1.38986E-06
                9.52208E-03        1.42084E-06
                9.52644E-03        1.44014E-06
                9.53081E-03        1.45831E-06
                9.53517E-03        1.47533E-06
                9.54171E-03        1.4987E-06 
                9.54607E-03        1.51283E-06
                9.55044E-03        1.52584E-06
                9.55698E-03        1.54333E-06
                9.56134E-03        1.55372E-06
                9.56571E-03        1.56318E-06
                9.57007E-03        1.57177E-06
                9.57661E-03        1.58324E-06
                9.58097E-03        1.5901E-06 
                9.58534E-03        1.59646E-06
                9.59188E-03        1.60534E-06
                9.59624E-03        1.61101E-06
                9.6006E-03         1.61665E-06
                9.60715E-03        1.6254E-06 
                9.61151E-03        1.63165E-06
                9.61587E-03        1.63843E-06
                9.62023E-03        1.64591E-06
                9.62678E-03        1.6588E-06 
                9.63114E-03        1.66876E-06
                9.6355E-03         1.68003E-06
                9.64205E-03        1.69975E-06
                9.64641E-03        1.71503E-06
                9.65077E-03        1.7322E-06 
                9.65513E-03        1.75142E-06
                9.66168E-03        1.78444E-06
                9.66604E-03        1.80945E-06
                9.6704E-03         1.83701E-06
                9.67694E-03        1.88341E-06
                9.68131E-03        1.91786E-06
                9.68567E-03        1.95524E-06
                9.69003E-03        1.99564E-06
                9.69658E-03        2.06201E-06
                9.70094E-03        2.1102E-06 
                9.7053E-03         2.16157E-06
                9.71184E-03        2.24465E-06
                9.71621E-03        2.30407E-06
                9.72057E-03        2.3667E-06 
                9.72711E-03        2.46663E-06
                9.73147E-03        2.53719E-06
                9.73584E-03        2.61085E-06
                9.7402E-03         2.68756E-06
                9.74674E-03        2.80823E-06
                9.7511E-03         2.8923E-06 
                9.75547E-03        2.97919E-06
                9.76201E-03        3.11463E-06
                9.76637E-03        3.2082E-06 
                9.77073E-03        3.3043E-06 
                9.7751E-03         3.40283E-06
                9.78164E-03        3.555E-06  
                9.786E-03          3.6592E-06 
                9.79036E-03        3.76551E-06
                9.79691E-03        3.9287E-06 
                9.80127E-03        4.03983E-06
                9.80563E-03        4.15271E-06
                9.81218E-03        4.32508E-06
                9.81654E-03        4.44188E-06
                9.8209E-03         4.56007E-06
                9.82526E-03        4.67952E-06
                9.83181E-03        4.86084E-06
                9.83617E-03        4.98299E-06
                9.84053E-03        5.10601E-06
                9.84707E-03        5.29193E-06
                9.85144E-03        5.41663E-06
                9.8558E-03         5.54178E-06
                9.86016E-03        5.66728E-06
                9.8667E-03         5.85589E-06
                9.87107E-03        5.9817E-06 
                9.87543E-03        6.10742E-06
                9.88197E-03        6.29557E-06
                9.88634E-03        6.42053E-06
                9.8907E-03         6.54498E-06
                9.89506E-03        6.6688E-06 
                9.9016E-03         6.85309E-06
                9.90597E-03        6.97481E-06
                9.91033E-03        7.09549E-06
                9.91687E-03        7.27431E-06
                9.92123E-03        7.39189E-06
                9.9256E-03         7.50803E-06
                9.93214E-03        7.67928E-06
                9.9365E-03         7.79131E-06
                9.94086E-03        7.9015E-06 
                9.94523E-03        8.00972E-06
                9.95177E-03        8.16809E-06
                9.95613E-03        8.27085E-06
                9.96049E-03        8.3712E-06 
                9.96704E-03        8.51692E-06
                9.9714E-03         8.61066E-06
                9.97576E-03        8.70151E-06
                9.98013E-03        8.78932E-06
                9.98646E-03        8.91106E-06
                9.9905E-03         8.98509E-06
                9.99631E-03        9.08593E-06
               10.E-03             9.14664E-06




